team,opponent,player_name,position,position_id,line,line_id,jersey_number,injury_status,game_time_decision,scrape_date,team_slug,player_id
chicago-blackhawks,st-louis-blues,Spencer Knight,Starting Goalie,g1,Goalies,g,30.0,,False,,,
chicago-blackhawks,st-louis-blues,Arvid Soderblom,Backup Goalie,g2,Goalies,g,40.0,,False,,,
seattle-kraken,utah-hockey-club,Joey Daccord,Starting Goalie,g1,Goalies,g,35.0,,False,,,
seattle-kraken,utah-hockey-club,Philipp Grubauer,Backup Goalie,g2,Goalies,g,31.0,,False,,,
st-louis-blues,chicago-blackhawks,Joel Hofer,Starting Goalie,g1,Goalies,g,30.0,,False,,,
st-louis-blues,chicago-blackhawks,Jordan Binnington,Backup Goalie,g2,Goalies,g,50.0,,False,,,
utah-hockey-club,seattle-kraken,Karel Vejmelka,Starting Goalie,g1,Goalies,g,70.0,,False,,,
utah-hockey-club,seattle-kraken,Vitek Vanecek,Backup Goalie,g2,Goalies,g,41.0,,False,,,
chicago-blackhawks,st-louis-blues,Spencer Knight,Starting Goalie,g1,Goalies,g,30.0,,False,2025-12-12,,
chicago-blackhawks,st-louis-blues,Arvid Soderblom,Backup Goalie,g2,Goalies,g,40.0,,False,2025-12-12,,
seattle-kraken,utah-hockey-club,Joey Daccord,Starting Goalie,g1,Goalies,g,35.0,,False,2025-12-12,,
seattle-kraken,utah-hockey-club,Philipp Grubauer,Backup Goalie,g2,Goalies,g,31.0,,False,2025-12-12,,
st-louis-blues,chicago-blackhawks,Joel Hofer,Starting Goalie,g1,Goalies,g,30.0,,False,2025-12-12,,
st-louis-blues,chicago-blackhawks,Jordan Binnington,Backup Goalie,g2,Goalies,g,50.0,,False,2025-12-12,,
utah-hockey-club,seattle-kraken,Karel Vejmelka,Starting Goalie,g1,Goalies,g,70.0,,False,2025-12-12,,
utah-hockey-club,seattle-kraken,Vitek Vanecek,Backup Goalie,g2,Goalies,g,41.0,,False,2025-12-12,,
anaheim-ducks,new-jersey-devils,Lukas Dostal,Starting Goalie,g1,Goalies,g,1.0,,False,2025-12-13,,
anaheim-ducks,new-jersey-devils,Ville Husso,Backup Goalie,g2,Goalies,g,33.0,,False,2025-12-13,,
calgary-flames,los-angeles-kings,Dustin Wolf,Starting Goalie,g1,Goalies,g,32.0,,False,2025-12-13,,
calgary-flames,los-angeles-kings,Devin Cooley,Backup Goalie,g2,Goalies,g,,,False,2025-12-13,,
carolina-hurricanes,philadelphia-flyers,Brandon Bussi,Starting Goalie,g1,Goalies,g,32.0,,False,2025-12-13,,
carolina-hurricanes,philadelphia-flyers,Pyotr Kochetkov,Backup Goalie,g2,Goalies,g,52.0,,False,2025-12-13,,
chicago-blackhawks,detroit-red-wings,Arvid Soderblom,Starting Goalie,g1,Goalies,g,40.0,,False,2025-12-13,,
chicago-blackhawks,detroit-red-wings,Spencer Knight,Backup Goalie,g2,Goalies,g,30.0,,False,2025-12-13,,
colorado-avalanche,nashville-predators,Mackenzie Blackwood,Starting Goalie,g1,Goalies,g,39.0,,False,2025-12-13,,
columbus-blue-jackets,vegas-golden-knights,Jet Greaves,Starting Goalie,g1,Goalies,g,,,False,2025-12-13,,
columbus-blue-jackets,vegas-golden-knights,Elvis Merzlikins,Backup Goalie,g2,Goalies,g,90.0,,False,2025-12-13,,
dallas-stars,florida-panthers,Jake Oettinger,Starting Goalie,g1,Goalies,g,29.0,,False,2025-12-13,,
dallas-stars,florida-panthers,Casey DeSmith,Backup Goalie,g2,Goalies,g,1.0,,False,2025-12-13,,
detroit-red-wings,chicago-blackhawks,John Gibson,Starting Goalie,g1,Goalies,g,36.0,,False,2025-12-13,,
detroit-red-wings,chicago-blackhawks,Cam Talbot,Backup Goalie,g2,Goalies,g,39.0,,False,2025-12-13,,
edmonton-oilers,toronto-maple-leafs,Tristan Jarry,Starting Goalie,g1,Goalies,g,,,False,2025-12-13,,
edmonton-oilers,toronto-maple-leafs,Calvin Pickard,Backup Goalie,g2,Goalies,g,30.0,,False,2025-12-13,,
florida-panthers,dallas-stars,Sergei Bobrovsky,Starting Goalie,g1,Goalies,g,72.0,,False,2025-12-13,,
florida-panthers,dallas-stars,Daniil Tarasov,Backup Goalie,g2,Goalies,g,40.0,,False,2025-12-13,,
los-angeles-kings,calgary-flames,Darcy Kuemper,Starting Goalie,g1,Goalies,g,35.0,,False,2025-12-13,,
los-angeles-kings,calgary-flames,Anton Forsberg,Backup Goalie,g2,Goalies,g,31.0,,False,2025-12-13,,
minnesota-wild,ottawa-senators,Jesper Wallstedt,Starting Goalie,g1,Goalies,g,,,False,2025-12-13,,
minnesota-wild,ottawa-senators,Filip Gustavsson,Backup Goalie,g2,Goalies,g,32.0,,False,2025-12-13,,
montreal-canadiens,new-york-rangers,Jacob Fowler,Starting Goalie,g1,Goalies,g,,,False,2025-12-13,,
montreal-canadiens,new-york-rangers,Jakub Dobes,Backup Goalie,g2,Goalies,g,75.0,,False,2025-12-13,,
nashville-predators,colorado-avalanche,Juuse Saros,Starting Goalie,g1,Goalies,g,74.0,,False,2025-12-13,,
nashville-predators,colorado-avalanche,Justus Annunen,Backup Goalie,g2,Goalies,g,29.0,,False,2025-12-13,,
new-jersey-devils,anaheim-ducks,Jake Allen,Starting Goalie,g1,Goalies,g,34.0,,False,2025-12-13,,
new-jersey-devils,anaheim-ducks,Jacob Markstrom,Backup Goalie,g2,Goalies,g,25.0,,False,2025-12-13,,
new-york-islanders,tampa-bay-lightning,Ilya Sorokin,Starting Goalie,g1,Goalies,g,30.0,,False,2025-12-13,,
new-york-islanders,tampa-bay-lightning,David Rittich,Backup Goalie,g2,Goalies,g,31.0,,False,2025-12-13,,
new-york-rangers,montreal-canadiens,Igor Shesterkin,Starting Goalie,g1,Goalies,g,31.0,,False,2025-12-13,,
new-york-rangers,montreal-canadiens,Jonathan Quick,Backup Goalie,g2,Goalies,g,32.0,,False,2025-12-13,,
ottawa-senators,minnesota-wild,Linus Ullmark,Starting Goalie,g1,Goalies,g,35.0,,False,2025-12-13,,
ottawa-senators,minnesota-wild,Leevi Merilainen,Backup Goalie,g2,Goalies,g,1.0,,False,2025-12-13,,
philadelphia-flyers,carolina-hurricanes,Dan Vladar,Starting Goalie,g1,Goalies,g,80.0,,False,2025-12-13,,
philadelphia-flyers,carolina-hurricanes,Samuel Ersson,Backup Goalie,g2,Goalies,g,33.0,,False,2025-12-13,,
pittsburgh-penguins,san-jose-sharks,Arturs Silovs,Starting Goalie,g1,Goalies,g,,,False,2025-12-13,,
pittsburgh-penguins,san-jose-sharks,Sergei Murashov,Backup Goalie,g2,Goalies,g,1.0,,False,2025-12-13,,
san-jose-sharks,pittsburgh-penguins,Yaroslav Askarov,Starting Goalie,g1,Goalies,g,30.0,,False,2025-12-13,,
san-jose-sharks,pittsburgh-penguins,Alex Nedeljkovic,Backup Goalie,g2,Goalies,g,33.0,,False,2025-12-13,,
tampa-bay-lightning,new-york-islanders,Jonas Johansson,Starting Goalie,g1,Goalies,g,31.0,,False,2025-12-13,,
tampa-bay-lightning,new-york-islanders,Brandon Halverson,Backup Goalie,g2,Goalies,g,,,False,2025-12-13,,
toronto-maple-leafs,edmonton-oilers,Dennis Hildeby,Starting Goalie,g1,Goalies,g,,,False,2025-12-13,,
toronto-maple-leafs,edmonton-oilers,Artur Akhtyamov,Backup Goalie,g2,Goalies,g,,,False,2025-12-13,,
vegas-golden-knights,columbus-blue-jackets,Carter Hart,Starting Goalie,g1,Goalies,g,79.0,,False,2025-12-13,,
vegas-golden-knights,columbus-blue-jackets,Akira Schmid,Backup Goalie,g2,Goalies,g,40.0,,False,2025-12-13,,
washington-capitals,winnipeg-jets,Logan Thompson,Starting Goalie,g1,Goalies,g,48.0,,False,2025-12-13,,
washington-capitals,winnipeg-jets,Charlie Lindgren,Backup Goalie,g2,Goalies,g,79.0,,False,2025-12-13,,
winnipeg-jets,washington-capitals,Connor Hellebuyck,Starting Goalie,g1,Goalies,g,37.0,,False,2025-12-13,,
winnipeg-jets,washington-capitals,Eric Comrie,Backup Goalie,g2,Goalies,g,1.0,,False,2025-12-13,,
boston-bruins,minnesota-wild,Jeremy Swayman,Starting Goalie,g1,Goalies,g,1.0,,False,2025-12-14,,
boston-bruins,minnesota-wild,Joonas Korpisalo,Backup Goalie,g2,Goalies,g,70.0,,False,2025-12-14,,
buffalo-sabres,seattle-kraken,Alex Lyon,Starting Goalie,g1,Goalies,g,34.0,,False,2025-12-14,,
buffalo-sabres,seattle-kraken,Ukko-Pekka Luukkonen,Backup Goalie,g2,Goalies,g,1.0,,False,2025-12-14,,
carolina-hurricanes,philadelphia-flyers,Brandon Bussi,Starting Goalie,g1,Goalies,g,32.0,,False,2025-12-14,,
carolina-hurricanes,philadelphia-flyers,Pyotr Kochetkov,Backup Goalie,g2,Goalies,g,52.0,,False,2025-12-14,,
edmonton-oilers,montreal-canadiens,Calvin Pickard,Starting Goalie,g1,Goalies,g,30.0,,False,2025-12-14,,
edmonton-oilers,montreal-canadiens,Tristan Jarry,Backup Goalie,g2,Goalies,g,,,False,2025-12-14,,
minnesota-wild,boston-bruins,Filip Gustavsson,Starting Goalie,g1,Goalies,g,32.0,,False,2025-12-14,,
minnesota-wild,boston-bruins,Jesper Wallstedt,Backup Goalie,g2,Goalies,g,,,False,2025-12-14,,
montreal-canadiens,edmonton-oilers,Jakub Dobes,Starting Goalie,g1,Goalies,g,75.0,,False,2025-12-14,,
montreal-canadiens,edmonton-oilers,Jacob Fowler,Backup Goalie,g2,Goalies,g,,,False,2025-12-14,,
new-jersey-devils,vancouver-canucks,Jacob Markstrom,Starting Goalie,g1,Goalies,g,25.0,,False,2025-12-14,,
new-jersey-devils,vancouver-canucks,Jake Allen,Backup Goalie,g2,Goalies,g,34.0,,False,2025-12-14,,
philadelphia-flyers,carolina-hurricanes,Dan Vladar,Starting Goalie,g1,Goalies,g,80.0,,False,2025-12-14,,
philadelphia-flyers,carolina-hurricanes,Samuel Ersson,Backup Goalie,g2,Goalies,g,33.0,,False,2025-12-14,,
pittsburgh-penguins,utah-hockey-club,Sergei Murashov,Starting Goalie,g1,Goalies,g,1.0,,False,2025-12-14,,
pittsburgh-penguins,utah-hockey-club,Arturs Silovs,Backup Goalie,g2,Goalies,g,,,False,2025-12-14,,
seattle-kraken,buffalo-sabres,Joey Daccord,Starting Goalie,g1,Goalies,g,35.0,,False,2025-12-14,,
seattle-kraken,buffalo-sabres,Philipp Grubauer,Backup Goalie,g2,Goalies,g,31.0,,False,2025-12-14,,
utah-hockey-club,pittsburgh-penguins,Karel Vejmelka,Starting Goalie,g1,Goalies,g,70.0,,False,2025-12-14,,
utah-hockey-club,pittsburgh-penguins,Vitek Vanecek,Backup Goalie,g2,Goalies,g,41.0,,False,2025-12-14,,
vancouver-canucks,new-jersey-devils,Kevin Lankinen,Starting Goalie,g1,Goalies,g,32.0,,False,2025-12-14,,
vancouver-canucks,new-jersey-devils,Thatcher Demko,Backup Goalie,g2,Goalies,g,35.0,,False,2025-12-14,,
anaheim-ducks,new-york-rangers,Lukas Dostal,Starting Goalie,g1,Goalies,g,1.0,,False,2025-12-15,,
anaheim-ducks,new-york-rangers,Ville Husso,Backup Goalie,g2,Goalies,g,33.0,,False,2025-12-15,,
dallas-stars,los-angeles-kings,Jake Oettinger,Starting Goalie,g1,Goalies,g,29.0,,False,2025-12-15,,
dallas-stars,los-angeles-kings,Casey DeSmith,Backup Goalie,g2,Goalies,g,1.0,,False,2025-12-15,,
florida-panthers,tampa-bay-lightning,Sergei Bobrovsky,Starting Goalie,g1,Goalies,g,72.0,,False,2025-12-15,,
florida-panthers,tampa-bay-lightning,Daniil Tarasov,Backup Goalie,g2,Goalies,g,40.0,,False,2025-12-15,,
los-angeles-kings,dallas-stars,Darcy Kuemper,Starting Goalie,g1,Goalies,g,35.0,,False,2025-12-15,,
los-angeles-kings,dallas-stars,Anton Forsberg,Backup Goalie,g2,Goalies,g,31.0,,False,2025-12-15,,
nashville-predators,st-louis-blues,Juuse Saros,Starting Goalie,g1,Goalies,g,74.0,,False,2025-12-15,,
nashville-predators,st-louis-blues,Justus Annunen,Backup Goalie,g2,Goalies,g,29.0,,False,2025-12-15,,
new-york-rangers,anaheim-ducks,Igor Shesterkin,Starting Goalie,g1,Goalies,g,31.0,,False,2025-12-15,,
new-york-rangers,anaheim-ducks,Jonathan Quick,Backup Goalie,g2,Goalies,g,32.0,,False,2025-12-15,,
ottawa-senators,winnipeg-jets,Linus Ullmark,Starting Goalie,g1,Goalies,g,35.0,,False,2025-12-15,,
ottawa-senators,winnipeg-jets,Leevi Merilainen,Backup Goalie,g2,Goalies,g,1.0,,False,2025-12-15,,
st-louis-blues,nashville-predators,Joel Hofer,Starting Goalie,g1,Goalies,g,30.0,,False,2025-12-15,,
st-louis-blues,nashville-predators,Jordan Binnington,Backup Goalie,g2,Goalies,g,50.0,,False,2025-12-15,,
tampa-bay-lightning,florida-panthers,Jonas Johansson,Starting Goalie,g1,Goalies,g,31.0,,False,2025-12-15,,
winnipeg-jets,ottawa-senators,Connor Hellebuyck,Starting Goalie,g1,Goalies,g,37.0,,False,2025-12-15,,
winnipeg-jets,ottawa-senators,Eric Comrie,Backup Goalie,g2,Goalies,g,1.0,,False,2025-12-15,,
anaheim-ducks,columbus-blue-jackets,Ville Husso,Starting Goalie,g1,Goalies,g,33.0,,False,2025-12-16,,
anaheim-ducks,columbus-blue-jackets,Lukas Dostal,Backup Goalie,g2,Goalies,g,1.0,,False,2025-12-16,,
boston-bruins,utah-hockey-club,Jeremy Swayman,Starting Goalie,g1,Goalies,g,1.0,,False,2025-12-16,,
boston-bruins,utah-hockey-club,Joonas Korpisalo,Backup Goalie,g2,Goalies,g,70.0,,False,2025-12-16,,
calgary-flames,san-jose-sharks,Dustin Wolf,Starting Goalie,g1,Goalies,g,32.0,,False,2025-12-16,,
calgary-flames,san-jose-sharks,Devin Cooley,Backup Goalie,g2,Goalies,g,,,False,2025-12-16,,
chicago-blackhawks,toronto-maple-leafs,Spencer Knight,Starting Goalie,g1,Goalies,g,30.0,,False,2025-12-16,,
chicago-blackhawks,toronto-maple-leafs,Arvid Soderblom,Backup Goalie,g2,Goalies,g,40.0,,False,2025-12-16,,
colorado-avalanche,seattle-kraken,Mackenzie Blackwood,Starting Goalie,g1,Goalies,g,39.0,,False,2025-12-16,,
columbus-blue-jackets,anaheim-ducks,Jet Greaves,Starting Goalie,g1,Goalies,g,,,False,2025-12-16,,
columbus-blue-jackets,anaheim-ducks,Elvis Merzlikins,Backup Goalie,g2,Goalies,g,90.0,,False,2025-12-16,,
detroit-red-wings,new-york-islanders,John Gibson,Starting Goalie,g1,Goalies,g,36.0,,False,2025-12-16,,
detroit-red-wings,new-york-islanders,Cam Talbot,Backup Goalie,g2,Goalies,g,39.0,,False,2025-12-16,,
edmonton-oilers,pittsburgh-penguins,Tristan Jarry,Starting Goalie,g1,Goalies,g,,,False,2025-12-16,,
edmonton-oilers,pittsburgh-penguins,Calvin Pickard,Backup Goalie,g2,Goalies,g,30.0,,False,2025-12-16,,
minnesota-wild,washington-capitals,Filip Gustavsson,Starting Goalie,g1,Goalies,g,32.0,,False,2025-12-16,,
minnesota-wild,washington-capitals,Jesper Wallstedt,Backup Goalie,g2,Goalies,g,,,False,2025-12-16,,
montreal-canadiens,philadelphia-flyers,Jakub Dobes,Starting Goalie,g1,Goalies,g,75.0,,False,2025-12-16,,
montreal-canadiens,philadelphia-flyers,Jacob Fowler,Backup Goalie,g2,Goalies,g,,,False,2025-12-16,,
new-york-islanders,detroit-red-wings,Ilya Sorokin,Starting Goalie,g1,Goalies,g,30.0,,False,2025-12-16,,
new-york-islanders,detroit-red-wings,David Rittich,Backup Goalie,g2,Goalies,g,31.0,,False,2025-12-16,,
new-york-rangers,vancouver-canucks,Igor Shesterkin,Starting Goalie,g1,Goalies,g,31.0,,False,2025-12-16,,
new-york-rangers,vancouver-canucks,Jonathan Quick,Backup Goalie,g2,Goalies,g,32.0,,False,2025-12-16,,
philadelphia-flyers,montreal-canadiens,Dan Vladar,Starting Goalie,g1,Goalies,g,80.0,,False,2025-12-16,,
philadelphia-flyers,montreal-canadiens,Samuel Ersson,Backup Goalie,g2,Goalies,g,33.0,,False,2025-12-16,,
pittsburgh-penguins,edmonton-oilers,Stuart Skinner,Starting Goalie,g1,Goalies,g,74.0,,False,2025-12-16,,
pittsburgh-penguins,edmonton-oilers,Arturs Silovs,Backup Goalie,g2,Goalies,g,,,False,2025-12-16,,
san-jose-sharks,calgary-flames,Yaroslav Askarov,Starting Goalie,g1,Goalies,g,30.0,,False,2025-12-16,,
san-jose-sharks,calgary-flames,Alex Nedeljkovic,Backup Goalie,g2,Goalies,g,33.0,,False,2025-12-16,,
seattle-kraken,colorado-avalanche,Joey Daccord,Starting Goalie,g1,Goalies,g,35.0,,False,2025-12-16,,
seattle-kraken,colorado-avalanche,Philipp Grubauer,Backup Goalie,g2,Goalies,g,31.0,,False,2025-12-16,,
toronto-maple-leafs,chicago-blackhawks,Dennis Hildeby,Starting Goalie,g1,Goalies,g,,,False,2025-12-16,,
toronto-maple-leafs,chicago-blackhawks,Artur Akhtyamov,Backup Goalie,g2,Goalies,g,,,False,2025-12-16,,
utah-hockey-club,boston-bruins,Karel Vejmelka,Starting Goalie,g1,Goalies,g,70.0,,False,2025-12-16,,
utah-hockey-club,boston-bruins,Vitek Vanecek,Backup Goalie,g2,Goalies,g,41.0,,False,2025-12-16,,
vancouver-canucks,new-york-rangers,Thatcher Demko,Starting Goalie,g1,Goalies,g,35.0,,False,2025-12-16,,
vancouver-canucks,new-york-rangers,Kevin Lankinen,Backup Goalie,g2,Goalies,g,32.0,,False,2025-12-16,,
washington-capitals,minnesota-wild,Logan Thompson,Starting Goalie,g1,Goalies,g,48.0,,False,2025-12-16,,
washington-capitals,minnesota-wild,Charlie Lindgren,Backup Goalie,g2,Goalies,g,79.0,,False,2025-12-16,,
carolina-hurricanes,nashville-predators,Brandon Bussi,Starting Goalie,g1,Goalies,g,32.0,,False,2025-12-17,,
carolina-hurricanes,nashville-predators,Pyotr Kochetkov,Backup Goalie,g2,Goalies,g,52.0,,False,2025-12-17,,
detroit-red-wings,utah-hockey-club,Cam Talbot,Starting Goalie,g1,Goalies,g,39.0,,False,2025-12-17,,
detroit-red-wings,utah-hockey-club,John Gibson,Backup Goalie,g2,Goalies,g,36.0,,False,2025-12-17,,
florida-panthers,los-angeles-kings,Sergei Bobrovsky,Starting Goalie,g1,Goalies,g,72.0,,False,2025-12-17,,
florida-panthers,los-angeles-kings,Daniil Tarasov,Backup Goalie,g2,Goalies,g,40.0,,False,2025-12-17,,
los-angeles-kings,florida-panthers,Anton Forsberg,Starting Goalie,g1,Goalies,g,31.0,,False,2025-12-17,,
los-angeles-kings,florida-panthers,Pheonix Copley,Backup Goalie,g2,Goalies,g,,,False,2025-12-17,,
nashville-predators,carolina-hurricanes,Juuse Saros,Starting Goalie,g1,Goalies,g,74.0,,False,2025-12-17,,
nashville-predators,carolina-hurricanes,Justus Annunen,Backup Goalie,g2,Goalies,g,29.0,,False,2025-12-17,,
new-jersey-devils,vegas-golden-knights,Jacob Markstrom,Starting Goalie,g1,Goalies,g,25.0,,False,2025-12-17,,
new-jersey-devils,vegas-golden-knights,Jake Allen,Backup Goalie,g2,Goalies,g,34.0,,False,2025-12-17,,
st-louis-blues,winnipeg-jets,Jordan Binnington,Starting Goalie,g1,Goalies,g,50.0,,False,2025-12-17,,
st-louis-blues,winnipeg-jets,Joel Hofer,Backup Goalie,g2,Goalies,g,30.0,,False,2025-12-17,,
utah-hockey-club,detroit-red-wings,Karel Vejmelka,Starting Goalie,g1,Goalies,g,70.0,,False,2025-12-17,,
utah-hockey-club,detroit-red-wings,Vitek Vanecek,Backup Goalie,g2,Goalies,g,41.0,,False,2025-12-17,,
vegas-golden-knights,new-jersey-devils,Carter Hart,Starting Goalie,g1,Goalies,g,79.0,,False,2025-12-17,,
vegas-golden-knights,new-jersey-devils,Akira Schmid,Backup Goalie,g2,Goalies,g,40.0,,False,2025-12-17,,
winnipeg-jets,st-louis-blues,Connor Hellebuyck,Starting Goalie,g1,Goalies,g,37.0,,False,2025-12-17,,
winnipeg-jets,st-louis-blues,Eric Comrie,Backup Goalie,g2,Goalies,g,1.0,,False,2025-12-17,,
boston-bruins,edmonton-oilers,Jeremy Swayman,Starting Goalie,g1,Goalies,g,1.0,,False,2025-12-18,,
boston-bruins,edmonton-oilers,Joonas Korpisalo,Backup Goalie,g2,Goalies,g,70.0,,False,2025-12-18,,
buffalo-sabres,philadelphia-flyers,Alex Lyon,Starting Goalie,g1,Goalies,g,34.0,,False,2025-12-18,,
buffalo-sabres,philadelphia-flyers,Ukko-Pekka Luukkonen,Backup Goalie,g2,Goalies,g,1.0,,False,2025-12-18,,
calgary-flames,seattle-kraken,Dustin Wolf,Starting Goalie,g1,Goalies,g,32.0,,False,2025-12-18,,
calgary-flames,seattle-kraken,Devin Cooley,Backup Goalie,g2,Goalies,g,,,False,2025-12-18,,
chicago-blackhawks,montreal-canadiens,Spencer Knight,Starting Goalie,g1,Goalies,g,30.0,,False,2025-12-18,,
chicago-blackhawks,montreal-canadiens,Arvid Soderblom,Backup Goalie,g2,Goalies,g,40.0,,False,2025-12-18,,
columbus-blue-jackets,minnesota-wild,Jet Greaves,Starting Goalie,g1,Goalies,g,,,False,2025-12-18,,
columbus-blue-jackets,minnesota-wild,Elvis Merzlikins,Backup Goalie,g2,Goalies,g,90.0,,False,2025-12-18,,
dallas-stars,san-jose-sharks,Jake Oettinger,Starting Goalie,g1,Goalies,g,29.0,,False,2025-12-18,,
dallas-stars,san-jose-sharks,Casey DeSmith,Backup Goalie,g2,Goalies,g,1.0,,False,2025-12-18,,
edmonton-oilers,boston-bruins,Tristan Jarry,Starting Goalie,g1,Goalies,g,,,False,2025-12-18,,
edmonton-oilers,boston-bruins,Calvin Pickard,Backup Goalie,g2,Goalies,g,30.0,,False,2025-12-18,,
los-angeles-kings,tampa-bay-lightning,Pheonix Copley,Starting Goalie,g1,Goalies,g,,,False,2025-12-18,,
los-angeles-kings,tampa-bay-lightning,Anton Forsberg,Backup Goalie,g2,Goalies,g,31.0,,False,2025-12-18,,
minnesota-wild,columbus-blue-jackets,Jesper Wallstedt,Starting Goalie,g1,Goalies,g,,,False,2025-12-18,,
minnesota-wild,columbus-blue-jackets,Filip Gustavsson,Backup Goalie,g2,Goalies,g,32.0,,False,2025-12-18,,
montreal-canadiens,chicago-blackhawks,Jakub Dobes,Starting Goalie,g1,Goalies,g,75.0,,False,2025-12-18,,
montreal-canadiens,chicago-blackhawks,Jacob Fowler,Backup Goalie,g2,Goalies,g,,,False,2025-12-18,,
new-york-rangers,st-louis-blues,Igor Shesterkin,Starting Goalie,g1,Goalies,g,31.0,,False,2025-12-18,,
new-york-rangers,st-louis-blues,Jonathan Quick,Backup Goalie,g2,Goalies,g,32.0,,False,2025-12-18,,
ottawa-senators,pittsburgh-penguins,Linus Ullmark,Starting Goalie,g1,Goalies,g,35.0,,False,2025-12-18,,
ottawa-senators,pittsburgh-penguins,Leevi Merilainen,Backup Goalie,g2,Goalies,g,1.0,,False,2025-12-18,,
philadelphia-flyers,buffalo-sabres,Dan Vladar,Starting Goalie,g1,Goalies,g,80.0,,False,2025-12-18,,
philadelphia-flyers,buffalo-sabres,Samuel Ersson,Backup Goalie,g2,Goalies,g,33.0,,False,2025-12-18,,
pittsburgh-penguins,ottawa-senators,Arturs Silovs,Starting Goalie,g1,Goalies,g,,,False,2025-12-18,,
pittsburgh-penguins,ottawa-senators,Stuart Skinner,Backup Goalie,g2,Goalies,g,74.0,,False,2025-12-18,,
san-jose-sharks,dallas-stars,Yaroslav Askarov,Starting Goalie,g1,Goalies,g,30.0,,False,2025-12-18,,
san-jose-sharks,dallas-stars,Alex Nedeljkovic,Backup Goalie,g2,Goalies,g,33.0,,False,2025-12-18,,
seattle-kraken,calgary-flames,Joey Daccord,Starting Goalie,g1,Goalies,g,35.0,,False,2025-12-18,,
seattle-kraken,calgary-flames,Philipp Grubauer,Backup Goalie,g2,Goalies,g,31.0,,False,2025-12-18,,
st-louis-blues,new-york-rangers,Joel Hofer,Starting Goalie,g1,Goalies,g,30.0,,False,2025-12-18,,
st-louis-blues,new-york-rangers,Jordan Binnington,Backup Goalie,g2,Goalies,g,50.0,,False,2025-12-18,,
tampa-bay-lightning,los-angeles-kings,Andrei Vasilevskiy,Starting Goalie,g1,Goalies,g,88.0,,True,2025-12-18,,
tampa-bay-lightning,los-angeles-kings,Jonas Johansson,Backup Goalie,g2,Goalies,g,31.0,,False,2025-12-18,,
toronto-maple-leafs,washington-capitals,Dennis Hildeby,Starting Goalie,g1,Goalies,g,,,False,2025-12-18,,
toronto-maple-leafs,washington-capitals,Joseph Woll,Backup Goalie,g2,Goalies,g,60.0,,False,2025-12-18,,
washington-capitals,toronto-maple-leafs,Logan Thompson,Starting Goalie,g1,Goalies,g,48.0,,False,2025-12-18,,
washington-capitals,toronto-maple-leafs,Charlie Lindgren,Backup Goalie,g2,Goalies,g,79.0,,False,2025-12-18,,
anaheim-ducks,dallas-stars,Lukas Dostal,Starting Goalie,g1,Goalies,g,1.0,,False,2025-12-19,,
anaheim-ducks,dallas-stars,Petr Mrazek,Backup Goalie,g2,Goalies,g,34.0,,False,2025-12-19,,
carolina-hurricanes,florida-panthers,Brandon Bussi,Starting Goalie,g1,Goalies,g,32.0,,False,2025-12-19,,
carolina-hurricanes,florida-panthers,Pyotr Kochetkov,Backup Goalie,g2,Goalies,g,52.0,,False,2025-12-19,,
colorado-avalanche,winnipeg-jets,Scott Wedgewood,Starting Goalie,g1,Goalies,g,41.0,,False,2025-12-19,,
colorado-avalanche,winnipeg-jets,Mackenzie Blackwood,Backup Goalie,g2,Goalies,g,39.0,,False,2025-12-19,,
dallas-stars,anaheim-ducks,Casey DeSmith,Starting Goalie,g1,Goalies,g,1.0,,False,2025-12-19,,
dallas-stars,anaheim-ducks,Jake Oettinger,Backup Goalie,g2,Goalies,g,29.0,,False,2025-12-19,,
florida-panthers,carolina-hurricanes,Sergei Bobrovsky,Starting Goalie,g1,Goalies,g,72.0,,False,2025-12-19,,
florida-panthers,carolina-hurricanes,Daniil Tarasov,Backup Goalie,g2,Goalies,g,40.0,,False,2025-12-19,,
new-jersey-devils,utah-hockey-club,Jacob Markstrom,Starting Goalie,g1,Goalies,g,25.0,,False,2025-12-19,,
new-jersey-devils,utah-hockey-club,Jake Allen,Backup Goalie,g2,Goalies,g,34.0,,False,2025-12-19,,
new-york-islanders,vancouver-canucks,Ilya Sorokin,Starting Goalie,g1,Goalies,g,30.0,,False,2025-12-19,,
new-york-islanders,vancouver-canucks,David Rittich,Backup Goalie,g2,Goalies,g,31.0,,False,2025-12-19,,
utah-hockey-club,new-jersey-devils,Karel Vejmelka,Starting Goalie,g1,Goalies,g,70.0,,False,2025-12-19,,
utah-hockey-club,new-jersey-devils,Vitek Vanecek,Backup Goalie,g2,Goalies,g,41.0,,False,2025-12-19,,
vancouver-canucks,new-york-islanders,Thatcher Demko,Starting Goalie,g1,Goalies,g,35.0,,False,2025-12-19,,
vancouver-canucks,new-york-islanders,Kevin Lankinen,Backup Goalie,g2,Goalies,g,32.0,,False,2025-12-19,,
winnipeg-jets,colorado-avalanche,Connor Hellebuyck,Starting Goalie,g1,Goalies,g,37.0,,False,2025-12-19,,
winnipeg-jets,colorado-avalanche,Eric Comrie,Backup Goalie,g2,Goalies,g,1.0,,False,2025-12-19,,
anaheim-ducks,columbus-blue-jackets,Petr Mrazek,Starting Goalie,g1,Goalies,g,34.0,,False,2025-12-20,,
anaheim-ducks,columbus-blue-jackets,Lukas Dostal,Backup Goalie,g2,Goalies,g,1.0,,False,2025-12-20,,
boston-bruins,vancouver-canucks,Jeremy Swayman,Starting Goalie,g1,Goalies,g,1.0,,False,2025-12-20,,
boston-bruins,vancouver-canucks,Joonas Korpisalo,Backup Goalie,g2,Goalies,g,70.0,,False,2025-12-20,,
buffalo-sabres,new-york-islanders,Alex Lyon,Starting Goalie,g1,Goalies,g,34.0,,False,2025-12-20,,
buffalo-sabres,new-york-islanders,Ukko-Pekka Luukkonen,Backup Goalie,g2,Goalies,g,1.0,,False,2025-12-20,,
calgary-flames,vegas-golden-knights,Dustin Wolf,Starting Goalie,g1,Goalies,g,32.0,,False,2025-12-20,,
calgary-flames,vegas-golden-knights,Devin Cooley,Backup Goalie,g2,Goalies,g,,,False,2025-12-20,,
carolina-hurricanes,tampa-bay-lightning,Brandon Bussi,Starting Goalie,g1,Goalies,g,32.0,,False,2025-12-20,,
carolina-hurricanes,tampa-bay-lightning,Pyotr Kochetkov,Backup Goalie,g2,Goalies,g,52.0,,False,2025-12-20,,
chicago-blackhawks,ottawa-senators,Spencer Knight,Starting Goalie,g1,Goalies,g,30.0,,False,2025-12-20,,
chicago-blackhawks,ottawa-senators,Arvid Soderblom,Backup Goalie,g2,Goalies,g,40.0,,False,2025-12-20,,
columbus-blue-jackets,anaheim-ducks,Jet Greaves,Starting Goalie,g1,Goalies,g,,,False,2025-12-20,,
columbus-blue-jackets,anaheim-ducks,Elvis Merzlikins,Backup Goalie,g2,Goalies,g,90.0,,False,2025-12-20,,
detroit-red-wings,washington-capitals,John Gibson,Starting Goalie,g1,Goalies,g,36.0,,False,2025-12-20,,
detroit-red-wings,washington-capitals,Cam Talbot,Backup Goalie,g2,Goalies,g,39.0,,False,2025-12-20,,
edmonton-oilers,minnesota-wild,Calvin Pickard,Starting Goalie,g1,Goalies,g,30.0,,False,2025-12-20,,
edmonton-oilers,minnesota-wild,Connor Ingram,Backup Goalie,g2,Goalies,g,39.0,,False,2025-12-20,,
florida-panthers,st-louis-blues,Daniil Tarasov,Starting Goalie,g1,Goalies,g,40.0,,False,2025-12-20,,
florida-panthers,st-louis-blues,Sergei Bobrovsky,Backup Goalie,g2,Goalies,g,72.0,,False,2025-12-20,,
minnesota-wild,edmonton-oilers,Filip Gustavsson,Starting Goalie,g1,Goalies,g,32.0,,False,2025-12-20,,
minnesota-wild,edmonton-oilers,Jesper Wallstedt,Backup Goalie,g2,Goalies,g,,,False,2025-12-20,,
montreal-canadiens,pittsburgh-penguins,Jakub Dobes,Starting Goalie,g1,Goalies,g,75.0,,False,2025-12-20,,
montreal-canadiens,pittsburgh-penguins,Jacob Fowler,Backup Goalie,g2,Goalies,g,32.0,,False,2025-12-20,,
nashville-predators,toronto-maple-leafs,Juuse Saros,Starting Goalie,g1,Goalies,g,74.0,,False,2025-12-20,,
nashville-predators,toronto-maple-leafs,Justus Annunen,Backup Goalie,g2,Goalies,g,29.0,,False,2025-12-20,,
new-york-islanders,buffalo-sabres,Ilya Sorokin,Starting Goalie,g1,Goalies,g,30.0,,False,2025-12-20,,
new-york-islanders,buffalo-sabres,David Rittich,Backup Goalie,g2,Goalies,g,31.0,,False,2025-12-20,,
new-york-rangers,philadelphia-flyers,Igor Shesterkin,Starting Goalie,g1,Goalies,g,31.0,,False,2025-12-20,,
new-york-rangers,philadelphia-flyers,Jonathan Quick,Backup Goalie,g2,Goalies,g,32.0,,False,2025-12-20,,
ottawa-senators,chicago-blackhawks,Linus Ullmark,Starting Goalie,g1,Goalies,g,35.0,,False,2025-12-20,,
ottawa-senators,chicago-blackhawks,Leevi Merilainen,Backup Goalie,g2,Goalies,g,1.0,,False,2025-12-20,,
philadelphia-flyers,new-york-rangers,Dan Vladar,Starting Goalie,g1,Goalies,g,80.0,,False,2025-12-20,,
philadelphia-flyers,new-york-rangers,Samuel Ersson,Backup Goalie,g2,Goalies,g,33.0,,False,2025-12-20,,
pittsburgh-penguins,montreal-canadiens,Stuart Skinner,Starting Goalie,g1,Goalies,g,74.0,,False,2025-12-20,,
pittsburgh-penguins,montreal-canadiens,Arturs Silovs,Backup Goalie,g2,Goalies,g,,,False,2025-12-20,,
san-jose-sharks,seattle-kraken,Yaroslav Askarov,Starting Goalie,g1,Goalies,g,30.0,,False,2025-12-20,,
san-jose-sharks,seattle-kraken,Alex Nedeljkovic,Backup Goalie,g2,Goalies,g,33.0,,False,2025-12-20,,
seattle-kraken,san-jose-sharks,Joey Daccord,Starting Goalie,g1,Goalies,g,35.0,,False,2025-12-20,,
seattle-kraken,san-jose-sharks,Philipp Grubauer,Backup Goalie,g2,Goalies,g,31.0,,False,2025-12-20,,
st-louis-blues,florida-panthers,Joel Hofer,Starting Goalie,g1,Goalies,g,30.0,,False,2025-12-20,,
st-louis-blues,florida-panthers,Jordan Binnington,Backup Goalie,g2,Goalies,g,50.0,,False,2025-12-20,,
tampa-bay-lightning,carolina-hurricanes,Andrei Vasilevskiy,Starting Goalie,g1,Goalies,g,88.0,,False,2025-12-20,,
tampa-bay-lightning,carolina-hurricanes,Jonas Johansson,Backup Goalie,g2,Goalies,g,31.0,,False,2025-12-20,,
toronto-maple-leafs,nashville-predators,Joseph Woll,Starting Goalie,g1,Goalies,g,60.0,,False,2025-12-20,,
toronto-maple-leafs,nashville-predators,Dennis Hildeby,Backup Goalie,g2,Goalies,g,,,False,2025-12-20,,
vancouver-canucks,boston-bruins,Thatcher Demko,Starting Goalie,g1,Goalies,g,35.0,,False,2025-12-20,,
vancouver-canucks,boston-bruins,Kevin Lankinen,Backup Goalie,g2,Goalies,g,32.0,,False,2025-12-20,,
vegas-golden-knights,calgary-flames,Carter Hart,Starting Goalie,g1,Goalies,g,79.0,,False,2025-12-20,,
vegas-golden-knights,calgary-flames,Akira Schmid,Backup Goalie,g2,Goalies,g,40.0,,False,2025-12-20,,
washington-capitals,detroit-red-wings,Logan Thompson,Starting Goalie,g1,Goalies,g,48.0,,False,2025-12-20,,
washington-capitals,detroit-red-wings,Charlie Lindgren,Backup Goalie,g2,Goalies,g,79.0,,False,2025-12-20,,
boston-bruins,ottawa-senators,Jeremy Swayman,Starting Goalie,g1,Goalies,g,1.0,,False,2025-12-21,,
boston-bruins,ottawa-senators,Joonas Korpisalo,Backup Goalie,g2,Goalies,g,70.0,,False,2025-12-21,,
buffalo-sabres,new-jersey-devils,Alex Lyon,Starting Goalie,g1,Goalies,g,34.0,,False,2025-12-21,,
buffalo-sabres,new-jersey-devils,Ukko-Pekka Luukkonen,Backup Goalie,g2,Goalies,g,1.0,,False,2025-12-21,,
colorado-avalanche,minnesota-wild,Scott Wedgewood,Starting Goalie,g1,Goalies,g,41.0,,False,2025-12-21,,
colorado-avalanche,minnesota-wild,Mackenzie Blackwood,Backup Goalie,g2,Goalies,g,39.0,,False,2025-12-21,,
dallas-stars,toronto-maple-leafs,Casey DeSmith,Starting Goalie,g1,Goalies,g,1.0,,False,2025-12-21,,
dallas-stars,toronto-maple-leafs,Jake Oettinger,Backup Goalie,g2,Goalies,g,29.0,,False,2025-12-21,,
detroit-red-wings,washington-capitals,John Gibson,Starting Goalie,g1,Goalies,g,36.0,,False,2025-12-21,,
detroit-red-wings,washington-capitals,Cam Talbot,Backup Goalie,g2,Goalies,g,39.0,,False,2025-12-21,,
edmonton-oilers,vegas-golden-knights,Calvin Pickard,Starting Goalie,g1,Goalies,g,30.0,,False,2025-12-21,,
edmonton-oilers,vegas-golden-knights,Connor Ingram,Backup Goalie,g2,Goalies,g,39.0,,False,2025-12-21,,
minnesota-wild,colorado-avalanche,Filip Gustavsson,Starting Goalie,g1,Goalies,g,32.0,,False,2025-12-21,,
minnesota-wild,colorado-avalanche,Jesper Wallstedt,Backup Goalie,g2,Goalies,g,,,False,2025-12-21,,
montreal-canadiens,pittsburgh-penguins,Jakub Dobes,Starting Goalie,g1,Goalies,g,75.0,,False,2025-12-21,,
montreal-canadiens,pittsburgh-penguins,Jacob Fowler,Backup Goalie,g2,Goalies,g,32.0,,False,2025-12-21,,
nashville-predators,new-york-rangers,Juuse Saros,Starting Goalie,g1,Goalies,g,74.0,,False,2025-12-21,,
nashville-predators,new-york-rangers,Justus Annunen,Backup Goalie,g2,Goalies,g,29.0,,False,2025-12-21,,
new-jersey-devils,buffalo-sabres,Jacob Markstrom,Starting Goalie,g1,Goalies,g,25.0,,False,2025-12-21,,
new-jersey-devils,buffalo-sabres,Jake Allen,Backup Goalie,g2,Goalies,g,34.0,,False,2025-12-21,,
new-york-rangers,nashville-predators,Jonathan Quick,Starting Goalie,g1,Goalies,g,32.0,,False,2025-12-21,,
new-york-rangers,nashville-predators,Igor Shesterkin,Backup Goalie,g2,Goalies,g,31.0,,False,2025-12-21,,
ottawa-senators,boston-bruins,Leevi Merilainen,Starting Goalie,g1,Goalies,g,1.0,,False,2025-12-21,,
ottawa-senators,boston-bruins,Linus Ullmark,Backup Goalie,g2,Goalies,g,35.0,,False,2025-12-21,,
pittsburgh-penguins,montreal-canadiens,Arturs Silovs,Starting Goalie,g1,Goalies,g,,,False,2025-12-21,,
pittsburgh-penguins,montreal-canadiens,Stuart Skinner,Backup Goalie,g2,Goalies,g,74.0,,False,2025-12-21,,
toronto-maple-leafs,dallas-stars,Joseph Woll,Starting Goalie,g1,Goalies,g,60.0,,False,2025-12-21,,
toronto-maple-leafs,dallas-stars,Dennis Hildeby,Backup Goalie,g2,Goalies,g,,,False,2025-12-21,,
utah-hockey-club,winnipeg-jets,Karel Vejmelka,Starting Goalie,g1,Goalies,g,70.0,,False,2025-12-21,,
utah-hockey-club,winnipeg-jets,Vitek Vanecek,Backup Goalie,g2,Goalies,g,41.0,,False,2025-12-21,,
vegas-golden-knights,edmonton-oilers,Carter Hart,Starting Goalie,g1,Goalies,g,79.0,,False,2025-12-21,,
vegas-golden-knights,edmonton-oilers,Akira Schmid,Backup Goalie,g2,Goalies,g,40.0,,False,2025-12-21,,
washington-capitals,detroit-red-wings,Charlie Lindgren,Starting Goalie,g1,Goalies,g,79.0,,False,2025-12-21,,
washington-capitals,detroit-red-wings,Logan Thompson,Backup Goalie,g2,Goalies,g,48.0,,False,2025-12-21,,
winnipeg-jets,utah-hockey-club,Connor Hellebuyck,Starting Goalie,g1,Goalies,g,37.0,,False,2025-12-21,,
winnipeg-jets,utah-hockey-club,Eric Comrie,Backup Goalie,g2,Goalies,g,1.0,,False,2025-12-21,,
anaheim-ducks,seattle-kraken,Lukas Dostal,Starting Goalie,g1,Goalies,g,1.0,,False,2025-12-22,,
anaheim-ducks,seattle-kraken,Petr Mrazek,Backup Goalie,g2,Goalies,g,34.0,,False,2025-12-22,,
columbus-blue-jackets,los-angeles-kings,Jet Greaves,Starting Goalie,g1,Goalies,g,,,False,2025-12-22,,
columbus-blue-jackets,los-angeles-kings,Elvis Merzlikins,Backup Goalie,g2,Goalies,g,90.0,,False,2025-12-22,,
los-angeles-kings,columbus-blue-jackets,Anton Forsberg,Starting Goalie,g1,Goalies,g,31.0,,False,2025-12-22,,
los-angeles-kings,columbus-blue-jackets,Pheonix Copley,Backup Goalie,g2,Goalies,g,29.0,,False,2025-12-22,,
philadelphia-flyers,vancouver-canucks,Samuel Ersson,Starting Goalie,g1,Goalies,g,33.0,,False,2025-12-22,,
philadelphia-flyers,vancouver-canucks,Aleksei Kolosov,Backup Goalie,g2,Goalies,g,,,False,2025-12-22,,
seattle-kraken,anaheim-ducks,Joey Daccord,Starting Goalie,g1,Goalies,g,35.0,,False,2025-12-22,,
seattle-kraken,anaheim-ducks,Philipp Grubauer,Backup Goalie,g2,Goalies,g,31.0,,False,2025-12-22,,
st-louis-blues,tampa-bay-lightning,Joel Hofer,Starting Goalie,g1,Goalies,g,30.0,,False,2025-12-22,,
st-louis-blues,tampa-bay-lightning,Jordan Binnington,Backup Goalie,g2,Goalies,g,50.0,,False,2025-12-22,,
tampa-bay-lightning,st-louis-blues,Andrei Vasilevskiy,Starting Goalie,g1,Goalies,g,88.0,,False,2025-12-22,,
tampa-bay-lightning,st-louis-blues,Jonas Johansson,Backup Goalie,g2,Goalies,g,31.0,,False,2025-12-22,,
vancouver-canucks,philadelphia-flyers,Thatcher Demko,Starting Goalie,g1,Goalies,g,35.0,,False,2025-12-22,,
vancouver-canucks,philadelphia-flyers,Kevin Lankinen,Backup Goalie,g2,Goalies,g,32.0,,False,2025-12-22,,
boston-bruins,montreal-canadiens,Jeremy Swayman,Starting Goalie,g1,Goalies,g,1.0,,False,2025-12-23,,
boston-bruins,montreal-canadiens,Joonas Korpisalo,Backup Goalie,g2,Goalies,g,70.0,,False,2025-12-23,,
buffalo-sabres,ottawa-senators,Alex Lyon,Starting Goalie,g1,Goalies,g,34.0,,False,2025-12-23,,
buffalo-sabres,ottawa-senators,Ukko-Pekka Luukkonen,Backup Goalie,g2,Goalies,g,1.0,,False,2025-12-23,,
calgary-flames,edmonton-oilers,Dustin Wolf,Starting Goalie,g1,Goalies,g,32.0,,False,2025-12-23,,
calgary-flames,edmonton-oilers,Devin Cooley,Backup Goalie,g2,Goalies,g,,,False,2025-12-23,,
carolina-hurricanes,florida-panthers,Frederik Andersen,Starting Goalie,g1,Goalies,g,31.0,,False,2025-12-23,,
carolina-hurricanes,florida-panthers,Brandon Bussi,Backup Goalie,g2,Goalies,g,32.0,,False,2025-12-23,,
chicago-blackhawks,philadelphia-flyers,Spencer Knight,Starting Goalie,g1,Goalies,g,30.0,,False,2025-12-23,,
chicago-blackhawks,philadelphia-flyers,Arvid Soderblom,Backup Goalie,g2,Goalies,g,40.0,,False,2025-12-23,,
colorado-avalanche,utah-hockey-club,Mackenzie Blackwood,Starting Goalie,g1,Goalies,g,39.0,,False,2025-12-23,,
colorado-avalanche,utah-hockey-club,Scott Wedgewood,Backup Goalie,g2,Goalies,g,41.0,,False,2025-12-23,,
dallas-stars,detroit-red-wings,Jake Oettinger,Starting Goalie,g1,Goalies,g,29.0,,False,2025-12-23,,
dallas-stars,detroit-red-wings,Casey DeSmith,Backup Goalie,g2,Goalies,g,1.0,,False,2025-12-23,,
detroit-red-wings,dallas-stars,John Gibson,Starting Goalie,g1,Goalies,g,36.0,,False,2025-12-23,,
detroit-red-wings,dallas-stars,Cam Talbot,Backup Goalie,g2,Goalies,g,39.0,,False,2025-12-23,,
edmonton-oilers,calgary-flames,Connor Ingram,Starting Goalie,g1,Goalies,g,39.0,,False,2025-12-23,,
edmonton-oilers,calgary-flames,Calvin Pickard,Backup Goalie,g2,Goalies,g,30.0,,False,2025-12-23,,
florida-panthers,carolina-hurricanes,Sergei Bobrovsky,Starting Goalie,g1,Goalies,g,72.0,,False,2025-12-23,,
florida-panthers,carolina-hurricanes,Daniil Tarasov,Backup Goalie,g2,Goalies,g,40.0,,False,2025-12-23,,
los-angeles-kings,seattle-kraken,Anton Forsberg,Starting Goalie,g1,Goalies,g,31.0,,False,2025-12-23,,
los-angeles-kings,seattle-kraken,Pheonix Copley,Backup Goalie,g2,Goalies,g,29.0,,False,2025-12-23,,
minnesota-wild,nashville-predators,Filip Gustavsson,Starting Goalie,g1,Goalies,g,32.0,,False,2025-12-23,,
minnesota-wild,nashville-predators,Jesper Wallstedt,Backup Goalie,g2,Goalies,g,,,False,2025-12-23,,
montreal-canadiens,boston-bruins,Jacob Fowler,Starting Goalie,g1,Goalies,g,32.0,,False,2025-12-23,,
montreal-canadiens,boston-bruins,Jakub Dobes,Backup Goalie,g2,Goalies,g,75.0,,False,2025-12-23,,
nashville-predators,minnesota-wild,Juuse Saros,Starting Goalie,g1,Goalies,g,74.0,,False,2025-12-23,,
nashville-predators,minnesota-wild,Justus Annunen,Backup Goalie,g2,Goalies,g,29.0,,False,2025-12-23,,
new-jersey-devils,new-york-islanders,Jacob Markstrom,Starting Goalie,g1,Goalies,g,25.0,,False,2025-12-23,,
new-jersey-devils,new-york-islanders,Jake Allen,Backup Goalie,g2,Goalies,g,34.0,,False,2025-12-23,,
new-york-islanders,new-jersey-devils,David Rittich,Starting Goalie,g1,Goalies,g,31.0,,False,2025-12-23,,
new-york-islanders,new-jersey-devils,Marcus Hogberg,Backup Goalie,g2,Goalies,g,50.0,,False,2025-12-23,,
new-york-rangers,washington-capitals,Igor Shesterkin,Starting Goalie,g1,Goalies,g,31.0,,False,2025-12-23,,
new-york-rangers,washington-capitals,Jonathan Quick,Backup Goalie,g2,Goalies,g,32.0,,False,2025-12-23,,
ottawa-senators,buffalo-sabres,Linus Ullmark,Starting Goalie,g1,Goalies,g,35.0,,False,2025-12-23,,
ottawa-senators,buffalo-sabres,Leevi Merilainen,Backup Goalie,g2,Goalies,g,1.0,,False,2025-12-23,,
philadelphia-flyers,chicago-blackhawks,Samuel Ersson,Starting Goalie,g1,Goalies,g,33.0,,False,2025-12-23,,
philadelphia-flyers,chicago-blackhawks,Dan Vladar,Backup Goalie,g2,Goalies,g,80.0,,False,2025-12-23,,
pittsburgh-penguins,toronto-maple-leafs,Stuart Skinner,Starting Goalie,g1,Goalies,g,74.0,,False,2025-12-23,,
pittsburgh-penguins,toronto-maple-leafs,Arturs Silovs,Backup Goalie,g2,Goalies,g,,,False,2025-12-23,,
san-jose-sharks,vegas-golden-knights,Yaroslav Askarov,Starting Goalie,g1,Goalies,g,30.0,,False,2025-12-23,,
san-jose-sharks,vegas-golden-knights,Alex Nedeljkovic,Backup Goalie,g2,Goalies,g,33.0,,False,2025-12-23,,
seattle-kraken,los-angeles-kings,Joey Daccord,Starting Goalie,g1,Goalies,g,35.0,,False,2025-12-23,,
seattle-kraken,los-angeles-kings,Philipp Grubauer,Backup Goalie,g2,Goalies,g,31.0,,False,2025-12-23,,
toronto-maple-leafs,pittsburgh-penguins,Joseph Woll,Starting Goalie,g1,Goalies,g,60.0,,False,2025-12-23,,
toronto-maple-leafs,pittsburgh-penguins,Dennis Hildeby,Backup Goalie,g2,Goalies,g,,,False,2025-12-23,,
utah-hockey-club,colorado-avalanche,Karel Vejmelka,Starting Goalie,g1,Goalies,g,70.0,,False,2025-12-23,,
utah-hockey-club,colorado-avalanche,Vitek Vanecek,Backup Goalie,g2,Goalies,g,41.0,,False,2025-12-23,,
vegas-golden-knights,san-jose-sharks,Carter Hart,Starting Goalie,g1,Goalies,g,79.0,,False,2025-12-23,,
vegas-golden-knights,san-jose-sharks,Akira Schmid,Backup Goalie,g2,Goalies,g,40.0,,False,2025-12-23,,
washington-capitals,new-york-rangers,Logan Thompson,Starting Goalie,g1,Goalies,g,48.0,,False,2025-12-23,,
washington-capitals,new-york-rangers,Charlie Lindgren,Backup Goalie,g2,Goalies,g,79.0,,False,2025-12-23,,
anaheim-ducks,los-angeles-kings,Lukas Dostal,Starting Goalie,g1,Goalies,g,1.0,,False,2025-12-27,,
anaheim-ducks,los-angeles-kings,Petr Mrazek,Backup Goalie,g2,Goalies,g,34.0,,False,2025-12-27,,
boston-bruins,buffalo-sabres,Jeremy Swayman,Starting Goalie,g1,Goalies,g,1.0,,False,2025-12-27,,
boston-bruins,buffalo-sabres,Joonas Korpisalo,Backup Goalie,g2,Goalies,g,70.0,,False,2025-12-27,,
buffalo-sabres,boston-bruins,Alex Lyon,Starting Goalie,g1,Goalies,g,34.0,,False,2025-12-27,,
buffalo-sabres,boston-bruins,Ukko-Pekka Luukkonen,Backup Goalie,g2,Goalies,g,1.0,,False,2025-12-27,,
calgary-flames,edmonton-oilers,Dustin Wolf,Starting Goalie,g1,Goalies,g,32.0,,False,2025-12-27,,
calgary-flames,edmonton-oilers,Devin Cooley,Backup Goalie,g2,Goalies,g,,,False,2025-12-27,,
carolina-hurricanes,detroit-red-wings,Brandon Bussi,Starting Goalie,g1,Goalies,g,32.0,,False,2025-12-27,,
carolina-hurricanes,detroit-red-wings,Pyotr Kochetkov,Backup Goalie,g2,Goalies,g,52.0,,False,2025-12-27,,
chicago-blackhawks,dallas-stars,Spencer Knight,Starting Goalie,g1,Goalies,g,30.0,,False,2025-12-27,,
chicago-blackhawks,dallas-stars,Arvid Soderblom,Backup Goalie,g2,Goalies,g,40.0,,False,2025-12-27,,
colorado-avalanche,vegas-golden-knights,Mackenzie Blackwood,Starting Goalie,g1,Goalies,g,39.0,,False,2025-12-27,,
colorado-avalanche,vegas-golden-knights,Scott Wedgewood,Backup Goalie,g2,Goalies,g,41.0,,False,2025-12-27,,
dallas-stars,chicago-blackhawks,Jake Oettinger,Starting Goalie,g1,Goalies,g,29.0,,False,2025-12-27,,
dallas-stars,chicago-blackhawks,Casey DeSmith,Backup Goalie,g2,Goalies,g,1.0,,False,2025-12-27,,
detroit-red-wings,carolina-hurricanes,John Gibson,Starting Goalie,g1,Goalies,g,36.0,,False,2025-12-27,,
detroit-red-wings,carolina-hurricanes,Cam Talbot,Backup Goalie,g2,Goalies,g,39.0,,False,2025-12-27,,
edmonton-oilers,calgary-flames,Connor Ingram,Starting Goalie,g1,Goalies,g,39.0,,False,2025-12-27,,
edmonton-oilers,calgary-flames,Calvin Pickard,Backup Goalie,g2,Goalies,g,30.0,,False,2025-12-27,,
florida-panthers,tampa-bay-lightning,Sergei Bobrovsky,Starting Goalie,g1,Goalies,g,72.0,,False,2025-12-27,,
florida-panthers,tampa-bay-lightning,Daniil Tarasov,Backup Goalie,g2,Goalies,g,40.0,,False,2025-12-27,,
los-angeles-kings,anaheim-ducks,Anton Forsberg,Starting Goalie,g1,Goalies,g,31.0,,False,2025-12-27,,
los-angeles-kings,anaheim-ducks,Pheonix Copley,Backup Goalie,g2,Goalies,g,29.0,,False,2025-12-27,,
minnesota-wild,winnipeg-jets,Jesper Wallstedt,Starting Goalie,g1,Goalies,g,,,False,2025-12-27,,
minnesota-wild,winnipeg-jets,Filip Gustavsson,Backup Goalie,g2,Goalies,g,32.0,,False,2025-12-27,,
nashville-predators,st-louis-blues,Juuse Saros,Starting Goalie,g1,Goalies,g,74.0,,False,2025-12-27,,
nashville-predators,st-louis-blues,Justus Annunen,Backup Goalie,g2,Goalies,g,29.0,,False,2025-12-27,,
new-jersey-devils,washington-capitals,Jake Allen,Starting Goalie,g1,Goalies,g,34.0,,False,2025-12-27,,
new-jersey-devils,washington-capitals,Jacob Markstrom,Backup Goalie,g2,Goalies,g,25.0,,False,2025-12-27,,
new-york-islanders,new-york-rangers,David Rittich,Starting Goalie,g1,Goalies,g,31.0,,False,2025-12-27,,
new-york-islanders,new-york-rangers,Marcus Hogberg,Backup Goalie,g2,Goalies,g,50.0,,False,2025-12-27,,
new-york-rangers,new-york-islanders,Igor Shesterkin,Starting Goalie,g1,Goalies,g,31.0,,False,2025-12-27,,
new-york-rangers,new-york-islanders,Jonathan Quick,Backup Goalie,g2,Goalies,g,32.0,,False,2025-12-27,,
ottawa-senators,toronto-maple-leafs,Linus Ullmark,Starting Goalie,g1,Goalies,g,35.0,,False,2025-12-27,,
ottawa-senators,toronto-maple-leafs,Leevi Merilainen,Backup Goalie,g2,Goalies,g,1.0,,False,2025-12-27,,
san-jose-sharks,vancouver-canucks,Yaroslav Askarov,Starting Goalie,g1,Goalies,g,30.0,,False,2025-12-27,,
san-jose-sharks,vancouver-canucks,Alex Nedeljkovic,Backup Goalie,g2,Goalies,g,33.0,,False,2025-12-27,,
st-louis-blues,nashville-predators,Joel Hofer,Starting Goalie,g1,Goalies,g,30.0,,False,2025-12-27,,
st-louis-blues,nashville-predators,Jordan Binnington,Backup Goalie,g2,Goalies,g,50.0,,False,2025-12-27,,
tampa-bay-lightning,florida-panthers,Andrei Vasilevskiy,Starting Goalie,g1,Goalies,g,88.0,,False,2025-12-27,,
tampa-bay-lightning,florida-panthers,Jonas Johansson,Backup Goalie,g2,Goalies,g,31.0,,False,2025-12-27,,
toronto-maple-leafs,ottawa-senators,Joseph Woll,Starting Goalie,g1,Goalies,g,60.0,,False,2025-12-27,,
toronto-maple-leafs,ottawa-senators,Dennis Hildeby,Backup Goalie,g2,Goalies,g,,,False,2025-12-27,,
vancouver-canucks,san-jose-sharks,Thatcher Demko,Starting Goalie,g1,Goalies,g,35.0,,False,2025-12-27,,
vancouver-canucks,san-jose-sharks,Kevin Lankinen,Backup Goalie,g2,Goalies,g,32.0,,False,2025-12-27,,
vegas-golden-knights,colorado-avalanche,Carter Hart,Starting Goalie,g1,Goalies,g,79.0,,False,2025-12-27,,
vegas-golden-knights,colorado-avalanche,Akira Schmid,Backup Goalie,g2,Goalies,g,40.0,,False,2025-12-27,,
washington-capitals,new-jersey-devils,Logan Thompson,Starting Goalie,g1,Goalies,g,48.0,,False,2025-12-27,,
washington-capitals,new-jersey-devils,Charlie Lindgren,Backup Goalie,g2,Goalies,g,79.0,,False,2025-12-27,,
winnipeg-jets,minnesota-wild,Connor Hellebuyck,Starting Goalie,g1,Goalies,g,37.0,,False,2025-12-27,,
winnipeg-jets,minnesota-wild,Eric Comrie,Backup Goalie,g2,Goalies,g,1.0,,False,2025-12-27,,
chicago-blackhawks,pittsburgh-penguins,Arvid Soderblom,Starting Goalie,g1,Goalies,g,40.0,,False,2025-12-28,,
chicago-blackhawks,pittsburgh-penguins,Spencer Knight,Backup Goalie,g2,Goalies,g,30.0,,False,2025-12-28,,
columbus-blue-jackets,new-york-islanders,Jet Greaves,Starting Goalie,g1,Goalies,g,,,False,2025-12-28,,
columbus-blue-jackets,new-york-islanders,Elvis Merzlikins,Backup Goalie,g2,Goalies,g,90.0,,False,2025-12-28,,
detroit-red-wings,toronto-maple-leafs,Cam Talbot,Starting Goalie,g1,Goalies,g,39.0,,False,2025-12-28,,
detroit-red-wings,toronto-maple-leafs,John Gibson,Backup Goalie,g2,Goalies,g,36.0,,False,2025-12-28,,
montreal-canadiens,tampa-bay-lightning,Jacob Fowler,Starting Goalie,g1,Goalies,g,32.0,,False,2025-12-28,,
montreal-canadiens,tampa-bay-lightning,Jakub Dobes,Backup Goalie,g2,Goalies,g,75.0,,False,2025-12-28,,
new-york-islanders,columbus-blue-jackets,David Rittich,Starting Goalie,g1,Goalies,g,31.0,,False,2025-12-28,,
new-york-islanders,columbus-blue-jackets,Marcus Hogberg,Backup Goalie,g2,Goalies,g,50.0,,False,2025-12-28,,
philadelphia-flyers,seattle-kraken,Dan Vladar,Starting Goalie,g1,Goalies,g,80.0,,False,2025-12-28,,
philadelphia-flyers,seattle-kraken,Samuel Ersson,Backup Goalie,g2,Goalies,g,33.0,,False,2025-12-28,,
pittsburgh-penguins,chicago-blackhawks,Stuart Skinner,Starting Goalie,g1,Goalies,g,74.0,,False,2025-12-28,,
pittsburgh-penguins,chicago-blackhawks,Arturs Silovs,Backup Goalie,g2,Goalies,g,,,False,2025-12-28,,
seattle-kraken,philadelphia-flyers,Joey Daccord,Starting Goalie,g1,Goalies,g,35.0,,False,2025-12-28,,
seattle-kraken,philadelphia-flyers,Philipp Grubauer,Backup Goalie,g2,Goalies,g,31.0,,False,2025-12-28,,
tampa-bay-lightning,montreal-canadiens,Jonas Johansson,Starting Goalie,g1,Goalies,g,31.0,,False,2025-12-28,,
tampa-bay-lightning,montreal-canadiens,Andrei Vasilevskiy,Backup Goalie,g2,Goalies,g,88.0,,False,2025-12-28,,
toronto-maple-leafs,detroit-red-wings,Dennis Hildeby,Starting Goalie,g1,Goalies,g,,,False,2025-12-28,,
toronto-maple-leafs,detroit-red-wings,Joseph Woll,Backup Goalie,g2,Goalies,g,60.0,,False,2025-12-28,,
anaheim-ducks,san-jose-sharks,Lukas Dostal,Starting Goalie,g1,Goalies,g,1.0,,False,2025-12-29,,
anaheim-ducks,san-jose-sharks,Petr Mrazek,Backup Goalie,g2,Goalies,g,34.0,,False,2025-12-29,,
boston-bruins,calgary-flames,Jeremy Swayman,Starting Goalie,g1,Goalies,g,1.0,,False,2025-12-29,,
boston-bruins,calgary-flames,Joonas Korpisalo,Backup Goalie,g2,Goalies,g,70.0,,False,2025-12-29,,
buffalo-sabres,st-louis-blues,Alex Lyon,Starting Goalie,g1,Goalies,g,34.0,,False,2025-12-29,,
buffalo-sabres,st-louis-blues,Ukko-Pekka Luukkonen,Backup Goalie,g2,Goalies,g,1.0,,False,2025-12-29,,
calgary-flames,boston-bruins,Dustin Wolf,Starting Goalie,g1,Goalies,g,32.0,,False,2025-12-29,,
calgary-flames,boston-bruins,Devin Cooley,Backup Goalie,g2,Goalies,g,,,False,2025-12-29,,
carolina-hurricanes,new-york-rangers,Brandon Bussi,Starting Goalie,g1,Goalies,g,32.0,,False,2025-12-29,,
carolina-hurricanes,new-york-rangers,Pyotr Kochetkov,Backup Goalie,g2,Goalies,g,52.0,,False,2025-12-29,,
colorado-avalanche,los-angeles-kings,Mackenzie Blackwood,Starting Goalie,g1,Goalies,g,39.0,,False,2025-12-29,,
colorado-avalanche,los-angeles-kings,Scott Wedgewood,Backup Goalie,g2,Goalies,g,41.0,,False,2025-12-29,,
columbus-blue-jackets,ottawa-senators,Elvis Merzlikins,Starting Goalie,g1,Goalies,g,90.0,,False,2025-12-29,,
columbus-blue-jackets,ottawa-senators,Jet Greaves,Backup Goalie,g2,Goalies,g,,,False,2025-12-29,,
edmonton-oilers,winnipeg-jets,Connor Ingram,Starting Goalie,g1,Goalies,g,39.0,,False,2025-12-29,,
edmonton-oilers,winnipeg-jets,Calvin Pickard,Backup Goalie,g2,Goalies,g,30.0,,False,2025-12-29,,
florida-panthers,washington-capitals,Sergei Bobrovsky,Starting Goalie,g1,Goalies,g,72.0,,False,2025-12-29,,
florida-panthers,washington-capitals,Daniil Tarasov,Backup Goalie,g2,Goalies,g,40.0,,False,2025-12-29,,
los-angeles-kings,colorado-avalanche,Anton Forsberg,Starting Goalie,g1,Goalies,g,31.0,,False,2025-12-29,,
los-angeles-kings,colorado-avalanche,Pheonix Copley,Backup Goalie,g2,Goalies,g,29.0,,False,2025-12-29,,
minnesota-wild,vegas-golden-knights,Filip Gustavsson,Starting Goalie,g1,Goalies,g,32.0,,False,2025-12-29,,
minnesota-wild,vegas-golden-knights,Jesper Wallstedt,Backup Goalie,g2,Goalies,g,,,False,2025-12-29,,
nashville-predators,utah-hockey-club,Juuse Saros,Starting Goalie,g1,Goalies,g,74.0,,False,2025-12-29,,
nashville-predators,utah-hockey-club,Justus Annunen,Backup Goalie,g2,Goalies,g,29.0,,False,2025-12-29,,
new-york-rangers,carolina-hurricanes,Igor Shesterkin,Starting Goalie,g1,Goalies,g,31.0,,False,2025-12-29,,
new-york-rangers,carolina-hurricanes,Jonathan Quick,Backup Goalie,g2,Goalies,g,32.0,,False,2025-12-29,,
ottawa-senators,columbus-blue-jackets,Leevi Merilainen,Starting Goalie,g1,Goalies,g,1.0,,False,2025-12-29,,
san-jose-sharks,anaheim-ducks,Yaroslav Askarov,Starting Goalie,g1,Goalies,g,30.0,,False,2025-12-29,,
san-jose-sharks,anaheim-ducks,Alex Nedeljkovic,Backup Goalie,g2,Goalies,g,33.0,,False,2025-12-29,,
seattle-kraken,vancouver-canucks,Joey Daccord,Starting Goalie,g1,Goalies,g,35.0,,False,2025-12-29,,
seattle-kraken,vancouver-canucks,Philipp Grubauer,Backup Goalie,g2,Goalies,g,31.0,,False,2025-12-29,,
st-louis-blues,buffalo-sabres,Joel Hofer,Starting Goalie,g1,Goalies,g,30.0,,False,2025-12-29,,
st-louis-blues,buffalo-sabres,Jordan Binnington,Backup Goalie,g2,Goalies,g,50.0,,False,2025-12-29,,
utah-hockey-club,nashville-predators,Karel Vejmelka,Starting Goalie,g1,Goalies,g,70.0,,True,2025-12-29,,
utah-hockey-club,nashville-predators,Vitek Vanecek,Backup Goalie,g2,Goalies,g,41.0,,False,2025-12-29,,
vancouver-canucks,seattle-kraken,Thatcher Demko,Starting Goalie,g1,Goalies,g,35.0,,False,2025-12-29,,
vancouver-canucks,seattle-kraken,Kevin Lankinen,Backup Goalie,g2,Goalies,g,32.0,,False,2025-12-29,,
vegas-golden-knights,minnesota-wild,Carter Hart,Starting Goalie,g1,Goalies,g,79.0,,False,2025-12-29,,
vegas-golden-knights,minnesota-wild,Akira Schmid,Backup Goalie,g2,Goalies,g,40.0,,False,2025-12-29,,
washington-capitals,florida-panthers,Logan Thompson,Starting Goalie,g1,Goalies,g,48.0,,False,2025-12-29,,
washington-capitals,florida-panthers,Charlie Lindgren,Backup Goalie,g2,Goalies,g,79.0,,False,2025-12-29,,
winnipeg-jets,edmonton-oilers,Connor Hellebuyck,Starting Goalie,g1,Goalies,g,37.0,,False,2025-12-29,,
winnipeg-jets,edmonton-oilers,Eric Comrie,Backup Goalie,g2,Goalies,g,1.0,,False,2025-12-29,,
carolina-hurricanes,pittsburgh-penguins,Frederik Andersen,Starting Goalie,g1,Goalies,g,31.0,,False,2025-12-30,,
carolina-hurricanes,pittsburgh-penguins,Brandon Bussi,Backup Goalie,g2,Goalies,g,32.0,,False,2025-12-30,,
chicago-blackhawks,new-york-islanders,Spencer Knight,Starting Goalie,g1,Goalies,g,30.0,,False,2025-12-30,,
chicago-blackhawks,new-york-islanders,Arvid Soderblom,Backup Goalie,g2,Goalies,g,40.0,,False,2025-12-30,,
florida-panthers,montreal-canadiens,Daniil Tarasov,Starting Goalie,g1,Goalies,g,40.0,,False,2025-12-30,,
florida-panthers,montreal-canadiens,Sergei Bobrovsky,Backup Goalie,g2,Goalies,g,72.0,,False,2025-12-30,,
montreal-canadiens,florida-panthers,Sam Montembeault,Starting Goalie,g1,Goalies,g,35.0,,False,2025-12-30,,
montreal-canadiens,florida-panthers,Jacob Fowler,Backup Goalie,g2,Goalies,g,32.0,,False,2025-12-30,,
new-jersey-devils,toronto-maple-leafs,Jacob Markstrom,Starting Goalie,g1,Goalies,g,25.0,,False,2025-12-30,,
new-jersey-devils,toronto-maple-leafs,Jake Allen,Backup Goalie,g2,Goalies,g,34.0,,False,2025-12-30,,
new-york-islanders,chicago-blackhawks,David Rittich,Starting Goalie,g1,Goalies,g,31.0,,False,2025-12-30,,
new-york-islanders,chicago-blackhawks,Marcus Hogberg,Backup Goalie,g2,Goalies,g,50.0,,False,2025-12-30,,
philadelphia-flyers,vancouver-canucks,Samuel Ersson,Starting Goalie,g1,Goalies,g,33.0,,False,2025-12-30,,
philadelphia-flyers,vancouver-canucks,Dan Vladar,Backup Goalie,g2,Goalies,g,80.0,,False,2025-12-30,,
pittsburgh-penguins,carolina-hurricanes,Stuart Skinner,Starting Goalie,g1,Goalies,g,74.0,,False,2025-12-30,,
pittsburgh-penguins,carolina-hurricanes,Arturs Silovs,Backup Goalie,g2,Goalies,g,,,False,2025-12-30,,
toronto-maple-leafs,new-jersey-devils,Joseph Woll,Starting Goalie,g1,Goalies,g,60.0,,False,2025-12-30,,
toronto-maple-leafs,new-jersey-devils,Dennis Hildeby,Backup Goalie,g2,Goalies,g,,,False,2025-12-30,,
vancouver-canucks,philadelphia-flyers,Kevin Lankinen,Starting Goalie,g1,Goalies,g,32.0,,False,2025-12-30,,
vancouver-canucks,philadelphia-flyers,Thatcher Demko,Backup Goalie,g2,Goalies,g,35.0,,False,2025-12-30,,
anaheim-ducks,tampa-bay-lightning,Lukas Dostal,Starting Goalie,g1,Goalies,g,1.0,,False,2025-12-31,,
anaheim-ducks,tampa-bay-lightning,Petr Mrazek,Backup Goalie,g2,Goalies,g,34.0,,False,2025-12-31,,
boston-bruins,edmonton-oilers,Jeremy Swayman,Starting Goalie,g1,Goalies,g,1.0,,False,2025-12-31,,
boston-bruins,edmonton-oilers,Joonas Korpisalo,Backup Goalie,g2,Goalies,g,70.0,,False,2025-12-31,,
buffalo-sabres,dallas-stars,Ukko-Pekka Luukkonen,Starting Goalie,g1,Goalies,g,1.0,,False,2025-12-31,,
buffalo-sabres,dallas-stars,Alex Lyon,Backup Goalie,g2,Goalies,g,34.0,,True,2025-12-31,,
calgary-flames,philadelphia-flyers,Dustin Wolf,Starting Goalie,g1,Goalies,g,32.0,,False,2025-12-31,,
calgary-flames,philadelphia-flyers,Devin Cooley,Backup Goalie,g2,Goalies,g,,,False,2025-12-31,,
colorado-avalanche,st-louis-blues,Scott Wedgewood,Starting Goalie,g1,Goalies,g,41.0,,False,2025-12-31,,
colorado-avalanche,st-louis-blues,Mackenzie Blackwood,Backup Goalie,g2,Goalies,g,39.0,,False,2025-12-31,,
columbus-blue-jackets,new-jersey-devils,Jet Greaves,Starting Goalie,g1,Goalies,g,,,False,2025-12-31,,
columbus-blue-jackets,new-jersey-devils,Elvis Merzlikins,Backup Goalie,g2,Goalies,g,90.0,,False,2025-12-31,,
dallas-stars,buffalo-sabres,Jake Oettinger,Starting Goalie,g1,Goalies,g,29.0,,False,2025-12-31,,
dallas-stars,buffalo-sabres,Casey DeSmith,Backup Goalie,g2,Goalies,g,1.0,,False,2025-12-31,,
detroit-red-wings,winnipeg-jets,John Gibson,Starting Goalie,g1,Goalies,g,36.0,,False,2025-12-31,,
detroit-red-wings,winnipeg-jets,Cam Talbot,Backup Goalie,g2,Goalies,g,39.0,,False,2025-12-31,,
edmonton-oilers,boston-bruins,Calvin Pickard,Starting Goalie,g1,Goalies,g,30.0,,False,2025-12-31,,
edmonton-oilers,boston-bruins,Connor Ingram,Backup Goalie,g2,Goalies,g,39.0,,False,2025-12-31,,
minnesota-wild,san-jose-sharks,Jesper Wallstedt,Starting Goalie,g1,Goalies,g,,,False,2025-12-31,,
minnesota-wild,san-jose-sharks,Filip Gustavsson,Backup Goalie,g2,Goalies,g,32.0,,False,2025-12-31,,
nashville-predators,vegas-golden-knights,Juuse Saros,Starting Goalie,g1,Goalies,g,74.0,,False,2025-12-31,,
nashville-predators,vegas-golden-knights,Justus Annunen,Backup Goalie,g2,Goalies,g,29.0,,False,2025-12-31,,
new-jersey-devils,columbus-blue-jackets,Jake Allen,Starting Goalie,g1,Goalies,g,34.0,,False,2025-12-31,,
new-jersey-devils,columbus-blue-jackets,Jacob Markstrom,Backup Goalie,g2,Goalies,g,25.0,,False,2025-12-31,,
new-york-rangers,washington-capitals,Igor Shesterkin,Starting Goalie,g1,Goalies,g,31.0,,False,2025-12-31,,
new-york-rangers,washington-capitals,Jonathan Quick,Backup Goalie,g2,Goalies,g,32.0,,False,2025-12-31,,
philadelphia-flyers,calgary-flames,Samuel Ersson,Starting Goalie,g1,Goalies,g,33.0,,False,2025-12-31,,
philadelphia-flyers,calgary-flames,Dan Vladar,Backup Goalie,g2,Goalies,g,80.0,,False,2025-12-31,,
san-jose-sharks,minnesota-wild,Yaroslav Askarov,Starting Goalie,g1,Goalies,g,30.0,,False,2025-12-31,,
san-jose-sharks,minnesota-wild,Alex Nedeljkovic,Backup Goalie,g2,Goalies,g,33.0,,False,2025-12-31,,
st-louis-blues,colorado-avalanche,Jordan Binnington,Starting Goalie,g1,Goalies,g,50.0,,False,2025-12-31,,
st-louis-blues,colorado-avalanche,Joel Hofer,Backup Goalie,g2,Goalies,g,30.0,,False,2025-12-31,,
tampa-bay-lightning,anaheim-ducks,Andrei Vasilevskiy,Starting Goalie,g1,Goalies,g,88.0,,False,2025-12-31,,
tampa-bay-lightning,anaheim-ducks,Jonas Johansson,Backup Goalie,g2,Goalies,g,31.0,,False,2025-12-31,,
vegas-golden-knights,nashville-predators,Carter Hart,Starting Goalie,g1,Goalies,g,79.0,,False,2025-12-31,,
vegas-golden-knights,nashville-predators,Akira Schmid,Backup Goalie,g2,Goalies,g,40.0,,False,2025-12-31,,
washington-capitals,new-york-rangers,Logan Thompson,Starting Goalie,g1,Goalies,g,48.0,,False,2025-12-31,,
washington-capitals,new-york-rangers,Charlie Lindgren,Backup Goalie,g2,Goalies,g,79.0,,False,2025-12-31,,
winnipeg-jets,detroit-red-wings,Connor Hellebuyck,Starting Goalie,g1,Goalies,g,37.0,,False,2025-12-31,,
winnipeg-jets,detroit-red-wings,Eric Comrie,Backup Goalie,g2,Goalies,g,1.0,,False,2025-12-31,,
carolina-hurricanes,montreal-canadiens,Brandon Bussi,Starting Goalie,g1,Goalies,g,32.0,,False,2026-01-01,,
carolina-hurricanes,montreal-canadiens,Frederik Andersen,Backup Goalie,g2,Goalies,g,31.0,,False,2026-01-01,,
chicago-blackhawks,dallas-stars,Spencer Knight,Starting Goalie,g1,Goalies,g,30.0,,False,2026-01-01,,
chicago-blackhawks,dallas-stars,Arvid Soderblom,Backup Goalie,g2,Goalies,g,40.0,,False,2026-01-01,,
dallas-stars,chicago-blackhawks,Jake Oettinger,Starting Goalie,g1,Goalies,g,29.0,,False,2026-01-01,,
dallas-stars,chicago-blackhawks,Casey DeSmith,Backup Goalie,g2,Goalies,g,1.0,,False,2026-01-01,,
detroit-red-wings,pittsburgh-penguins,Cam Talbot,Starting Goalie,g1,Goalies,g,39.0,,False,2026-01-01,,
detroit-red-wings,pittsburgh-penguins,John Gibson,Backup Goalie,g2,Goalies,g,36.0,,False,2026-01-01,,
los-angeles-kings,tampa-bay-lightning,Darcy Kuemper,Starting Goalie,g1,Goalies,g,35.0,,False,2026-01-01,,
los-angeles-kings,tampa-bay-lightning,Anton Forsberg,Backup Goalie,g2,Goalies,g,31.0,,False,2026-01-01,,
montreal-canadiens,carolina-hurricanes,Jakub Dobes,Starting Goalie,g1,Goalies,g,75.0,,False,2026-01-01,,
montreal-canadiens,carolina-hurricanes,Sam Montembeault,Backup Goalie,g2,Goalies,g,35.0,,False,2026-01-01,,
nashville-predators,seattle-kraken,Juuse Saros,Starting Goalie,g1,Goalies,g,74.0,,False,2026-01-01,,
nashville-predators,seattle-kraken,Justus Annunen,Backup Goalie,g2,Goalies,g,29.0,,False,2026-01-01,,
new-york-islanders,utah-hockey-club,David Rittich,Starting Goalie,g1,Goalies,g,31.0,,False,2026-01-01,,
new-york-islanders,utah-hockey-club,Marcus Hogberg,Backup Goalie,g2,Goalies,g,50.0,,False,2026-01-01,,
ottawa-senators,washington-capitals,Leevi Merilainen,Starting Goalie,g1,Goalies,g,1.0,,False,2026-01-01,,
ottawa-senators,washington-capitals,Hunter Shepard,Backup Goalie,g2,Goalies,g,,,False,2026-01-01,,
pittsburgh-penguins,detroit-red-wings,Arturs Silovs,Starting Goalie,g1,Goalies,g,,,False,2026-01-01,,
pittsburgh-penguins,detroit-red-wings,Stuart Skinner,Backup Goalie,g2,Goalies,g,74.0,,False,2026-01-01,,
seattle-kraken,nashville-predators,Joey Daccord,Starting Goalie,g1,Goalies,g,35.0,,False,2026-01-01,,
seattle-kraken,nashville-predators,Philipp Grubauer,Backup Goalie,g2,Goalies,g,31.0,,False,2026-01-01,,
tampa-bay-lightning,los-angeles-kings,Andrei Vasilevskiy,Starting Goalie,g1,Goalies,g,88.0,,False,2026-01-01,,
tampa-bay-lightning,los-angeles-kings,Jonas Johansson,Backup Goalie,g2,Goalies,g,31.0,,False,2026-01-01,,
toronto-maple-leafs,winnipeg-jets,Joseph Woll,Starting Goalie,g1,Goalies,g,60.0,,False,2026-01-01,,
toronto-maple-leafs,winnipeg-jets,Dennis Hildeby,Backup Goalie,g2,Goalies,g,,,False,2026-01-01,,
utah-hockey-club,new-york-islanders,Vitek Vanecek,Starting Goalie,g1,Goalies,g,41.0,,False,2026-01-01,,
utah-hockey-club,new-york-islanders,Matt Villalta,Backup Goalie,g2,Goalies,g,31.0,,False,2026-01-01,,
washington-capitals,ottawa-senators,Logan Thompson,Starting Goalie,g1,Goalies,g,48.0,,False,2026-01-01,,
washington-capitals,ottawa-senators,Charlie Lindgren,Backup Goalie,g2,Goalies,g,79.0,,False,2026-01-01,,
winnipeg-jets,toronto-maple-leafs,Eric Comrie,Starting Goalie,g1,Goalies,g,1.0,,False,2026-01-01,,
winnipeg-jets,toronto-maple-leafs,Connor Hellebuyck,Backup Goalie,g2,Goalies,g,37.0,,False,2026-01-01,,
anaheim-ducks,minnesota-wild,Lukas Dostal,Starting Goalie,g1,Goalies,g,1.0,,False,2026-01-02,,
anaheim-ducks,minnesota-wild,Petr Mrazek,Backup Goalie,g2,Goalies,g,34.0,,False,2026-01-02,,
florida-panthers,new-york-rangers,Sergei Bobrovsky,Starting Goalie,g1,Goalies,g,72.0,,False,2026-01-02,,
florida-panthers,new-york-rangers,Daniil Tarasov,Backup Goalie,g2,Goalies,g,40.0,,False,2026-01-02,,
minnesota-wild,anaheim-ducks,Filip Gustavsson,Starting Goalie,g1,Goalies,g,32.0,,False,2026-01-02,,
minnesota-wild,anaheim-ducks,Jesper Wallstedt,Backup Goalie,g2,Goalies,g,,,False,2026-01-02,,
new-york-rangers,florida-panthers,Igor Shesterkin,Starting Goalie,g1,Goalies,g,31.0,,False,2026-01-02,,
new-york-rangers,florida-panthers,Jonathan Quick,Backup Goalie,g2,Goalies,g,32.0,,False,2026-01-02,,
seattle-kraken,vancouver-canucks,Joey Daccord,Starting Goalie,g1,Goalies,g,35.0,,False,2026-01-02,,
seattle-kraken,vancouver-canucks,Philipp Grubauer,Backup Goalie,g2,Goalies,g,31.0,,False,2026-01-02,,
st-louis-blues,vegas-golden-knights,Joel Hofer,Starting Goalie,g1,Goalies,g,30.0,,False,2026-01-02,,
st-louis-blues,vegas-golden-knights,Jordan Binnington,Backup Goalie,g2,Goalies,g,50.0,,False,2026-01-02,,
vancouver-canucks,seattle-kraken,Thatcher Demko,Starting Goalie,g1,Goalies,g,35.0,,False,2026-01-02,,
vancouver-canucks,seattle-kraken,Kevin Lankinen,Backup Goalie,g2,Goalies,g,32.0,,False,2026-01-02,,
vegas-golden-knights,st-louis-blues,Carter Hart,Starting Goalie,g1,Goalies,g,79.0,,False,2026-01-02,,
vegas-golden-knights,st-louis-blues,Akira Schmid,Backup Goalie,g2,Goalies,g,40.0,,False,2026-01-02,,
boston-bruins,vancouver-canucks,Jeremy Swayman,Starting Goalie,g1,Goalies,g,1.0,,False,2026-01-03,,
boston-bruins,vancouver-canucks,Joonas Korpisalo,Backup Goalie,g2,Goalies,g,70.0,,False,2026-01-03,,
buffalo-sabres,columbus-blue-jackets,Ukko-Pekka Luukkonen,Starting Goalie,g1,Goalies,g,1.0,,False,2026-01-03,,
buffalo-sabres,columbus-blue-jackets,Colten Ellis,Backup Goalie,g2,Goalies,g,92.0,,True,2026-01-03,,
calgary-flames,nashville-predators,Dustin Wolf,Starting Goalie,g1,Goalies,g,32.0,,False,2026-01-03,,
calgary-flames,nashville-predators,Devin Cooley,Backup Goalie,g2,Goalies,g,,,False,2026-01-03,,
carolina-hurricanes,colorado-avalanche,Brandon Bussi,Starting Goalie,g1,Goalies,g,32.0,,False,2026-01-03,,
carolina-hurricanes,colorado-avalanche,Frederik Andersen,Backup Goalie,g2,Goalies,g,31.0,,False,2026-01-03,,
chicago-blackhawks,washington-capitals,Spencer Knight,Starting Goalie,g1,Goalies,g,30.0,,False,2026-01-03,,
chicago-blackhawks,washington-capitals,Arvid Soderblom,Backup Goalie,g2,Goalies,g,40.0,,False,2026-01-03,,
colorado-avalanche,carolina-hurricanes,Scott Wedgewood,Starting Goalie,g1,Goalies,g,41.0,,False,2026-01-03,,
colorado-avalanche,carolina-hurricanes,Trent Miner,Backup Goalie,g2,Goalies,g,50.0,,False,2026-01-03,,
columbus-blue-jackets,buffalo-sabres,Jet Greaves,Starting Goalie,g1,Goalies,g,,,False,2026-01-03,,
columbus-blue-jackets,buffalo-sabres,Elvis Merzlikins,Backup Goalie,g2,Goalies,g,90.0,,False,2026-01-03,,
detroit-red-wings,pittsburgh-penguins,John Gibson,Starting Goalie,g1,Goalies,g,36.0,,False,2026-01-03,,
detroit-red-wings,pittsburgh-penguins,Cam Talbot,Backup Goalie,g2,Goalies,g,39.0,,False,2026-01-03,,
edmonton-oilers,philadelphia-flyers,Calvin Pickard,Starting Goalie,g1,Goalies,g,30.0,,False,2026-01-03,,
edmonton-oilers,philadelphia-flyers,Connor Ingram,Backup Goalie,g2,Goalies,g,39.0,,False,2026-01-03,,
los-angeles-kings,minnesota-wild,Darcy Kuemper,Starting Goalie,g1,Goalies,g,35.0,,False,2026-01-03,,
los-angeles-kings,minnesota-wild,Anton Forsberg,Backup Goalie,g2,Goalies,g,31.0,,False,2026-01-03,,
minnesota-wild,los-angeles-kings,Jesper Wallstedt,Starting Goalie,g1,Goalies,g,,,False,2026-01-03,,
minnesota-wild,los-angeles-kings,Filip Gustavsson,Backup Goalie,g2,Goalies,g,32.0,,False,2026-01-03,,
montreal-canadiens,st-louis-blues,Jacob Fowler,Starting Goalie,g1,Goalies,g,32.0,,False,2026-01-03,,
montreal-canadiens,st-louis-blues,Sam Montembeault,Backup Goalie,g2,Goalies,g,35.0,,False,2026-01-03,,
nashville-predators,calgary-flames,Juuse Saros,Starting Goalie,g1,Goalies,g,74.0,,False,2026-01-03,,
nashville-predators,calgary-flames,Justus Annunen,Backup Goalie,g2,Goalies,g,29.0,,False,2026-01-03,,
new-jersey-devils,utah-hockey-club,Jacob Markstrom,Starting Goalie,g1,Goalies,g,25.0,,False,2026-01-03,,
new-jersey-devils,utah-hockey-club,Jake Allen,Backup Goalie,g2,Goalies,g,34.0,,False,2026-01-03,,
new-york-islanders,toronto-maple-leafs,David Rittich,Starting Goalie,g1,Goalies,g,31.0,,False,2026-01-03,,
new-york-islanders,toronto-maple-leafs,Marcus Hogberg,Backup Goalie,g2,Goalies,g,50.0,,False,2026-01-03,,
ottawa-senators,winnipeg-jets,Leevi Merilainen,Starting Goalie,g1,Goalies,g,1.0,,False,2026-01-03,,
ottawa-senators,winnipeg-jets,Hunter Shepard,Backup Goalie,g2,Goalies,g,31.0,,False,2026-01-03,,
philadelphia-flyers,edmonton-oilers,Dan Vladar,Starting Goalie,g1,Goalies,g,80.0,,False,2026-01-03,,
philadelphia-flyers,edmonton-oilers,Samuel Ersson,Backup Goalie,g2,Goalies,g,33.0,,False,2026-01-03,,
pittsburgh-penguins,detroit-red-wings,Stuart Skinner,Starting Goalie,g1,Goalies,g,74.0,,False,2026-01-03,,
pittsburgh-penguins,detroit-red-wings,Arturs Silovs,Backup Goalie,g2,Goalies,g,,,False,2026-01-03,,
san-jose-sharks,tampa-bay-lightning,Yaroslav Askarov,Starting Goalie,g1,Goalies,g,30.0,,False,2026-01-03,,
san-jose-sharks,tampa-bay-lightning,Alex Nedeljkovic,Backup Goalie,g2,Goalies,g,33.0,,False,2026-01-03,,
st-louis-blues,montreal-canadiens,Jordan Binnington,Starting Goalie,g1,Goalies,g,50.0,,False,2026-01-03,,
st-louis-blues,montreal-canadiens,Joel Hofer,Backup Goalie,g2,Goalies,g,30.0,,False,2026-01-03,,
tampa-bay-lightning,san-jose-sharks,Andrei Vasilevskiy,Starting Goalie,g1,Goalies,g,88.0,,False,2026-01-03,,
tampa-bay-lightning,san-jose-sharks,Jonas Johansson,Backup Goalie,g2,Goalies,g,31.0,,False,2026-01-03,,
toronto-maple-leafs,new-york-islanders,Joseph Woll,Starting Goalie,g1,Goalies,g,60.0,,False,2026-01-03,,
toronto-maple-leafs,new-york-islanders,Dennis Hildeby,Backup Goalie,g2,Goalies,g,,,False,2026-01-03,,
utah-hockey-club,new-jersey-devils,Karel Vejmelka,Starting Goalie,g1,Goalies,g,70.0,,False,2026-01-03,,
utah-hockey-club,new-jersey-devils,Vitek Vanecek,Backup Goalie,g2,Goalies,g,41.0,,False,2026-01-03,,
vancouver-canucks,boston-bruins,Kevin Lankinen,Starting Goalie,g1,Goalies,g,32.0,,False,2026-01-03,,
vancouver-canucks,boston-bruins,Thatcher Demko,Backup Goalie,g2,Goalies,g,35.0,,False,2026-01-03,,
washington-capitals,chicago-blackhawks,Logan Thompson,Starting Goalie,g1,Goalies,g,48.0,,False,2026-01-03,,
washington-capitals,chicago-blackhawks,Charlie Lindgren,Backup Goalie,g2,Goalies,g,79.0,,False,2026-01-03,,
winnipeg-jets,ottawa-senators,Connor Hellebuyck,Starting Goalie,g1,Goalies,g,37.0,,False,2026-01-03,,
winnipeg-jets,ottawa-senators,Eric Comrie,Backup Goalie,g2,Goalies,g,1.0,,False,2026-01-03,,
carolina-hurricanes,new-jersey-devils,Brandon Bussi,Starting Goalie,g1,Goalies,g,32.0,,False,2026-01-04,,
carolina-hurricanes,new-jersey-devils,Frederik Andersen,Backup Goalie,g2,Goalies,g,31.0,,False,2026-01-04,,
chicago-blackhawks,vegas-golden-knights,Arvid Soderblom,Starting Goalie,g1,Goalies,g,40.0,,False,2026-01-04,,
chicago-blackhawks,vegas-golden-knights,Spencer Knight,Backup Goalie,g2,Goalies,g,30.0,,False,2026-01-04,,
colorado-avalanche,florida-panthers,Trent Miner,Starting Goalie,g1,Goalies,g,50.0,,False,2026-01-04,,
colorado-avalanche,florida-panthers,Scott Wedgewood,Backup Goalie,g2,Goalies,g,41.0,,False,2026-01-04,,
columbus-blue-jackets,pittsburgh-penguins,Elvis Merzlikins,Starting Goalie,g1,Goalies,g,90.0,,False,2026-01-04,,
columbus-blue-jackets,pittsburgh-penguins,Jet Greaves,Backup Goalie,g2,Goalies,g,,,False,2026-01-04,,
dallas-stars,montreal-canadiens,Jake Oettinger,Starting Goalie,g1,Goalies,g,29.0,,False,2026-01-04,,
dallas-stars,montreal-canadiens,Remi Poirier,Backup Goalie,g2,Goalies,g,,,False,2026-01-04,,
florida-panthers,colorado-avalanche,Sergei Bobrovsky,Starting Goalie,g1,Goalies,g,72.0,,False,2026-01-04,,
florida-panthers,colorado-avalanche,Daniil Tarasov,Backup Goalie,g2,Goalies,g,40.0,,False,2026-01-04,,
montreal-canadiens,dallas-stars,Jakub Dobes,Starting Goalie,g1,Goalies,g,75.0,,False,2026-01-04,,
montreal-canadiens,dallas-stars,Sam Montembeault,Backup Goalie,g2,Goalies,g,35.0,,False,2026-01-04,,
new-jersey-devils,carolina-hurricanes,Jake Allen,Starting Goalie,g1,Goalies,g,34.0,,False,2026-01-04,,
new-jersey-devils,carolina-hurricanes,Jacob Markstrom,Backup Goalie,g2,Goalies,g,25.0,,False,2026-01-04,,
pittsburgh-penguins,columbus-blue-jackets,Arturs Silovs,Starting Goalie,g1,Goalies,g,,,False,2026-01-04,,
pittsburgh-penguins,columbus-blue-jackets,Stuart Skinner,Backup Goalie,g2,Goalies,g,74.0,,False,2026-01-04,,
vegas-golden-knights,chicago-blackhawks,Carter Hart,Starting Goalie,g1,Goalies,g,79.0,,False,2026-01-04,,
vegas-golden-knights,chicago-blackhawks,Akira Schmid,Backup Goalie,g2,Goalies,g,40.0,,False,2026-01-04,,
anaheim-ducks,washington-capitals,Lukas Dostal,Starting Goalie,g1,Goalies,g,1.0,,False,2026-01-05,,
anaheim-ducks,washington-capitals,Petr Mrazek,Backup Goalie,g2,Goalies,g,34.0,,False,2026-01-05,,
calgary-flames,seattle-kraken,Dustin Wolf,Starting Goalie,g1,Goalies,g,32.0,,False,2026-01-05,,
calgary-flames,seattle-kraken,Devin Cooley,Backup Goalie,g2,Goalies,g,,,False,2026-01-05,,
detroit-red-wings,ottawa-senators,John Gibson,Starting Goalie,g1,Goalies,g,36.0,,False,2026-01-05,,
detroit-red-wings,ottawa-senators,Cam Talbot,Backup Goalie,g2,Goalies,g,39.0,,False,2026-01-05,,
los-angeles-kings,minnesota-wild,Darcy Kuemper,Starting Goalie,g1,Goalies,g,35.0,,False,2026-01-05,,
los-angeles-kings,minnesota-wild,Anton Forsberg,Backup Goalie,g2,Goalies,g,31.0,,False,2026-01-05,,
minnesota-wild,los-angeles-kings,Filip Gustavsson,Starting Goalie,g1,Goalies,g,32.0,,False,2026-01-05,,
minnesota-wild,los-angeles-kings,Jesper Wallstedt,Backup Goalie,g2,Goalies,g,,,False,2026-01-05,,
new-york-rangers,utah-hockey-club,Igor Shesterkin,Starting Goalie,g1,Goalies,g,31.0,,False,2026-01-05,,
new-york-rangers,utah-hockey-club,Jonathan Quick,Backup Goalie,g2,Goalies,g,32.0,,False,2026-01-05,,
ottawa-senators,detroit-red-wings,Leevi Merilainen,Starting Goalie,g1,Goalies,g,1.0,,False,2026-01-05,,
ottawa-senators,detroit-red-wings,Hunter Shepard,Backup Goalie,g2,Goalies,g,31.0,,False,2026-01-05,,
seattle-kraken,calgary-flames,Joey Daccord,Starting Goalie,g1,Goalies,g,35.0,,False,2026-01-05,,
seattle-kraken,calgary-flames,Philipp Grubauer,Backup Goalie,g2,Goalies,g,31.0,,False,2026-01-05,,
utah-hockey-club,new-york-rangers,Karel Vejmelka,Starting Goalie,g1,Goalies,g,70.0,,False,2026-01-05,,
utah-hockey-club,new-york-rangers,Vitek Vanecek,Backup Goalie,g2,Goalies,g,41.0,,False,2026-01-05,,
washington-capitals,anaheim-ducks,Logan Thompson,Starting Goalie,g1,Goalies,g,48.0,,False,2026-01-05,,
washington-capitals,anaheim-ducks,Charlie Lindgren,Backup Goalie,g2,Goalies,g,79.0,,False,2026-01-05,,
anaheim-ducks,philadelphia-flyers,Lukas Dostal,Starting Goalie,g1,Goalies,g,1.0,,False,2026-01-06,,
anaheim-ducks,philadelphia-flyers,Petr Mrazek,Backup Goalie,g2,Goalies,g,34.0,,False,2026-01-06,,
boston-bruins,seattle-kraken,Jeremy Swayman,Starting Goalie,g1,Goalies,g,1.0,,False,2026-01-06,,
boston-bruins,seattle-kraken,Joonas Korpisalo,Backup Goalie,g2,Goalies,g,70.0,,False,2026-01-06,,
buffalo-sabres,vancouver-canucks,Ukko-Pekka Luukkonen,Starting Goalie,g1,Goalies,g,1.0,,False,2026-01-06,,
buffalo-sabres,vancouver-canucks,Colten Ellis,Backup Goalie,g2,Goalies,g,92.0,,False,2026-01-06,,
carolina-hurricanes,dallas-stars,Brandon Bussi,Starting Goalie,g1,Goalies,g,32.0,,False,2026-01-06,,
carolina-hurricanes,dallas-stars,Frederik Andersen,Backup Goalie,g2,Goalies,g,31.0,,False,2026-01-06,,
colorado-avalanche,tampa-bay-lightning,Scott Wedgewood,Starting Goalie,g1,Goalies,g,41.0,,False,2026-01-06,,
colorado-avalanche,tampa-bay-lightning,Trent Miner,Backup Goalie,g2,Goalies,g,50.0,,False,2026-01-06,,
columbus-blue-jackets,san-jose-sharks,Jet Greaves,Starting Goalie,g1,Goalies,g,,,False,2026-01-06,,
columbus-blue-jackets,san-jose-sharks,Elvis Merzlikins,Backup Goalie,g2,Goalies,g,90.0,,False,2026-01-06,,
dallas-stars,carolina-hurricanes,Jake Oettinger,Starting Goalie,g1,Goalies,g,29.0,,False,2026-01-06,,
dallas-stars,carolina-hurricanes,Casey DeSmith,Backup Goalie,g2,Goalies,g,1.0,,False,2026-01-06,,
edmonton-oilers,nashville-predators,Connor Ingram,Starting Goalie,g1,Goalies,g,39.0,,False,2026-01-06,,
edmonton-oilers,nashville-predators,Calvin Pickard,Backup Goalie,g2,Goalies,g,30.0,,False,2026-01-06,,
florida-panthers,toronto-maple-leafs,Sergei Bobrovsky,Starting Goalie,g1,Goalies,g,72.0,,False,2026-01-06,,
florida-panthers,toronto-maple-leafs,Daniil Tarasov,Backup Goalie,g2,Goalies,g,40.0,,False,2026-01-06,,
nashville-predators,edmonton-oilers,Juuse Saros,Starting Goalie,g1,Goalies,g,74.0,,False,2026-01-06,,
nashville-predators,edmonton-oilers,Justus Annunen,Backup Goalie,g2,Goalies,g,29.0,,False,2026-01-06,,
new-jersey-devils,new-york-islanders,Jacob Markstrom,Starting Goalie,g1,Goalies,g,25.0,,False,2026-01-06,,
new-jersey-devils,new-york-islanders,Jake Allen,Backup Goalie,g2,Goalies,g,34.0,,False,2026-01-06,,
new-york-islanders,new-jersey-devils,Ilya Sorokin,Starting Goalie,g1,Goalies,g,30.0,,False,2026-01-06,,
new-york-islanders,new-jersey-devils,David Rittich,Backup Goalie,g2,Goalies,g,31.0,,False,2026-01-06,,
philadelphia-flyers,anaheim-ducks,Dan Vladar,Starting Goalie,g1,Goalies,g,80.0,,False,2026-01-06,,
philadelphia-flyers,anaheim-ducks,Samuel Ersson,Backup Goalie,g2,Goalies,g,33.0,,False,2026-01-06,,
san-jose-sharks,columbus-blue-jackets,Yaroslav Askarov,Starting Goalie,g1,Goalies,g,30.0,,False,2026-01-06,,
san-jose-sharks,columbus-blue-jackets,Alex Nedeljkovic,Backup Goalie,g2,Goalies,g,33.0,,False,2026-01-06,,
seattle-kraken,boston-bruins,Joey Daccord,Starting Goalie,g1,Goalies,g,35.0,,False,2026-01-06,,
seattle-kraken,boston-bruins,Philipp Grubauer,Backup Goalie,g2,Goalies,g,31.0,,False,2026-01-06,,
tampa-bay-lightning,colorado-avalanche,Andrei Vasilevskiy,Starting Goalie,g1,Goalies,g,88.0,,False,2026-01-06,,
tampa-bay-lightning,colorado-avalanche,Jonas Johansson,Backup Goalie,g2,Goalies,g,31.0,,False,2026-01-06,,
toronto-maple-leafs,florida-panthers,Joseph Woll,Starting Goalie,g1,Goalies,g,60.0,,False,2026-01-06,,
toronto-maple-leafs,florida-panthers,Dennis Hildeby,Backup Goalie,g2,Goalies,g,,,False,2026-01-06,,
vancouver-canucks,buffalo-sabres,Thatcher Demko,Starting Goalie,g1,Goalies,g,35.0,,False,2026-01-06,,
vancouver-canucks,buffalo-sabres,Kevin Lankinen,Backup Goalie,g2,Goalies,g,32.0,,False,2026-01-06,,
vegas-golden-knights,winnipeg-jets,Carter Hart,Starting Goalie,g1,Goalies,g,79.0,,False,2026-01-06,,
vegas-golden-knights,winnipeg-jets,Akira Schmid,Backup Goalie,g2,Goalies,g,40.0,,False,2026-01-06,,
winnipeg-jets,vegas-golden-knights,Connor Hellebuyck,Starting Goalie,g1,Goalies,g,37.0,,False,2026-01-06,,
winnipeg-jets,vegas-golden-knights,Eric Comrie,Backup Goalie,g2,Goalies,g,1.0,,False,2026-01-06,,
calgary-flames,montreal-canadiens,Dustin Wolf,Starting Goalie,g1,Goalies,g,32.0,,False,2026-01-07,,
calgary-flames,montreal-canadiens,Owen Say,Backup Goalie,g2,Goalies,g,,,False,2026-01-07,,
chicago-blackhawks,st-louis-blues,Spencer Knight,Starting Goalie,g1,Goalies,g,30.0,,False,2026-01-07,,
chicago-blackhawks,st-louis-blues,Arvid Soderblom,Backup Goalie,g2,Goalies,g,40.0,,False,2026-01-07,,
dallas-stars,washington-capitals,Casey DeSmith,Starting Goalie,g1,Goalies,g,1.0,,False,2026-01-07,,
dallas-stars,washington-capitals,Jake Oettinger,Backup Goalie,g2,Goalies,g,29.0,,False,2026-01-07,,
los-angeles-kings,san-jose-sharks,Darcy Kuemper,Starting Goalie,g1,Goalies,g,35.0,,False,2026-01-07,,
los-angeles-kings,san-jose-sharks,Anton Forsberg,Backup Goalie,g2,Goalies,g,31.0,,False,2026-01-07,,
montreal-canadiens,calgary-flames,Jakub Dobes,Starting Goalie,g1,Goalies,g,75.0,,False,2026-01-07,,
montreal-canadiens,calgary-flames,Jacob Fowler,Backup Goalie,g2,Goalies,g,32.0,,False,2026-01-07,,
ottawa-senators,utah-hockey-club,Leevi Merilainen,Starting Goalie,g1,Goalies,g,1.0,,False,2026-01-07,,
ottawa-senators,utah-hockey-club,Hunter Shepard,Backup Goalie,g2,Goalies,g,31.0,,False,2026-01-07,,
san-jose-sharks,los-angeles-kings,Yaroslav Askarov,Starting Goalie,g1,Goalies,g,30.0,,False,2026-01-07,,
san-jose-sharks,los-angeles-kings,Alex Nedeljkovic,Backup Goalie,g2,Goalies,g,33.0,,False,2026-01-07,,
st-louis-blues,chicago-blackhawks,Joel Hofer,Starting Goalie,g1,Goalies,g,30.0,,False,2026-01-07,,
st-louis-blues,chicago-blackhawks,Jordan Binnington,Backup Goalie,g2,Goalies,g,50.0,,False,2026-01-07,,
utah-hockey-club,ottawa-senators,Karel Vejmelka,Starting Goalie,g1,Goalies,g,70.0,,False,2026-01-07,,
utah-hockey-club,ottawa-senators,Vitek Vanecek,Backup Goalie,g2,Goalies,g,41.0,,False,2026-01-07,,
washington-capitals,dallas-stars,Logan Thompson,Starting Goalie,g1,Goalies,g,48.0,,False,2026-01-07,,
washington-capitals,dallas-stars,Charlie Lindgren,Backup Goalie,g2,Goalies,g,79.0,,False,2026-01-07,,
anaheim-ducks,carolina-hurricanes,Lukas Dostal,Starting Goalie,g1,Goalies,g,1.0,,False,2026-01-08,,
anaheim-ducks,carolina-hurricanes,Petr Mrazek,Backup Goalie,g2,Goalies,g,34.0,,False,2026-01-08,,
boston-bruins,calgary-flames,Jeremy Swayman,Starting Goalie,g1,Goalies,g,1.0,,False,2026-01-08,,
boston-bruins,calgary-flames,Joonas Korpisalo,Backup Goalie,g2,Goalies,g,70.0,,False,2026-01-08,,
buffalo-sabres,new-york-rangers,Colten Ellis,Starting Goalie,g1,Goalies,g,92.0,,False,2026-01-08,,
buffalo-sabres,new-york-rangers,Ukko-Pekka Luukkonen,Backup Goalie,g2,Goalies,g,1.0,,False,2026-01-08,,
calgary-flames,boston-bruins,Devin Cooley,Starting Goalie,g1,Goalies,g,,,False,2026-01-08,,
calgary-flames,boston-bruins,Dustin Wolf,Backup Goalie,g2,Goalies,g,32.0,,False,2026-01-08,,
carolina-hurricanes,anaheim-ducks,Frederik Andersen,Starting Goalie,g1,Goalies,g,31.0,,False,2026-01-08,,
carolina-hurricanes,anaheim-ducks,Brandon Bussi,Backup Goalie,g2,Goalies,g,32.0,,False,2026-01-08,,
colorado-avalanche,ottawa-senators,Scott Wedgewood,Starting Goalie,g1,Goalies,g,41.0,,False,2026-01-08,,
colorado-avalanche,ottawa-senators,Trent Miner,Backup Goalie,g2,Goalies,g,50.0,,False,2026-01-08,,
columbus-blue-jackets,vegas-golden-knights,Jet Greaves,Starting Goalie,g1,Goalies,g,,,False,2026-01-08,,
columbus-blue-jackets,vegas-golden-knights,Elvis Merzlikins,Backup Goalie,g2,Goalies,g,90.0,,False,2026-01-08,,
detroit-red-wings,vancouver-canucks,John Gibson,Starting Goalie,g1,Goalies,g,36.0,,False,2026-01-08,,
detroit-red-wings,vancouver-canucks,Cam Talbot,Backup Goalie,g2,Goalies,g,39.0,,False,2026-01-08,,
edmonton-oilers,winnipeg-jets,Connor Ingram,Starting Goalie,g1,Goalies,g,39.0,,False,2026-01-08,,
edmonton-oilers,winnipeg-jets,Calvin Pickard,Backup Goalie,g2,Goalies,g,30.0,,False,2026-01-08,,
florida-panthers,montreal-canadiens,Sergei Bobrovsky,Starting Goalie,g1,Goalies,g,72.0,,False,2026-01-08,,
florida-panthers,montreal-canadiens,Daniil Tarasov,Backup Goalie,g2,Goalies,g,40.0,,False,2026-01-08,,
minnesota-wild,seattle-kraken,Filip Gustavsson,Starting Goalie,g1,Goalies,g,32.0,,False,2026-01-08,,
minnesota-wild,seattle-kraken,Jesper Wallstedt,Backup Goalie,g2,Goalies,g,,,False,2026-01-08,,
montreal-canadiens,florida-panthers,Sam Montembeault,Starting Goalie,g1,Goalies,g,35.0,,False,2026-01-08,,
montreal-canadiens,florida-panthers,Jakub Dobes,Backup Goalie,g2,Goalies,g,75.0,,False,2026-01-08,,
nashville-predators,new-york-islanders,Juuse Saros,Starting Goalie,g1,Goalies,g,74.0,,False,2026-01-08,,
nashville-predators,new-york-islanders,Justus Annunen,Backup Goalie,g2,Goalies,g,29.0,,False,2026-01-08,,
new-jersey-devils,pittsburgh-penguins,Jake Allen,Starting Goalie,g1,Goalies,g,34.0,,False,2026-01-08,,
new-jersey-devils,pittsburgh-penguins,Jacob Markstrom,Backup Goalie,g2,Goalies,g,25.0,,False,2026-01-08,,
new-york-islanders,nashville-predators,Ilya Sorokin,Starting Goalie,g1,Goalies,g,30.0,,False,2026-01-08,,
new-york-islanders,nashville-predators,David Rittich,Backup Goalie,g2,Goalies,g,31.0,,False,2026-01-08,,
new-york-rangers,buffalo-sabres,Jonathan Quick,Starting Goalie,g1,Goalies,g,32.0,,False,2026-01-08,,
new-york-rangers,buffalo-sabres,Spencer Martin,Backup Goalie,g2,Goalies,g,,,False,2026-01-08,,
ottawa-senators,colorado-avalanche,Mads Sogaard,Starting Goalie,g1,Goalies,g,,,False,2026-01-08,,
ottawa-senators,colorado-avalanche,Leevi Merilainen,Backup Goalie,g2,Goalies,g,1.0,,False,2026-01-08,,
philadelphia-flyers,toronto-maple-leafs,Dan Vladar,Starting Goalie,g1,Goalies,g,80.0,,False,2026-01-08,,
philadelphia-flyers,toronto-maple-leafs,Samuel Ersson,Backup Goalie,g2,Goalies,g,33.0,,False,2026-01-08,,
pittsburgh-penguins,new-jersey-devils,Stuart Skinner,Starting Goalie,g1,Goalies,g,74.0,,False,2026-01-08,,
pittsburgh-penguins,new-jersey-devils,Arturs Silovs,Backup Goalie,g2,Goalies,g,,,False,2026-01-08,,
seattle-kraken,minnesota-wild,Philipp Grubauer,Starting Goalie,g1,Goalies,g,31.0,,False,2026-01-08,,
seattle-kraken,minnesota-wild,Joey Daccord,Backup Goalie,g2,Goalies,g,35.0,,False,2026-01-08,,
toronto-maple-leafs,philadelphia-flyers,Joseph Woll,Starting Goalie,g1,Goalies,g,60.0,,False,2026-01-08,,
toronto-maple-leafs,philadelphia-flyers,Dennis Hildeby,Backup Goalie,g2,Goalies,g,,,False,2026-01-08,,
vancouver-canucks,detroit-red-wings,Thatcher Demko,Starting Goalie,g1,Goalies,g,35.0,,False,2026-01-08,,
vancouver-canucks,detroit-red-wings,Kevin Lankinen,Backup Goalie,g2,Goalies,g,32.0,,False,2026-01-08,,
vegas-golden-knights,columbus-blue-jackets,Carter Hart,Starting Goalie,g1,Goalies,g,79.0,,False,2026-01-08,,
vegas-golden-knights,columbus-blue-jackets,Akira Schmid,Backup Goalie,g2,Goalies,g,40.0,,False,2026-01-08,,
winnipeg-jets,edmonton-oilers,Connor Hellebuyck,Starting Goalie,g1,Goalies,g,37.0,,False,2026-01-08,,
winnipeg-jets,edmonton-oilers,Eric Comrie,Backup Goalie,g2,Goalies,g,1.0,,False,2026-01-08,,
chicago-blackhawks,washington-capitals,Spencer Knight,Starting Goalie,g1,Goalies,g,30.0,,False,2026-01-09,,
chicago-blackhawks,washington-capitals,Arvid Soderblom,Backup Goalie,g2,Goalies,g,40.0,,False,2026-01-09,,
los-angeles-kings,winnipeg-jets,Darcy Kuemper,Starting Goalie,g1,Goalies,g,35.0,,False,2026-01-09,,
los-angeles-kings,winnipeg-jets,Anton Forsberg,Backup Goalie,g2,Goalies,g,31.0,,False,2026-01-09,,
st-louis-blues,utah-hockey-club,Joel Hofer,Starting Goalie,g1,Goalies,g,30.0,,False,2026-01-09,,
st-louis-blues,utah-hockey-club,Jordan Binnington,Backup Goalie,g2,Goalies,g,50.0,,False,2026-01-09,,
utah-hockey-club,st-louis-blues,Karel Vejmelka,Starting Goalie,g1,Goalies,g,70.0,,False,2026-01-09,,
utah-hockey-club,st-louis-blues,Vitek Vanecek,Backup Goalie,g2,Goalies,g,41.0,,False,2026-01-09,,
washington-capitals,chicago-blackhawks,Logan Thompson,Starting Goalie,g1,Goalies,g,48.0,,False,2026-01-09,,
washington-capitals,chicago-blackhawks,Charlie Lindgren,Backup Goalie,g2,Goalies,g,79.0,,False,2026-01-09,,
winnipeg-jets,los-angeles-kings,Eric Comrie,Starting Goalie,g1,Goalies,g,1.0,,False,2026-01-09,,
winnipeg-jets,los-angeles-kings,Connor Hellebuyck,Backup Goalie,g2,Goalies,g,37.0,,False,2026-01-09,,
anaheim-ducks,buffalo-sabres,Lukas Dostal,Starting Goalie,g1,Goalies,g,1.0,,False,2026-01-10,,
anaheim-ducks,buffalo-sabres,Ville Husso,Backup Goalie,g2,Goalies,g,33.0,,False,2026-01-10,,
boston-bruins,new-york-rangers,Jeremy Swayman,Starting Goalie,g1,Goalies,g,1.0,,False,2026-01-10,,
boston-bruins,new-york-rangers,Joonas Korpisalo,Backup Goalie,g2,Goalies,g,70.0,,False,2026-01-10,,
buffalo-sabres,anaheim-ducks,Ukko-Pekka Luukkonen,Starting Goalie,g1,Goalies,g,1.0,,False,2026-01-10,,
buffalo-sabres,anaheim-ducks,Colten Ellis,Backup Goalie,g2,Goalies,g,92.0,,False,2026-01-10,,
calgary-flames,pittsburgh-penguins,Dustin Wolf,Starting Goalie,g1,Goalies,g,32.0,,False,2026-01-10,,
calgary-flames,pittsburgh-penguins,Devin Cooley,Backup Goalie,g2,Goalies,g,,,False,2026-01-10,,
carolina-hurricanes,seattle-kraken,Brandon Bussi,Starting Goalie,g1,Goalies,g,32.0,,False,2026-01-10,,
carolina-hurricanes,seattle-kraken,Frederik Andersen,Backup Goalie,g2,Goalies,g,31.0,,False,2026-01-10,,
chicago-blackhawks,nashville-predators,Drew Commesso,Starting Goalie,g1,Goalies,g,,,False,2026-01-10,,
chicago-blackhawks,nashville-predators,Spencer Knight,Backup Goalie,g2,Goalies,g,30.0,,True,2026-01-10,,
colorado-avalanche,columbus-blue-jackets,Scott Wedgewood,Starting Goalie,g1,Goalies,g,41.0,,False,2026-01-10,,
colorado-avalanche,columbus-blue-jackets,Trent Miner,Backup Goalie,g2,Goalies,g,50.0,,False,2026-01-10,,
columbus-blue-jackets,colorado-avalanche,Jet Greaves,Starting Goalie,g1,Goalies,g,,,False,2026-01-10,,
columbus-blue-jackets,colorado-avalanche,Elvis Merzlikins,Backup Goalie,g2,Goalies,g,90.0,,False,2026-01-10,,
dallas-stars,san-jose-sharks,Jake Oettinger,Starting Goalie,g1,Goalies,g,29.0,,False,2026-01-10,,
dallas-stars,san-jose-sharks,Casey DeSmith,Backup Goalie,g2,Goalies,g,1.0,,False,2026-01-10,,
detroit-red-wings,montreal-canadiens,John Gibson,Starting Goalie,g1,Goalies,g,36.0,,False,2026-01-10,,
detroit-red-wings,montreal-canadiens,Cam Talbot,Backup Goalie,g2,Goalies,g,39.0,,False,2026-01-10,,
edmonton-oilers,los-angeles-kings,Connor Ingram,Starting Goalie,g1,Goalies,g,39.0,,False,2026-01-10,,
edmonton-oilers,los-angeles-kings,Calvin Pickard,Backup Goalie,g2,Goalies,g,30.0,,False,2026-01-10,,
florida-panthers,ottawa-senators,Sergei Bobrovsky,Starting Goalie,g1,Goalies,g,72.0,,False,2026-01-10,,
florida-panthers,ottawa-senators,Daniil Tarasov,Backup Goalie,g2,Goalies,g,40.0,,False,2026-01-10,,
los-angeles-kings,edmonton-oilers,Anton Forsberg,Starting Goalie,g1,Goalies,g,31.0,,False,2026-01-10,,
los-angeles-kings,edmonton-oilers,Darcy Kuemper,Backup Goalie,g2,Goalies,g,35.0,,False,2026-01-10,,
minnesota-wild,new-york-islanders,Filip Gustavsson,Starting Goalie,g1,Goalies,g,32.0,,False,2026-01-10,,
minnesota-wild,new-york-islanders,Jesper Wallstedt,Backup Goalie,g2,Goalies,g,,,False,2026-01-10,,
montreal-canadiens,detroit-red-wings,Jakub Dobes,Starting Goalie,g1,Goalies,g,75.0,,False,2026-01-10,,
montreal-canadiens,detroit-red-wings,Sam Montembeault,Backup Goalie,g2,Goalies,g,35.0,,False,2026-01-10,,
nashville-predators,chicago-blackhawks,Juuse Saros,Starting Goalie,g1,Goalies,g,74.0,,False,2026-01-10,,
nashville-predators,chicago-blackhawks,Justus Annunen,Backup Goalie,g2,Goalies,g,29.0,,False,2026-01-10,,
new-york-islanders,minnesota-wild,Ilya Sorokin,Starting Goalie,g1,Goalies,g,30.0,,False,2026-01-10,,
new-york-islanders,minnesota-wild,David Rittich,Backup Goalie,g2,Goalies,g,31.0,,False,2026-01-10,,
new-york-rangers,boston-bruins,Jonathan Quick,Starting Goalie,g1,Goalies,g,32.0,,False,2026-01-10,,
new-york-rangers,boston-bruins,Spencer Martin,Backup Goalie,g2,Goalies,g,,,False,2026-01-10,,
ottawa-senators,florida-panthers,Leevi Merilainen,Starting Goalie,g1,Goalies,g,1.0,,False,2026-01-10,,
ottawa-senators,florida-panthers,Mads Sogaard,Backup Goalie,g2,Goalies,g,,,False,2026-01-10,,
philadelphia-flyers,tampa-bay-lightning,Dan Vladar,Starting Goalie,g1,Goalies,g,80.0,,False,2026-01-10,,
philadelphia-flyers,tampa-bay-lightning,Samuel Ersson,Backup Goalie,g2,Goalies,g,33.0,,False,2026-01-10,,
pittsburgh-penguins,calgary-flames,Arturs Silovs,Starting Goalie,g1,Goalies,g,,,False,2026-01-10,,
pittsburgh-penguins,calgary-flames,Stuart Skinner,Backup Goalie,g2,Goalies,g,74.0,,False,2026-01-10,,
san-jose-sharks,dallas-stars,Yaroslav Askarov,Starting Goalie,g1,Goalies,g,30.0,,False,2026-01-10,,
san-jose-sharks,dallas-stars,Alex Nedeljkovic,Backup Goalie,g2,Goalies,g,33.0,,False,2026-01-10,,
seattle-kraken,carolina-hurricanes,Joey Daccord,Starting Goalie,g1,Goalies,g,35.0,,False,2026-01-10,,
seattle-kraken,carolina-hurricanes,Philipp Grubauer,Backup Goalie,g2,Goalies,g,31.0,,False,2026-01-10,,
st-louis-blues,vegas-golden-knights,Jordan Binnington,Starting Goalie,g1,Goalies,g,50.0,,False,2026-01-10,,
st-louis-blues,vegas-golden-knights,Joel Hofer,Backup Goalie,g2,Goalies,g,30.0,,False,2026-01-10,,
tampa-bay-lightning,philadelphia-flyers,Andrei Vasilevskiy,Starting Goalie,g1,Goalies,g,88.0,,False,2026-01-10,,
tampa-bay-lightning,philadelphia-flyers,Jonas Johansson,Backup Goalie,g2,Goalies,g,31.0,,False,2026-01-10,,
toronto-maple-leafs,vancouver-canucks,Joseph Woll,Starting Goalie,g1,Goalies,g,60.0,,False,2026-01-10,,
toronto-maple-leafs,vancouver-canucks,Dennis Hildeby,Backup Goalie,g2,Goalies,g,,,False,2026-01-10,,
vancouver-canucks,toronto-maple-leafs,Thatcher Demko,Starting Goalie,g1,Goalies,g,35.0,,False,2026-01-10,,
vancouver-canucks,toronto-maple-leafs,Kevin Lankinen,Backup Goalie,g2,Goalies,g,32.0,,False,2026-01-10,,
vegas-golden-knights,st-louis-blues,Akira Schmid,Starting Goalie,g1,Goalies,g,40.0,,False,2026-01-10,,
vegas-golden-knights,st-louis-blues,Carter Hart,Backup Goalie,g2,Goalies,g,79.0,,True,2026-01-10,,
boston-bruins,pittsburgh-penguins,Joonas Korpisalo,Starting Goalie,g1,Goalies,g,70.0,,False,2026-01-11,,
boston-bruins,pittsburgh-penguins,Jeremy Swayman,Backup Goalie,g2,Goalies,g,1.0,,False,2026-01-11,,
columbus-blue-jackets,utah-hockey-club,Jet Greaves,Starting Goalie,g1,Goalies,g,,,False,2026-01-11,,
columbus-blue-jackets,utah-hockey-club,Elvis Merzlikins,Backup Goalie,g2,Goalies,g,90.0,,False,2026-01-11,,
nashville-predators,washington-capitals,Justus Annunen,Starting Goalie,g1,Goalies,g,29.0,,False,2026-01-11,,
nashville-predators,washington-capitals,Juuse Saros,Backup Goalie,g2,Goalies,g,74.0,,False,2026-01-11,,
new-jersey-devils,winnipeg-jets,Jake Allen,Starting Goalie,g1,Goalies,g,34.0,,False,2026-01-11,,
new-jersey-devils,winnipeg-jets,Jacob Markstrom,Backup Goalie,g2,Goalies,g,25.0,,False,2026-01-11,,
pittsburgh-penguins,boston-bruins,Stuart Skinner,Starting Goalie,g1,Goalies,g,74.0,,False,2026-01-11,,
pittsburgh-penguins,boston-bruins,Arturs Silovs,Backup Goalie,g2,Goalies,g,,,False,2026-01-11,,
san-jose-sharks,vegas-golden-knights,Yaroslav Askarov,Starting Goalie,g1,Goalies,g,30.0,,False,2026-01-11,,
san-jose-sharks,vegas-golden-knights,Alex Nedeljkovic,Backup Goalie,g2,Goalies,g,33.0,,False,2026-01-11,,
utah-hockey-club,columbus-blue-jackets,Karel Vejmelka,Starting Goalie,g1,Goalies,g,70.0,,False,2026-01-11,,
utah-hockey-club,columbus-blue-jackets,Vitek Vanecek,Backup Goalie,g2,Goalies,g,41.0,,False,2026-01-11,,
vegas-golden-knights,san-jose-sharks,Carl Lindbom,Starting Goalie,g1,Goalies,g,,,False,2026-01-11,,
vegas-golden-knights,san-jose-sharks,Akira Schmid,Backup Goalie,g2,Goalies,g,40.0,,False,2026-01-11,,
washington-capitals,nashville-predators,Logan Thompson,Starting Goalie,g1,Goalies,g,48.0,,False,2026-01-11,,
washington-capitals,nashville-predators,Charlie Lindgren,Backup Goalie,g2,Goalies,g,79.0,,False,2026-01-11,,
winnipeg-jets,new-jersey-devils,Connor Hellebuyck,Starting Goalie,g1,Goalies,g,37.0,,False,2026-01-11,,
winnipeg-jets,new-jersey-devils,Eric Comrie,Backup Goalie,g2,Goalies,g,1.0,,False,2026-01-11,,
buffalo-sabres,florida-panthers,Ukko-Pekka Luukkonen,Starting Goalie,g1,Goalies,g,1.0,,False,2026-01-12,,
buffalo-sabres,florida-panthers,Colten Ellis,Backup Goalie,g2,Goalies,g,92.0,,False,2026-01-12,,
carolina-hurricanes,detroit-red-wings,Brandon Bussi,Starting Goalie,g1,Goalies,g,32.0,,False,2026-01-12,,
carolina-hurricanes,detroit-red-wings,Frederik Andersen,Backup Goalie,g2,Goalies,g,31.0,,False,2026-01-12,,
chicago-blackhawks,edmonton-oilers,Spencer Knight,Starting Goalie,g1,Goalies,g,30.0,,True,2026-01-12,,
chicago-blackhawks,edmonton-oilers,Arvid Soderblom,Backup Goalie,g2,Goalies,g,40.0,,True,2026-01-12,,
colorado-avalanche,toronto-maple-leafs,Trent Miner,Starting Goalie,g1,Goalies,g,50.0,,False,2026-01-12,,
colorado-avalanche,toronto-maple-leafs,Scott Wedgewood,Backup Goalie,g2,Goalies,g,41.0,,False,2026-01-12,,
dallas-stars,los-angeles-kings,Jake Oettinger,Starting Goalie,g1,Goalies,g,29.0,,False,2026-01-12,,
dallas-stars,los-angeles-kings,Casey DeSmith,Backup Goalie,g2,Goalies,g,1.0,,False,2026-01-12,,
detroit-red-wings,carolina-hurricanes,John Gibson,Starting Goalie,g1,Goalies,g,36.0,,False,2026-01-12,,
detroit-red-wings,carolina-hurricanes,Cam Talbot,Backup Goalie,g2,Goalies,g,39.0,,False,2026-01-12,,
edmonton-oilers,chicago-blackhawks,Calvin Pickard,Starting Goalie,g1,Goalies,g,30.0,,False,2026-01-12,,
edmonton-oilers,chicago-blackhawks,Connor Ingram,Backup Goalie,g2,Goalies,g,39.0,,False,2026-01-12,,
florida-panthers,buffalo-sabres,Sergei Bobrovsky,Starting Goalie,g1,Goalies,g,72.0,,False,2026-01-12,,
florida-panthers,buffalo-sabres,Daniil Tarasov,Backup Goalie,g2,Goalies,g,40.0,,False,2026-01-12,,
los-angeles-kings,dallas-stars,Darcy Kuemper,Starting Goalie,g1,Goalies,g,35.0,,False,2026-01-12,,
los-angeles-kings,dallas-stars,Anton Forsberg,Backup Goalie,g2,Goalies,g,31.0,,False,2026-01-12,,
minnesota-wild,new-jersey-devils,Jesper Wallstedt,Starting Goalie,g1,Goalies,g,,,False,2026-01-12,,
minnesota-wild,new-jersey-devils,Filip Gustavsson,Backup Goalie,g2,Goalies,g,32.0,,False,2026-01-12,,
montreal-canadiens,vancouver-canucks,Sam Montembeault,Starting Goalie,g1,Goalies,g,35.0,,False,2026-01-12,,
montreal-canadiens,vancouver-canucks,Jacob Fowler,Backup Goalie,g2,Goalies,g,32.0,,False,2026-01-12,,
new-jersey-devils,minnesota-wild,Jake Allen,Starting Goalie,g1,Goalies,g,34.0,,False,2026-01-12,,
new-jersey-devils,minnesota-wild,Jacob Markstrom,Backup Goalie,g2,Goalies,g,25.0,,False,2026-01-12,,
new-york-rangers,seattle-kraken,Jonathan Quick,Starting Goalie,g1,Goalies,g,32.0,,False,2026-01-12,,
new-york-rangers,seattle-kraken,Spencer Martin,Backup Goalie,g2,Goalies,g,,,False,2026-01-12,,
philadelphia-flyers,tampa-bay-lightning,Dan Vladar,Starting Goalie,g1,Goalies,g,80.0,,False,2026-01-12,,
philadelphia-flyers,tampa-bay-lightning,Samuel Ersson,Backup Goalie,g2,Goalies,g,33.0,,False,2026-01-12,,
seattle-kraken,new-york-rangers,Philipp Grubauer,Starting Goalie,g1,Goalies,g,31.0,,False,2026-01-12,,
seattle-kraken,new-york-rangers,Joey Daccord,Backup Goalie,g2,Goalies,g,35.0,,False,2026-01-12,,
tampa-bay-lightning,philadelphia-flyers,Andrei Vasilevskiy,Starting Goalie,g1,Goalies,g,88.0,,False,2026-01-12,,
tampa-bay-lightning,philadelphia-flyers,Jonas Johansson,Backup Goalie,g2,Goalies,g,31.0,,False,2026-01-12,,
toronto-maple-leafs,colorado-avalanche,Joseph Woll,Starting Goalie,g1,Goalies,g,60.0,,False,2026-01-12,,
toronto-maple-leafs,colorado-avalanche,Dennis Hildeby,Backup Goalie,g2,Goalies,g,,,False,2026-01-12,,
vancouver-canucks,montreal-canadiens,Kevin Lankinen,Starting Goalie,g1,Goalies,g,32.0,,False,2026-01-12,,
vancouver-canucks,montreal-canadiens,Nikita Tolopilo,Backup Goalie,g2,Goalies,g,60.0,,False,2026-01-12,,
anaheim-ducks,dallas-stars,Lukas Dostal,Starting Goalie,g1,Goalies,g,1.0,,False,2026-01-13,,
anaheim-ducks,dallas-stars,Ville Husso,Backup Goalie,g2,Goalies,g,33.0,,False,2026-01-13,,
boston-bruins,detroit-red-wings,Jeremy Swayman,Starting Goalie,g1,Goalies,g,1.0,,False,2026-01-13,,
boston-bruins,detroit-red-wings,Joonas Korpisalo,Backup Goalie,g2,Goalies,g,70.0,,False,2026-01-13,,
calgary-flames,columbus-blue-jackets,Devin Cooley,Starting Goalie,g1,Goalies,g,,,False,2026-01-13,,
calgary-flames,columbus-blue-jackets,Dustin Wolf,Backup Goalie,g2,Goalies,g,32.0,,False,2026-01-13,,
carolina-hurricanes,st-louis-blues,Brandon Bussi,Starting Goalie,g1,Goalies,g,32.0,,False,2026-01-13,,
carolina-hurricanes,st-louis-blues,Frederik Andersen,Backup Goalie,g2,Goalies,g,31.0,,False,2026-01-13,,
columbus-blue-jackets,calgary-flames,Jet Greaves,Starting Goalie,g1,Goalies,g,,,False,2026-01-13,,
columbus-blue-jackets,calgary-flames,Elvis Merzlikins,Backup Goalie,g2,Goalies,g,90.0,,False,2026-01-13,,
dallas-stars,anaheim-ducks,Casey DeSmith,Starting Goalie,g1,Goalies,g,1.0,,False,2026-01-13,,
dallas-stars,anaheim-ducks,Jake Oettinger,Backup Goalie,g2,Goalies,g,29.0,,False,2026-01-13,,
detroit-red-wings,boston-bruins,Cam Talbot,Starting Goalie,g1,Goalies,g,39.0,,False,2026-01-13,,
detroit-red-wings,boston-bruins,John Gibson,Backup Goalie,g2,Goalies,g,36.0,,False,2026-01-13,,
edmonton-oilers,nashville-predators,Calvin Pickard,Starting Goalie,g1,Goalies,g,30.0,,False,2026-01-13,,
edmonton-oilers,nashville-predators,Connor Ingram,Backup Goalie,g2,Goalies,g,39.0,,False,2026-01-13,,
montreal-canadiens,washington-capitals,Sam Montembeault,Starting Goalie,g1,Goalies,g,35.0,,False,2026-01-13,,
montreal-canadiens,washington-capitals,Jacob Fowler,Backup Goalie,g2,Goalies,g,32.0,,False,2026-01-13,,
nashville-predators,edmonton-oilers,Juuse Saros,Starting Goalie,g1,Goalies,g,74.0,,False,2026-01-13,,
nashville-predators,edmonton-oilers,Justus Annunen,Backup Goalie,g2,Goalies,g,29.0,,False,2026-01-13,,
new-york-islanders,winnipeg-jets,Ilya Sorokin,Starting Goalie,g1,Goalies,g,30.0,,False,2026-01-13,,
new-york-islanders,winnipeg-jets,David Rittich,Backup Goalie,g2,Goalies,g,31.0,,False,2026-01-13,,
ottawa-senators,vancouver-canucks,Leevi Merilainen,Starting Goalie,g1,Goalies,g,1.0,,False,2026-01-13,,
ottawa-senators,vancouver-canucks,Hunter Shepard,Backup Goalie,g2,Goalies,g,31.0,,False,2026-01-13,,
pittsburgh-penguins,tampa-bay-lightning,Arturs Silovs,Starting Goalie,g1,Goalies,g,,,False,2026-01-13,,
pittsburgh-penguins,tampa-bay-lightning,Stuart Skinner,Backup Goalie,g2,Goalies,g,74.0,,False,2026-01-13,,
st-louis-blues,carolina-hurricanes,Joel Hofer,Starting Goalie,g1,Goalies,g,30.0,,False,2026-01-13,,
st-louis-blues,carolina-hurricanes,Jordan Binnington,Backup Goalie,g2,Goalies,g,50.0,,False,2026-01-13,,
tampa-bay-lightning,pittsburgh-penguins,Andrei Vasilevskiy,Starting Goalie,g1,Goalies,g,88.0,,False,2026-01-13,,
tampa-bay-lightning,pittsburgh-penguins,Jonas Johansson,Backup Goalie,g2,Goalies,g,31.0,,False,2026-01-13,,
toronto-maple-leafs,utah-hockey-club,Dennis Hildeby,Starting Goalie,g1,Goalies,g,,,False,2026-01-13,,
toronto-maple-leafs,utah-hockey-club,Joseph Woll,Backup Goalie,g2,Goalies,g,60.0,,False,2026-01-13,,
utah-hockey-club,toronto-maple-leafs,Karel Vejmelka,Starting Goalie,g1,Goalies,g,70.0,,False,2026-01-13,,
utah-hockey-club,toronto-maple-leafs,Vitek Vanecek,Backup Goalie,g2,Goalies,g,41.0,,False,2026-01-13,,
vancouver-canucks,ottawa-senators,Kevin Lankinen,Starting Goalie,g1,Goalies,g,32.0,,False,2026-01-13,,
vancouver-canucks,ottawa-senators,Nikita Tolopilo,Backup Goalie,g2,Goalies,g,60.0,,False,2026-01-13,,
washington-capitals,montreal-canadiens,Logan Thompson,Starting Goalie,g1,Goalies,g,48.0,,False,2026-01-13,,
washington-capitals,montreal-canadiens,Charlie Lindgren,Backup Goalie,g2,Goalies,g,79.0,,False,2026-01-13,,
winnipeg-jets,new-york-islanders,Connor Hellebuyck,Starting Goalie,g1,Goalies,g,37.0,,False,2026-01-13,,
winnipeg-jets,new-york-islanders,Eric Comrie,Backup Goalie,g2,Goalies,g,1.0,,False,2026-01-13,,
buffalo-sabres,philadelphia-flyers,Ukko-Pekka Luukkonen,Starting Goalie,g1,Goalies,g,1.0,,False,2026-01-14,,
buffalo-sabres,philadelphia-flyers,Colten Ellis,Backup Goalie,g2,Goalies,g,92.0,,False,2026-01-14,,
los-angeles-kings,vegas-golden-knights,Darcy Kuemper,Starting Goalie,g1,Goalies,g,35.0,,False,2026-01-14,,
los-angeles-kings,vegas-golden-knights,Anton Forsberg,Backup Goalie,g2,Goalies,g,31.0,,False,2026-01-14,,
new-jersey-devils,seattle-kraken,Jacob Markstrom,Starting Goalie,g1,Goalies,g,25.0,,False,2026-01-14,,
new-jersey-devils,seattle-kraken,Jake Allen,Backup Goalie,g2,Goalies,g,34.0,,False,2026-01-14,,
new-york-rangers,ottawa-senators,Jonathan Quick,Starting Goalie,g1,Goalies,g,32.0,,False,2026-01-14,,
new-york-rangers,ottawa-senators,Spencer Martin,Backup Goalie,g2,Goalies,g,,,False,2026-01-14,,
ottawa-senators,new-york-rangers,James Reimer,Starting Goalie,g1,Goalies,g,47.0,,False,2026-01-14,,
ottawa-senators,new-york-rangers,Leevi Merilainen,Backup Goalie,g2,Goalies,g,1.0,,False,2026-01-14,,
philadelphia-flyers,buffalo-sabres,Dan Vladar,Starting Goalie,g1,Goalies,g,80.0,,False,2026-01-14,,
philadelphia-flyers,buffalo-sabres,Samuel Ersson,Backup Goalie,g2,Goalies,g,33.0,,False,2026-01-14,,
seattle-kraken,new-jersey-devils,Joey Daccord,Starting Goalie,g1,Goalies,g,35.0,,False,2026-01-14,,
seattle-kraken,new-jersey-devils,Philipp Grubauer,Backup Goalie,g2,Goalies,g,31.0,,False,2026-01-14,,
vegas-golden-knights,los-angeles-kings,Akira Schmid,Starting Goalie,g1,Goalies,g,40.0,,False,2026-01-14,,
vegas-golden-knights,los-angeles-kings,Carl Lindbom,Backup Goalie,g2,Goalies,g,,,False,2026-01-14,,
boston-bruins,seattle-kraken,Jeremy Swayman,Starting Goalie,g1,Goalies,g,1.0,,False,2026-01-15,,
boston-bruins,seattle-kraken,Joonas Korpisalo,Backup Goalie,g2,Goalies,g,70.0,,False,2026-01-15,,
buffalo-sabres,montreal-canadiens,Colten Ellis,Starting Goalie,g1,Goalies,g,92.0,,False,2026-01-15,,
buffalo-sabres,montreal-canadiens,Ukko-Pekka Luukkonen,Backup Goalie,g2,Goalies,g,1.0,,False,2026-01-15,,
calgary-flames,chicago-blackhawks,Dustin Wolf,Starting Goalie,g1,Goalies,g,32.0,,False,2026-01-15,,
calgary-flames,chicago-blackhawks,Devin Cooley,Backup Goalie,g2,Goalies,g,,,False,2026-01-15,,
chicago-blackhawks,calgary-flames,Spencer Knight,Starting Goalie,g1,Goalies,g,30.0,,False,2026-01-15,,
chicago-blackhawks,calgary-flames,Arvid Soderblom,Backup Goalie,g2,Goalies,g,40.0,,False,2026-01-15,,
columbus-blue-jackets,vancouver-canucks,Elvis Merzlikins,Starting Goalie,g1,Goalies,g,90.0,,False,2026-01-15,,
columbus-blue-jackets,vancouver-canucks,Jet Greaves,Backup Goalie,g2,Goalies,g,,,False,2026-01-15,,
dallas-stars,utah-hockey-club,Jake Oettinger,Starting Goalie,g1,Goalies,g,29.0,,False,2026-01-15,,
dallas-stars,utah-hockey-club,Casey DeSmith,Backup Goalie,g2,Goalies,g,1.0,,False,2026-01-15,,
edmonton-oilers,new-york-islanders,Tristan Jarry,Starting Goalie,g1,Goalies,g,35.0,,False,2026-01-15,,
edmonton-oilers,new-york-islanders,Connor Ingram,Backup Goalie,g2,Goalies,g,39.0,,False,2026-01-15,,
minnesota-wild,winnipeg-jets,Filip Gustavsson,Starting Goalie,g1,Goalies,g,32.0,,False,2026-01-15,,
minnesota-wild,winnipeg-jets,Jesper Wallstedt,Backup Goalie,g2,Goalies,g,,,False,2026-01-15,,
montreal-canadiens,buffalo-sabres,Jacob Fowler,Starting Goalie,g1,Goalies,g,32.0,,False,2026-01-15,,
montreal-canadiens,buffalo-sabres,Sam Montembeault,Backup Goalie,g2,Goalies,g,35.0,,False,2026-01-15,,
new-york-islanders,edmonton-oilers,Ilya Sorokin,Starting Goalie,g1,Goalies,g,30.0,,False,2026-01-15,,
new-york-islanders,edmonton-oilers,David Rittich,Backup Goalie,g2,Goalies,g,31.0,,False,2026-01-15,,
philadelphia-flyers,pittsburgh-penguins,Samuel Ersson,Starting Goalie,g1,Goalies,g,33.0,,False,2026-01-15,,
philadelphia-flyers,pittsburgh-penguins,Dan Vladar,Backup Goalie,g2,Goalies,g,80.0,,False,2026-01-15,,
pittsburgh-penguins,philadelphia-flyers,Stuart Skinner,Starting Goalie,g1,Goalies,g,74.0,,False,2026-01-15,,
pittsburgh-penguins,philadelphia-flyers,Arturs Silovs,Backup Goalie,g2,Goalies,g,,,False,2026-01-15,,
san-jose-sharks,washington-capitals,Yaroslav Askarov,Starting Goalie,g1,Goalies,g,30.0,,False,2026-01-15,,
san-jose-sharks,washington-capitals,Alex Nedeljkovic,Backup Goalie,g2,Goalies,g,33.0,,False,2026-01-15,,
seattle-kraken,boston-bruins,Joey Daccord,Starting Goalie,g1,Goalies,g,35.0,,False,2026-01-15,,
seattle-kraken,boston-bruins,Philipp Grubauer,Backup Goalie,g2,Goalies,g,31.0,,False,2026-01-15,,
toronto-maple-leafs,vegas-golden-knights,Joseph Woll,Starting Goalie,g1,Goalies,g,60.0,,False,2026-01-15,,
toronto-maple-leafs,vegas-golden-knights,Dennis Hildeby,Backup Goalie,g2,Goalies,g,,,False,2026-01-15,,
utah-hockey-club,dallas-stars,Karel Vejmelka,Starting Goalie,g1,Goalies,g,70.0,,False,2026-01-15,,
utah-hockey-club,dallas-stars,Vitek Vanecek,Backup Goalie,g2,Goalies,g,41.0,,False,2026-01-15,,
vancouver-canucks,columbus-blue-jackets,Kevin Lankinen,Starting Goalie,g1,Goalies,g,32.0,,False,2026-01-15,,
vancouver-canucks,columbus-blue-jackets,Nikita Tolopilo,Backup Goalie,g2,Goalies,g,60.0,,False,2026-01-15,,
vegas-golden-knights,toronto-maple-leafs,Adin Hill,Starting Goalie,g1,Goalies,g,33.0,,False,2026-01-15,,
vegas-golden-knights,toronto-maple-leafs,Akira Schmid,Backup Goalie,g2,Goalies,g,40.0,,False,2026-01-15,,
washington-capitals,san-jose-sharks,Logan Thompson,Starting Goalie,g1,Goalies,g,48.0,,False,2026-01-15,,
washington-capitals,san-jose-sharks,Charlie Lindgren,Backup Goalie,g2,Goalies,g,79.0,,False,2026-01-15,,
winnipeg-jets,minnesota-wild,Connor Hellebuyck,Starting Goalie,g1,Goalies,g,37.0,,False,2026-01-15,,
winnipeg-jets,minnesota-wild,Eric Comrie,Backup Goalie,g2,Goalies,g,1.0,,False,2026-01-15,,
anaheim-ducks,los-angeles-kings,Lukas Dostal,Starting Goalie,g1,Goalies,g,1.0,,False,2026-01-16,,
anaheim-ducks,los-angeles-kings,Ville Husso,Backup Goalie,g2,Goalies,g,33.0,,False,2026-01-16,,
carolina-hurricanes,florida-panthers,Brandon Bussi,Starting Goalie,g1,Goalies,g,32.0,,False,2026-01-16,,
carolina-hurricanes,florida-panthers,Frederik Andersen,Backup Goalie,g2,Goalies,g,31.0,,False,2026-01-16,,
colorado-avalanche,nashville-predators,Mackenzie Blackwood,Starting Goalie,g1,Goalies,g,39.0,,False,2026-01-16,,
colorado-avalanche,nashville-predators,Scott Wedgewood,Backup Goalie,g2,Goalies,g,41.0,,False,2026-01-16,,
detroit-red-wings,san-jose-sharks,John Gibson,Starting Goalie,g1,Goalies,g,36.0,,False,2026-01-16,,
detroit-red-wings,san-jose-sharks,Cam Talbot,Backup Goalie,g2,Goalies,g,39.0,,False,2026-01-16,,
florida-panthers,carolina-hurricanes,Sergei Bobrovsky,Starting Goalie,g1,Goalies,g,72.0,,False,2026-01-16,,
florida-panthers,carolina-hurricanes,Daniil Tarasov,Backup Goalie,g2,Goalies,g,40.0,,False,2026-01-16,,
los-angeles-kings,anaheim-ducks,Darcy Kuemper,Starting Goalie,g1,Goalies,g,35.0,,False,2026-01-16,,
los-angeles-kings,anaheim-ducks,Anton Forsberg,Backup Goalie,g2,Goalies,g,31.0,,False,2026-01-16,,
nashville-predators,colorado-avalanche,Juuse Saros,Starting Goalie,g1,Goalies,g,74.0,,False,2026-01-16,,
nashville-predators,colorado-avalanche,Justus Annunen,Backup Goalie,g2,Goalies,g,29.0,,False,2026-01-16,,
san-jose-sharks,detroit-red-wings,Alex Nedeljkovic,Starting Goalie,g1,Goalies,g,33.0,,False,2026-01-16,,
san-jose-sharks,detroit-red-wings,Yaroslav Askarov,Backup Goalie,g2,Goalies,g,30.0,,False,2026-01-16,,
st-louis-blues,tampa-bay-lightning,Jordan Binnington,Starting Goalie,g1,Goalies,g,50.0,,False,2026-01-16,,
st-louis-blues,tampa-bay-lightning,Joel Hofer,Backup Goalie,g2,Goalies,g,30.0,,False,2026-01-16,,
tampa-bay-lightning,st-louis-blues,Andrei Vasilevskiy,Starting Goalie,g1,Goalies,g,88.0,,False,2026-01-16,,
tampa-bay-lightning,st-louis-blues,Jonas Johansson,Backup Goalie,g2,Goalies,g,31.0,,False,2026-01-16,,
anaheim-ducks,los-angeles-kings,Ville Husso,Starting Goalie,g1,Goalies,g,33.0,,False,2026-01-17,,
anaheim-ducks,los-angeles-kings,Lukas Dostal,Backup Goalie,g2,Goalies,g,1.0,,False,2026-01-17,,
boston-bruins,chicago-blackhawks,Jeremy Swayman,Starting Goalie,g1,Goalies,g,1.0,,False,2026-01-17,,
boston-bruins,chicago-blackhawks,Joonas Korpisalo,Backup Goalie,g2,Goalies,g,70.0,,False,2026-01-17,,
buffalo-sabres,minnesota-wild,Ukko-Pekka Luukkonen,Starting Goalie,g1,Goalies,g,1.0,,False,2026-01-17,,
buffalo-sabres,minnesota-wild,Colten Ellis,Backup Goalie,g2,Goalies,g,92.0,,False,2026-01-17,,
calgary-flames,new-york-islanders,Dustin Wolf,Starting Goalie,g1,Goalies,g,32.0,,False,2026-01-17,,
calgary-flames,new-york-islanders,Devin Cooley,Backup Goalie,g2,Goalies,g,,,False,2026-01-17,,
carolina-hurricanes,new-jersey-devils,Frederik Andersen,Starting Goalie,g1,Goalies,g,31.0,,False,2026-01-17,,
carolina-hurricanes,new-jersey-devils,Brandon Bussi,Backup Goalie,g2,Goalies,g,32.0,,False,2026-01-17,,
chicago-blackhawks,boston-bruins,Spencer Knight,Starting Goalie,g1,Goalies,g,30.0,,False,2026-01-17,,
chicago-blackhawks,boston-bruins,Arvid Soderblom,Backup Goalie,g2,Goalies,g,40.0,,False,2026-01-17,,
columbus-blue-jackets,pittsburgh-penguins,Jet Greaves,Starting Goalie,g1,Goalies,g,,,False,2026-01-17,,
columbus-blue-jackets,pittsburgh-penguins,Elvis Merzlikins,Backup Goalie,g2,Goalies,g,90.0,,False,2026-01-17,,
edmonton-oilers,vancouver-canucks,Tristan Jarry,Starting Goalie,g1,Goalies,g,35.0,,False,2026-01-17,,
edmonton-oilers,vancouver-canucks,Connor Ingram,Backup Goalie,g2,Goalies,g,39.0,,False,2026-01-17,,
florida-panthers,washington-capitals,Daniil Tarasov,Starting Goalie,g1,Goalies,g,40.0,,False,2026-01-17,,
florida-panthers,washington-capitals,Sergei Bobrovsky,Backup Goalie,g2,Goalies,g,72.0,,False,2026-01-17,,
los-angeles-kings,anaheim-ducks,Anton Forsberg,Starting Goalie,g1,Goalies,g,31.0,,False,2026-01-17,,
los-angeles-kings,anaheim-ducks,Darcy Kuemper,Backup Goalie,g2,Goalies,g,35.0,,False,2026-01-17,,
minnesota-wild,buffalo-sabres,Filip Gustavsson,Starting Goalie,g1,Goalies,g,32.0,,False,2026-01-17,,
minnesota-wild,buffalo-sabres,Jesper Wallstedt,Backup Goalie,g2,Goalies,g,,,False,2026-01-17,,
montreal-canadiens,ottawa-senators,Sam Montembeault,Starting Goalie,g1,Goalies,g,35.0,,False,2026-01-17,,
montreal-canadiens,ottawa-senators,Jakub Dobes,Backup Goalie,g2,Goalies,g,75.0,,False,2026-01-17,,
nashville-predators,vegas-golden-knights,Justus Annunen,Starting Goalie,g1,Goalies,g,29.0,,False,2026-01-17,,
nashville-predators,vegas-golden-knights,Juuse Saros,Backup Goalie,g2,Goalies,g,74.0,,False,2026-01-17,,
new-jersey-devils,carolina-hurricanes,Jacob Markstrom,Starting Goalie,g1,Goalies,g,25.0,,False,2026-01-17,,
new-jersey-devils,carolina-hurricanes,Jake Allen,Backup Goalie,g2,Goalies,g,34.0,,False,2026-01-17,,
new-york-islanders,calgary-flames,David Rittich,Starting Goalie,g1,Goalies,g,31.0,,False,2026-01-17,,
new-york-islanders,calgary-flames,Ilya Sorokin,Backup Goalie,g2,Goalies,g,30.0,,False,2026-01-17,,
new-york-rangers,philadelphia-flyers,Jonathan Quick,Starting Goalie,g1,Goalies,g,32.0,,False,2026-01-17,,
new-york-rangers,philadelphia-flyers,Spencer Martin,Backup Goalie,g2,Goalies,g,,,False,2026-01-17,,
ottawa-senators,montreal-canadiens,Leevi Merilainen,Starting Goalie,g1,Goalies,g,1.0,,False,2026-01-17,,
ottawa-senators,montreal-canadiens,James Reimer,Backup Goalie,g2,Goalies,g,47.0,,False,2026-01-17,,
philadelphia-flyers,new-york-rangers,Aleksei Kolosov,Starting Goalie,g1,Goalies,g,,,False,2026-01-17,,
philadelphia-flyers,new-york-rangers,Samuel Ersson,Backup Goalie,g2,Goalies,g,33.0,,False,2026-01-17,,
pittsburgh-penguins,columbus-blue-jackets,Arturs Silovs,Starting Goalie,g1,Goalies,g,,,False,2026-01-17,,
pittsburgh-penguins,columbus-blue-jackets,Stuart Skinner,Backup Goalie,g2,Goalies,g,74.0,,False,2026-01-17,,
seattle-kraken,utah-hockey-club,Philipp Grubauer,Starting Goalie,g1,Goalies,g,31.0,,False,2026-01-17,,
seattle-kraken,utah-hockey-club,Joey Daccord,Backup Goalie,g2,Goalies,g,35.0,,False,2026-01-17,,
toronto-maple-leafs,winnipeg-jets,Joseph Woll,Starting Goalie,g1,Goalies,g,60.0,,False,2026-01-17,,
toronto-maple-leafs,winnipeg-jets,Dennis Hildeby,Backup Goalie,g2,Goalies,g,,,False,2026-01-17,,
utah-hockey-club,seattle-kraken,Karel Vejmelka,Starting Goalie,g1,Goalies,g,70.0,,False,2026-01-17,,
utah-hockey-club,seattle-kraken,Vitek Vanecek,Backup Goalie,g2,Goalies,g,41.0,,False,2026-01-17,,
vancouver-canucks,edmonton-oilers,Kevin Lankinen,Starting Goalie,g1,Goalies,g,32.0,,False,2026-01-17,,
vancouver-canucks,edmonton-oilers,Nikita Tolopilo,Backup Goalie,g2,Goalies,g,60.0,,False,2026-01-17,,
vegas-golden-knights,nashville-predators,Akira Schmid,Starting Goalie,g1,Goalies,g,40.0,,False,2026-01-17,,
vegas-golden-knights,nashville-predators,Adin Hill,Backup Goalie,g2,Goalies,g,33.0,,False,2026-01-17,,
washington-capitals,florida-panthers,Logan Thompson,Starting Goalie,g1,Goalies,g,48.0,,False,2026-01-17,,
washington-capitals,florida-panthers,Charlie Lindgren,Backup Goalie,g2,Goalies,g,79.0,,False,2026-01-17,,
winnipeg-jets,toronto-maple-leafs,Connor Hellebuyck,Starting Goalie,g1,Goalies,g,37.0,,False,2026-01-17,,
winnipeg-jets,toronto-maple-leafs,Eric Comrie,Backup Goalie,g2,Goalies,g,1.0,,False,2026-01-17,,
dallas-stars,tampa-bay-lightning,Jake Oettinger,Starting Goalie,g1,Goalies,g,29.0,,False,2026-01-18,,
dallas-stars,tampa-bay-lightning,Casey DeSmith,Backup Goalie,g2,Goalies,g,1.0,,False,2026-01-18,,
detroit-red-wings,ottawa-senators,John Gibson,Starting Goalie,g1,Goalies,g,36.0,,False,2026-01-18,,
detroit-red-wings,ottawa-senators,Cam Talbot,Backup Goalie,g2,Goalies,g,39.0,,False,2026-01-18,,
edmonton-oilers,st-louis-blues,Tristan Jarry,Starting Goalie,g1,Goalies,g,35.0,,False,2026-01-18,,
edmonton-oilers,st-louis-blues,Connor Ingram,Backup Goalie,g2,Goalies,g,39.0,,False,2026-01-18,,
ottawa-senators,detroit-red-wings,James Reimer,Starting Goalie,g1,Goalies,g,47.0,,False,2026-01-18,,
ottawa-senators,detroit-red-wings,Leevi Merilainen,Backup Goalie,g2,Goalies,g,1.0,,False,2026-01-18,,
st-louis-blues,edmonton-oilers,Jordan Binnington,Starting Goalie,g1,Goalies,g,50.0,,False,2026-01-18,,
st-louis-blues,edmonton-oilers,Joel Hofer,Backup Goalie,g2,Goalies,g,30.0,,False,2026-01-18,,
tampa-bay-lightning,dallas-stars,Andrei Vasilevskiy,Starting Goalie,g1,Goalies,g,88.0,,False,2026-01-18,,
tampa-bay-lightning,dallas-stars,Jonas Johansson,Backup Goalie,g2,Goalies,g,31.0,,False,2026-01-18,,
anaheim-ducks,new-york-rangers,Lukas Dostal,Starting Goalie,g1,Goalies,g,1.0,,False,2026-01-19,,
anaheim-ducks,new-york-rangers,Ville Husso,Backup Goalie,g2,Goalies,g,33.0,,False,2026-01-19,,
buffalo-sabres,carolina-hurricanes,Ukko-Pekka Luukkonen,Starting Goalie,g1,Goalies,g,1.0,,False,2026-01-19,,
buffalo-sabres,carolina-hurricanes,Colten Ellis,Backup Goalie,g2,Goalies,g,92.0,,False,2026-01-19,,
calgary-flames,new-jersey-devils,Dustin Wolf,Starting Goalie,g1,Goalies,g,32.0,,False,2026-01-19,,
calgary-flames,new-jersey-devils,Devin Cooley,Backup Goalie,g2,Goalies,g,,,False,2026-01-19,,
carolina-hurricanes,buffalo-sabres,Brandon Bussi,Starting Goalie,g1,Goalies,g,32.0,,False,2026-01-19,,
carolina-hurricanes,buffalo-sabres,Frederik Andersen,Backup Goalie,g2,Goalies,g,31.0,,False,2026-01-19,,
chicago-blackhawks,winnipeg-jets,Spencer Knight,Starting Goalie,g1,Goalies,g,30.0,,False,2026-01-19,,
chicago-blackhawks,winnipeg-jets,Arvid Soderblom,Backup Goalie,g2,Goalies,g,40.0,,False,2026-01-19,,
colorado-avalanche,washington-capitals,Scott Wedgewood,Starting Goalie,g1,Goalies,g,41.0,,False,2026-01-19,,
colorado-avalanche,washington-capitals,Mackenzie Blackwood,Backup Goalie,g2,Goalies,g,39.0,,False,2026-01-19,,
florida-panthers,san-jose-sharks,Sergei Bobrovsky,Starting Goalie,g1,Goalies,g,72.0,,False,2026-01-19,,
florida-panthers,san-jose-sharks,Daniil Tarasov,Backup Goalie,g2,Goalies,g,40.0,,False,2026-01-19,,
minnesota-wild,toronto-maple-leafs,Filip Gustavsson,Starting Goalie,g1,Goalies,g,32.0,,False,2026-01-19,,
minnesota-wild,toronto-maple-leafs,Jesper Wallstedt,Backup Goalie,g2,Goalies,g,,,False,2026-01-19,,
new-jersey-devils,calgary-flames,Jacob Markstrom,Starting Goalie,g1,Goalies,g,25.0,,False,2026-01-19,,
new-jersey-devils,calgary-flames,Jake Allen,Backup Goalie,g2,Goalies,g,34.0,,False,2026-01-19,,
new-york-islanders,vancouver-canucks,Ilya Sorokin,Starting Goalie,g1,Goalies,g,30.0,,False,2026-01-19,,
new-york-islanders,vancouver-canucks,David Rittich,Backup Goalie,g2,Goalies,g,31.0,,False,2026-01-19,,
new-york-rangers,anaheim-ducks,Jonathan Quick,Starting Goalie,g1,Goalies,g,32.0,,False,2026-01-19,,
new-york-rangers,anaheim-ducks,Spencer Martin,Backup Goalie,g2,Goalies,g,41.0,,False,2026-01-19,,
philadelphia-flyers,vegas-golden-knights,Samuel Ersson,Starting Goalie,g1,Goalies,g,33.0,,False,2026-01-19,,
philadelphia-flyers,vegas-golden-knights,Aleksei Kolosov,Backup Goalie,g2,Goalies,g,,,False,2026-01-19,,
pittsburgh-penguins,seattle-kraken,Stuart Skinner,Starting Goalie,g1,Goalies,g,74.0,,False,2026-01-19,,
pittsburgh-penguins,seattle-kraken,Arturs Silovs,Backup Goalie,g2,Goalies,g,,,False,2026-01-19,,
san-jose-sharks,florida-panthers,Alex Nedeljkovic,Starting Goalie,g1,Goalies,g,33.0,,False,2026-01-19,,
san-jose-sharks,florida-panthers,Yaroslav Askarov,Backup Goalie,g2,Goalies,g,30.0,,False,2026-01-19,,
seattle-kraken,pittsburgh-penguins,Philipp Grubauer,Starting Goalie,g1,Goalies,g,31.0,,False,2026-01-19,,
seattle-kraken,pittsburgh-penguins,Joey Daccord,Backup Goalie,g2,Goalies,g,35.0,,False,2026-01-19,,
toronto-maple-leafs,minnesota-wild,Joseph Woll,Starting Goalie,g1,Goalies,g,60.0,,False,2026-01-19,,
toronto-maple-leafs,minnesota-wild,Dennis Hildeby,Backup Goalie,g2,Goalies,g,,,False,2026-01-19,,
vancouver-canucks,new-york-islanders,Kevin Lankinen,Starting Goalie,g1,Goalies,g,32.0,,False,2026-01-19,,
vancouver-canucks,new-york-islanders,Jiri Patera,Backup Goalie,g2,Goalies,g,30.0,,False,2026-01-19,,
vegas-golden-knights,philadelphia-flyers,Adin Hill,Starting Goalie,g1,Goalies,g,33.0,,False,2026-01-19,,
vegas-golden-knights,philadelphia-flyers,Akira Schmid,Backup Goalie,g2,Goalies,g,40.0,,False,2026-01-19,,
washington-capitals,colorado-avalanche,Logan Thompson,Starting Goalie,g1,Goalies,g,48.0,,False,2026-01-19,,
washington-capitals,colorado-avalanche,Charlie Lindgren,Backup Goalie,g2,Goalies,g,79.0,,False,2026-01-19,,
winnipeg-jets,chicago-blackhawks,Connor Hellebuyck,Starting Goalie,g1,Goalies,g,37.0,,False,2026-01-19,,
winnipeg-jets,chicago-blackhawks,Eric Comrie,Backup Goalie,g2,Goalies,g,1.0,,False,2026-01-19,,
boston-bruins,dallas-stars,Jeremy Swayman,Starting Goalie,g1,Goalies,g,1.0,,False,2026-01-20,,
boston-bruins,dallas-stars,Joonas Korpisalo,Backup Goalie,g2,Goalies,g,70.0,,False,2026-01-20,,
buffalo-sabres,nashville-predators,Alex Lyon,Starting Goalie,g1,Goalies,g,34.0,,False,2026-01-20,,
buffalo-sabres,nashville-predators,Ukko-Pekka Luukkonen,Backup Goalie,g2,Goalies,g,1.0,,False,2026-01-20,,
columbus-blue-jackets,ottawa-senators,Elvis Merzlikins,Starting Goalie,g1,Goalies,g,90.0,,False,2026-01-20,,
columbus-blue-jackets,ottawa-senators,Jet Greaves,Backup Goalie,g2,Goalies,g,,,False,2026-01-20,,
dallas-stars,boston-bruins,Jake Oettinger,Starting Goalie,g1,Goalies,g,29.0,,False,2026-01-20,,
dallas-stars,boston-bruins,Casey DeSmith,Backup Goalie,g2,Goalies,g,1.0,,False,2026-01-20,,
edmonton-oilers,new-jersey-devils,Tristan Jarry,Starting Goalie,g1,Goalies,g,35.0,,False,2026-01-20,,
edmonton-oilers,new-jersey-devils,Connor Ingram,Backup Goalie,g2,Goalies,g,39.0,,False,2026-01-20,,
los-angeles-kings,new-york-rangers,Darcy Kuemper,Starting Goalie,g1,Goalies,g,35.0,,False,2026-01-20,,
los-angeles-kings,new-york-rangers,Anton Forsberg,Backup Goalie,g2,Goalies,g,31.0,,False,2026-01-20,,
minnesota-wild,montreal-canadiens,Jesper Wallstedt,Starting Goalie,g1,Goalies,g,,,False,2026-01-20,,
minnesota-wild,montreal-canadiens,Filip Gustavsson,Backup Goalie,g2,Goalies,g,32.0,,False,2026-01-20,,
montreal-canadiens,minnesota-wild,Sam Montembeault,Starting Goalie,g1,Goalies,g,35.0,,False,2026-01-20,,
montreal-canadiens,minnesota-wild,Jakub Dobes,Backup Goalie,g2,Goalies,g,75.0,,False,2026-01-20,,
nashville-predators,buffalo-sabres,Juuse Saros,Starting Goalie,g1,Goalies,g,74.0,,False,2026-01-20,,
nashville-predators,buffalo-sabres,Justus Annunen,Backup Goalie,g2,Goalies,g,29.0,,False,2026-01-20,,
new-jersey-devils,edmonton-oilers,Jake Allen,Starting Goalie,g1,Goalies,g,34.0,,False,2026-01-20,,
new-jersey-devils,edmonton-oilers,Jacob Markstrom,Backup Goalie,g2,Goalies,g,25.0,,False,2026-01-20,,
new-york-rangers,los-angeles-kings,Jonathan Quick,Starting Goalie,g1,Goalies,g,32.0,,False,2026-01-20,,
new-york-rangers,los-angeles-kings,Spencer Martin,Backup Goalie,g2,Goalies,g,41.0,,False,2026-01-20,,
ottawa-senators,columbus-blue-jackets,Leevi Merilainen,Starting Goalie,g1,Goalies,g,1.0,,False,2026-01-20,,
ottawa-senators,columbus-blue-jackets,James Reimer,Backup Goalie,g2,Goalies,g,47.0,,False,2026-01-20,,
san-jose-sharks,tampa-bay-lightning,Yaroslav Askarov,Starting Goalie,g1,Goalies,g,30.0,,False,2026-01-20,,
san-jose-sharks,tampa-bay-lightning,Alex Nedeljkovic,Backup Goalie,g2,Goalies,g,33.0,,False,2026-01-20,,
st-louis-blues,winnipeg-jets,Joel Hofer,Starting Goalie,g1,Goalies,g,30.0,,False,2026-01-20,,
st-louis-blues,winnipeg-jets,Jordan Binnington,Backup Goalie,g2,Goalies,g,50.0,,False,2026-01-20,,
tampa-bay-lightning,san-jose-sharks,Andrei Vasilevskiy,Starting Goalie,g1,Goalies,g,88.0,,False,2026-01-20,,
tampa-bay-lightning,san-jose-sharks,Jonas Johansson,Backup Goalie,g2,Goalies,g,31.0,,False,2026-01-20,,
winnipeg-jets,st-louis-blues,Eric Comrie,Starting Goalie,g1,Goalies,g,1.0,,False,2026-01-20,,
winnipeg-jets,st-louis-blues,Connor Hellebuyck,Backup Goalie,g2,Goalies,g,37.0,,False,2026-01-20,,
anaheim-ducks,colorado-avalanche,Lukas Dostal,Starting Goalie,g1,Goalies,g,1.0,,False,2026-01-21,,
anaheim-ducks,colorado-avalanche,Ville Husso,Backup Goalie,g2,Goalies,g,33.0,,False,2026-01-21,,
calgary-flames,pittsburgh-penguins,Dustin Wolf,Starting Goalie,g1,Goalies,g,32.0,,False,2026-01-21,,
calgary-flames,pittsburgh-penguins,Devin Cooley,Backup Goalie,g2,Goalies,g,,,False,2026-01-21,,
colorado-avalanche,anaheim-ducks,Mackenzie Blackwood,Starting Goalie,g1,Goalies,g,39.0,,False,2026-01-21,,
colorado-avalanche,anaheim-ducks,Scott Wedgewood,Backup Goalie,g2,Goalies,g,41.0,,False,2026-01-21,,
detroit-red-wings,toronto-maple-leafs,John Gibson,Starting Goalie,g1,Goalies,g,36.0,,False,2026-01-21,,
detroit-red-wings,toronto-maple-leafs,Cam Talbot,Backup Goalie,g2,Goalies,g,39.0,,False,2026-01-21,,
new-york-islanders,seattle-kraken,Ilya Sorokin,Starting Goalie,g1,Goalies,g,30.0,,False,2026-01-21,,
new-york-islanders,seattle-kraken,David Rittich,Backup Goalie,g2,Goalies,g,31.0,,False,2026-01-21,,
philadelphia-flyers,utah-hockey-club,Samuel Ersson,Starting Goalie,g1,Goalies,g,33.0,,False,2026-01-21,,
philadelphia-flyers,utah-hockey-club,Aleksei Kolosov,Backup Goalie,g2,Goalies,g,,,False,2026-01-21,,
pittsburgh-penguins,calgary-flames,Stuart Skinner,Starting Goalie,g1,Goalies,g,74.0,,False,2026-01-21,,
pittsburgh-penguins,calgary-flames,Arturs Silovs,Backup Goalie,g2,Goalies,g,,,False,2026-01-21,,
seattle-kraken,new-york-islanders,Philipp Grubauer,Starting Goalie,g1,Goalies,g,31.0,,False,2026-01-21,,
seattle-kraken,new-york-islanders,Joey Daccord,Backup Goalie,g2,Goalies,g,35.0,,False,2026-01-21,,
toronto-maple-leafs,detroit-red-wings,Dennis Hildeby,Starting Goalie,g1,Goalies,g,,,False,2026-01-21,,
toronto-maple-leafs,detroit-red-wings,Joseph Woll,Backup Goalie,g2,Goalies,g,60.0,,False,2026-01-21,,
utah-hockey-club,philadelphia-flyers,Karel Vejmelka,Starting Goalie,g1,Goalies,g,70.0,,False,2026-01-21,,
utah-hockey-club,philadelphia-flyers,Vitek Vanecek,Backup Goalie,g2,Goalies,g,41.0,,False,2026-01-21,,
vancouver-canucks,washington-capitals,Kevin Lankinen,Starting Goalie,g1,Goalies,g,32.0,,False,2026-01-21,,
vancouver-canucks,washington-capitals,Jiri Patera,Backup Goalie,g2,Goalies,g,30.0,,False,2026-01-21,,
washington-capitals,vancouver-canucks,Logan Thompson,Starting Goalie,g1,Goalies,g,48.0,,False,2026-01-21,,
washington-capitals,vancouver-canucks,Charlie Lindgren,Backup Goalie,g2,Goalies,g,79.0,,False,2026-01-21,,
boston-bruins,vegas-golden-knights,Jeremy Swayman,Starting Goalie,g1,Goalies,g,1.0,,False,2026-01-22,,
boston-bruins,vegas-golden-knights,Joonas Korpisalo,Backup Goalie,g2,Goalies,g,70.0,,False,2026-01-22,,
buffalo-sabres,montreal-canadiens,Alex Lyon,Starting Goalie,g1,Goalies,g,34.0,,False,2026-01-22,,
buffalo-sabres,montreal-canadiens,Ukko-Pekka Luukkonen,Backup Goalie,g2,Goalies,g,1.0,,False,2026-01-22,,
carolina-hurricanes,chicago-blackhawks,Frederik Andersen,Starting Goalie,g1,Goalies,g,31.0,,False,2026-01-22,,
carolina-hurricanes,chicago-blackhawks,Brandon Bussi,Backup Goalie,g2,Goalies,g,32.0,,False,2026-01-22,,
chicago-blackhawks,carolina-hurricanes,Spencer Knight,Starting Goalie,g1,Goalies,g,30.0,,False,2026-01-22,,
chicago-blackhawks,carolina-hurricanes,Arvid Soderblom,Backup Goalie,g2,Goalies,g,40.0,,False,2026-01-22,,
columbus-blue-jackets,dallas-stars,Elvis Merzlikins,Starting Goalie,g1,Goalies,g,90.0,,True,2026-01-22,,
columbus-blue-jackets,dallas-stars,Jet Greaves,Backup Goalie,g2,Goalies,g,,,False,2026-01-22,,
dallas-stars,columbus-blue-jackets,Jake Oettinger,Starting Goalie,g1,Goalies,g,29.0,,False,2026-01-22,,
dallas-stars,columbus-blue-jackets,Casey DeSmith,Backup Goalie,g2,Goalies,g,1.0,,False,2026-01-22,,
detroit-red-wings,minnesota-wild,John Gibson,Starting Goalie,g1,Goalies,g,36.0,,False,2026-01-22,,
detroit-red-wings,minnesota-wild,Cam Talbot,Backup Goalie,g2,Goalies,g,39.0,,False,2026-01-22,,
edmonton-oilers,pittsburgh-penguins,Tristan Jarry,Starting Goalie,g1,Goalies,g,35.0,,False,2026-01-22,,
edmonton-oilers,pittsburgh-penguins,Connor Ingram,Backup Goalie,g2,Goalies,g,39.0,,False,2026-01-22,,
florida-panthers,winnipeg-jets,Sergei Bobrovsky,Starting Goalie,g1,Goalies,g,72.0,,False,2026-01-22,,
florida-panthers,winnipeg-jets,Daniil Tarasov,Backup Goalie,g2,Goalies,g,40.0,,False,2026-01-22,,
minnesota-wild,detroit-red-wings,Jesper Wallstedt,Starting Goalie,g1,Goalies,g,,,False,2026-01-22,,
minnesota-wild,detroit-red-wings,Filip Gustavsson,Backup Goalie,g2,Goalies,g,32.0,,False,2026-01-22,,
montreal-canadiens,buffalo-sabres,Jakub Dobes,Starting Goalie,g1,Goalies,g,75.0,,False,2026-01-22,,
montreal-canadiens,buffalo-sabres,Sam Montembeault,Backup Goalie,g2,Goalies,g,35.0,,False,2026-01-22,,
nashville-predators,ottawa-senators,Juuse Saros,Starting Goalie,g1,Goalies,g,74.0,,False,2026-01-22,,
nashville-predators,ottawa-senators,Justus Annunen,Backup Goalie,g2,Goalies,g,29.0,,False,2026-01-22,,
ottawa-senators,nashville-predators,James Reimer,Starting Goalie,g1,Goalies,g,47.0,,False,2026-01-22,,
ottawa-senators,nashville-predators,Hunter Shepard,Backup Goalie,g2,Goalies,g,31.0,,False,2026-01-22,,
pittsburgh-penguins,edmonton-oilers,Stuart Skinner,Starting Goalie,g1,Goalies,g,74.0,,False,2026-01-22,,
pittsburgh-penguins,edmonton-oilers,Arturs Silovs,Backup Goalie,g2,Goalies,g,,,False,2026-01-22,,
vegas-golden-knights,boston-bruins,Adin Hill,Starting Goalie,g1,Goalies,g,33.0,,False,2026-01-22,,
vegas-golden-knights,boston-bruins,Akira Schmid,Backup Goalie,g2,Goalies,g,40.0,,False,2026-01-22,,
winnipeg-jets,florida-panthers,Connor Hellebuyck,Starting Goalie,g1,Goalies,g,37.0,,False,2026-01-22,,
winnipeg-jets,florida-panthers,Eric Comrie,Backup Goalie,g2,Goalies,g,1.0,,False,2026-01-22,,
anaheim-ducks,seattle-kraken,Lukas Dostal,Starting Goalie,g1,Goalies,g,1.0,,False,2026-01-23,,
anaheim-ducks,seattle-kraken,Ville Husso,Backup Goalie,g2,Goalies,g,33.0,,False,2026-01-23,,
calgary-flames,washington-capitals,Devin Cooley,Starting Goalie,g1,Goalies,g,,,False,2026-01-23,,
calgary-flames,washington-capitals,Dustin Wolf,Backup Goalie,g2,Goalies,g,32.0,,False,2026-01-23,,
chicago-blackhawks,tampa-bay-lightning,Arvid Soderblom,Starting Goalie,g1,Goalies,g,40.0,,False,2026-01-23,,
chicago-blackhawks,tampa-bay-lightning,Spencer Knight,Backup Goalie,g2,Goalies,g,30.0,,False,2026-01-23,,
colorado-avalanche,philadelphia-flyers,Mackenzie Blackwood,Starting Goalie,g1,Goalies,g,39.0,,False,2026-01-23,,
colorado-avalanche,philadelphia-flyers,Scott Wedgewood,Backup Goalie,g2,Goalies,g,41.0,,False,2026-01-23,,
dallas-stars,st-louis-blues,Jake Oettinger,Starting Goalie,g1,Goalies,g,29.0,,False,2026-01-23,,
dallas-stars,st-louis-blues,Casey DeSmith,Backup Goalie,g2,Goalies,g,1.0,,False,2026-01-23,,
new-jersey-devils,vancouver-canucks,Jacob Markstrom,Starting Goalie,g1,Goalies,g,25.0,,False,2026-01-23,,
new-jersey-devils,vancouver-canucks,Jake Allen,Backup Goalie,g2,Goalies,g,34.0,,False,2026-01-23,,
new-york-rangers,san-jose-sharks,Jonathan Quick,Starting Goalie,g1,Goalies,g,32.0,,False,2026-01-23,,
new-york-rangers,san-jose-sharks,Spencer Martin,Backup Goalie,g2,Goalies,g,41.0,,False,2026-01-23,,
philadelphia-flyers,colorado-avalanche,Dan Vladar,Starting Goalie,g1,Goalies,g,80.0,,True,2026-01-23,,
philadelphia-flyers,colorado-avalanche,Samuel Ersson,Backup Goalie,g2,Goalies,g,33.0,,False,2026-01-23,,
san-jose-sharks,new-york-rangers,Alex Nedeljkovic,Starting Goalie,g1,Goalies,g,33.0,,False,2026-01-23,,
san-jose-sharks,new-york-rangers,Yaroslav Askarov,Backup Goalie,g2,Goalies,g,30.0,,False,2026-01-23,,
seattle-kraken,anaheim-ducks,Joey Daccord,Starting Goalie,g1,Goalies,g,35.0,,False,2026-01-23,,
seattle-kraken,anaheim-ducks,Philipp Grubauer,Backup Goalie,g2,Goalies,g,31.0,,False,2026-01-23,,
st-louis-blues,dallas-stars,Joel Hofer,Starting Goalie,g1,Goalies,g,30.0,,False,2026-01-23,,
st-louis-blues,dallas-stars,Jordan Binnington,Backup Goalie,g2,Goalies,g,50.0,,False,2026-01-23,,
tampa-bay-lightning,chicago-blackhawks,Andrei Vasilevskiy,Starting Goalie,g1,Goalies,g,88.0,,False,2026-01-23,,
tampa-bay-lightning,chicago-blackhawks,Jonas Johansson,Backup Goalie,g2,Goalies,g,31.0,,False,2026-01-23,,
toronto-maple-leafs,vegas-golden-knights,Joseph Woll,Starting Goalie,g1,Goalies,g,60.0,,False,2026-01-23,,
toronto-maple-leafs,vegas-golden-knights,Dennis Hildeby,Backup Goalie,g2,Goalies,g,,,False,2026-01-23,,
vancouver-canucks,new-jersey-devils,Kevin Lankinen,Starting Goalie,g1,Goalies,g,32.0,,False,2026-01-23,,
vancouver-canucks,new-jersey-devils,Jiri Patera,Backup Goalie,g2,Goalies,g,30.0,,False,2026-01-23,,
vegas-golden-knights,toronto-maple-leafs,Adin Hill,Starting Goalie,g1,Goalies,g,33.0,,False,2026-01-23,,
vegas-golden-knights,toronto-maple-leafs,Akira Schmid,Backup Goalie,g2,Goalies,g,40.0,,False,2026-01-23,,
washington-capitals,calgary-flames,Logan Thompson,Starting Goalie,g1,Goalies,g,48.0,,False,2026-01-23,,
washington-capitals,calgary-flames,Charlie Lindgren,Backup Goalie,g2,Goalies,g,79.0,,False,2026-01-23,,
boston-bruins,montreal-canadiens,Jeremy Swayman,Starting Goalie,g1,Goalies,g,1.0,,False,2026-01-24,,
boston-bruins,montreal-canadiens,Joonas Korpisalo,Backup Goalie,g2,Goalies,g,70.0,,False,2026-01-24,,
buffalo-sabres,new-york-islanders,Alex Lyon,Starting Goalie,g1,Goalies,g,34.0,,False,2026-01-24,,
buffalo-sabres,new-york-islanders,Ukko-Pekka Luukkonen,Backup Goalie,g2,Goalies,g,1.0,,False,2026-01-24,,
carolina-hurricanes,ottawa-senators,Brandon Bussi,Starting Goalie,g1,Goalies,g,32.0,,False,2026-01-24,,
carolina-hurricanes,ottawa-senators,Frederik Andersen,Backup Goalie,g2,Goalies,g,31.0,,False,2026-01-24,,
columbus-blue-jackets,tampa-bay-lightning,Jet Greaves,Starting Goalie,g1,Goalies,g,,,False,2026-01-24,,
columbus-blue-jackets,tampa-bay-lightning,Elvis Merzlikins,Backup Goalie,g2,Goalies,g,90.0,,True,2026-01-24,,
detroit-red-wings,winnipeg-jets,John Gibson,Starting Goalie,g1,Goalies,g,36.0,,False,2026-01-24,,
detroit-red-wings,winnipeg-jets,Cam Talbot,Backup Goalie,g2,Goalies,g,39.0,,False,2026-01-24,,
edmonton-oilers,washington-capitals,Connor Ingram,Starting Goalie,g1,Goalies,g,39.0,,False,2026-01-24,,
edmonton-oilers,washington-capitals,Tristan Jarry,Backup Goalie,g2,Goalies,g,35.0,,False,2026-01-24,,
florida-panthers,minnesota-wild,Sergei Bobrovsky,Starting Goalie,g1,Goalies,g,72.0,,False,2026-01-24,,
florida-panthers,minnesota-wild,Daniil Tarasov,Backup Goalie,g2,Goalies,g,40.0,,False,2026-01-24,,
los-angeles-kings,st-louis-blues,Darcy Kuemper,Starting Goalie,g1,Goalies,g,35.0,,True,2026-01-24,,
los-angeles-kings,st-louis-blues,Anton Forsberg,Backup Goalie,g2,Goalies,g,31.0,,False,2026-01-24,,
minnesota-wild,florida-panthers,Filip Gustavsson,Starting Goalie,g1,Goalies,g,32.0,,False,2026-01-24,,
minnesota-wild,florida-panthers,Jesper Wallstedt,Backup Goalie,g2,Goalies,g,,,False,2026-01-24,,
montreal-canadiens,boston-bruins,Sam Montembeault,Starting Goalie,g1,Goalies,g,35.0,,False,2026-01-24,,
montreal-canadiens,boston-bruins,Jakub Dobes,Backup Goalie,g2,Goalies,g,75.0,,False,2026-01-24,,
nashville-predators,utah-hockey-club,Juuse Saros,Starting Goalie,g1,Goalies,g,74.0,,False,2026-01-24,,
nashville-predators,utah-hockey-club,Justus Annunen,Backup Goalie,g2,Goalies,g,29.0,,False,2026-01-24,,
new-york-islanders,buffalo-sabres,David Rittich,Starting Goalie,g1,Goalies,g,31.0,,False,2026-01-24,,
new-york-islanders,buffalo-sabres,Ilya Sorokin,Backup Goalie,g2,Goalies,g,30.0,,False,2026-01-24,,
ottawa-senators,carolina-hurricanes,James Reimer,Starting Goalie,g1,Goalies,g,47.0,,False,2026-01-24,,
ottawa-senators,carolina-hurricanes,Hunter Shepard,Backup Goalie,g2,Goalies,g,31.0,,False,2026-01-24,,
st-louis-blues,los-angeles-kings,Joel Hofer,Starting Goalie,g1,Goalies,g,30.0,,False,2026-01-24,,
st-louis-blues,los-angeles-kings,Jordan Binnington,Backup Goalie,g2,Goalies,g,50.0,,False,2026-01-24,,
tampa-bay-lightning,columbus-blue-jackets,Jonas Johansson,Starting Goalie,g1,Goalies,g,31.0,,False,2026-01-24,,
tampa-bay-lightning,columbus-blue-jackets,Andrei Vasilevskiy,Backup Goalie,g2,Goalies,g,88.0,,False,2026-01-24,,
utah-hockey-club,nashville-predators,Karel Vejmelka,Starting Goalie,g1,Goalies,g,70.0,,False,2026-01-24,,
utah-hockey-club,nashville-predators,Vitek Vanecek,Backup Goalie,g2,Goalies,g,41.0,,False,2026-01-24,,
washington-capitals,edmonton-oilers,Charlie Lindgren,Starting Goalie,g1,Goalies,g,79.0,,False,2026-01-24,,
washington-capitals,edmonton-oilers,Logan Thompson,Backup Goalie,g2,Goalies,g,48.0,,False,2026-01-24,,
winnipeg-jets,detroit-red-wings,Connor Hellebuyck,Starting Goalie,g1,Goalies,g,37.0,,False,2026-01-24,,
winnipeg-jets,detroit-red-wings,Eric Comrie,Backup Goalie,g2,Goalies,g,1.0,,False,2026-01-24,,
anaheim-ducks,calgary-flames,Lukas Dostal,Starting Goalie,g1,Goalies,g,1.0,,False,2026-01-25,,
anaheim-ducks,calgary-flames,Ville Husso,Backup Goalie,g2,Goalies,g,33.0,,False,2026-01-25,,
calgary-flames,anaheim-ducks,Dustin Wolf,Starting Goalie,g1,Goalies,g,32.0,,False,2026-01-25,,
calgary-flames,anaheim-ducks,Devin Cooley,Backup Goalie,g2,Goalies,g,,,False,2026-01-25,,
chicago-blackhawks,florida-panthers,Spencer Knight,Starting Goalie,g1,Goalies,g,30.0,,False,2026-01-25,,
chicago-blackhawks,florida-panthers,Arvid Soderblom,Backup Goalie,g2,Goalies,g,40.0,,False,2026-01-25,,
colorado-avalanche,toronto-maple-leafs,Mackenzie Blackwood,Starting Goalie,g1,Goalies,g,39.0,,False,2026-01-25,,
colorado-avalanche,toronto-maple-leafs,Isak Posch,Backup Goalie,g2,Goalies,g,,,False,2026-01-25,,
florida-panthers,chicago-blackhawks,Daniil Tarasov,Starting Goalie,g1,Goalies,g,40.0,,False,2026-01-25,,
florida-panthers,chicago-blackhawks,Sergei Bobrovsky,Backup Goalie,g2,Goalies,g,72.0,,False,2026-01-25,,
new-jersey-devils,seattle-kraken,Jacob Markstrom,Starting Goalie,g1,Goalies,g,25.0,,False,2026-01-25,,
new-jersey-devils,seattle-kraken,Jake Allen,Backup Goalie,g2,Goalies,g,34.0,,False,2026-01-25,,
ottawa-senators,vegas-golden-knights,Hunter Shepard,Starting Goalie,g1,Goalies,g,31.0,,False,2026-01-25,,
ottawa-senators,vegas-golden-knights,James Reimer,Backup Goalie,g2,Goalies,g,47.0,,False,2026-01-25,,
pittsburgh-penguins,vancouver-canucks,Stuart Skinner,Starting Goalie,g1,Goalies,g,74.0,,False,2026-01-25,,
pittsburgh-penguins,vancouver-canucks,Arturs Silovs,Backup Goalie,g2,Goalies,g,,,False,2026-01-25,,
seattle-kraken,new-jersey-devils,Joey Daccord,Starting Goalie,g1,Goalies,g,35.0,,False,2026-01-25,,
seattle-kraken,new-jersey-devils,Philipp Grubauer,Backup Goalie,g2,Goalies,g,31.0,,False,2026-01-25,,
toronto-maple-leafs,colorado-avalanche,Anthony Stolarz,Starting Goalie,g1,Goalies,g,41.0,,False,2026-01-25,,
toronto-maple-leafs,colorado-avalanche,Joseph Woll,Backup Goalie,g2,Goalies,g,60.0,,False,2026-01-25,,
vancouver-canucks,pittsburgh-penguins,Kevin Lankinen,Starting Goalie,g1,Goalies,g,32.0,,False,2026-01-25,,
vancouver-canucks,pittsburgh-penguins,Jiri Patera,Backup Goalie,g2,Goalies,g,30.0,,False,2026-01-25,,
vegas-golden-knights,ottawa-senators,Adin Hill,Starting Goalie,g1,Goalies,g,33.0,,False,2026-01-25,,
vegas-golden-knights,ottawa-senators,Akira Schmid,Backup Goalie,g2,Goalies,g,40.0,,False,2026-01-25,,
anaheim-ducks,edmonton-oilers,Lukas Dostal,Starting Goalie,g1,Goalies,g,1.0,,False,2026-01-26,,
anaheim-ducks,edmonton-oilers,Ville Husso,Backup Goalie,g2,Goalies,g,33.0,,False,2026-01-26,,
boston-bruins,new-york-rangers,Jeremy Swayman,Starting Goalie,g1,Goalies,g,1.0,,False,2026-01-26,,
boston-bruins,new-york-rangers,Joonas Korpisalo,Backup Goalie,g2,Goalies,g,70.0,,False,2026-01-26,,
columbus-blue-jackets,los-angeles-kings,Jet Greaves,Starting Goalie,g1,Goalies,g,,,False,2026-01-26,,
columbus-blue-jackets,los-angeles-kings,Elvis Merzlikins,Backup Goalie,g2,Goalies,g,90.0,,True,2026-01-26,,
edmonton-oilers,anaheim-ducks,Tristan Jarry,Starting Goalie,g1,Goalies,g,35.0,,False,2026-01-26,,
edmonton-oilers,anaheim-ducks,Connor Ingram,Backup Goalie,g2,Goalies,g,39.0,,False,2026-01-26,,
los-angeles-kings,columbus-blue-jackets,Darcy Kuemper,Starting Goalie,g1,Goalies,g,35.0,,False,2026-01-26,,
los-angeles-kings,columbus-blue-jackets,Anton Forsberg,Backup Goalie,g2,Goalies,g,31.0,,False,2026-01-26,,
new-york-islanders,philadelphia-flyers,Ilya Sorokin,Starting Goalie,g1,Goalies,g,30.0,,False,2026-01-26,,
new-york-islanders,philadelphia-flyers,David Rittich,Backup Goalie,g2,Goalies,g,31.0,,False,2026-01-26,,
new-york-rangers,boston-bruins,Jonathan Quick,Starting Goalie,g1,Goalies,g,32.0,,False,2026-01-26,,
new-york-rangers,boston-bruins,Spencer Martin,Backup Goalie,g2,Goalies,g,41.0,,False,2026-01-26,,
philadelphia-flyers,new-york-islanders,Dan Vladar,Starting Goalie,g1,Goalies,g,80.0,,True,2026-01-26,,
philadelphia-flyers,new-york-islanders,Samuel Ersson,Backup Goalie,g2,Goalies,g,33.0,,False,2026-01-26,,
tampa-bay-lightning,utah-hockey-club,Andrei Vasilevskiy,Starting Goalie,g1,Goalies,g,88.0,,False,2026-01-26,,
tampa-bay-lightning,utah-hockey-club,Jonas Johansson,Backup Goalie,g2,Goalies,g,31.0,,False,2026-01-26,,
utah-hockey-club,tampa-bay-lightning,Karel Vejmelka,Starting Goalie,g1,Goalies,g,70.0,,False,2026-01-26,,
utah-hockey-club,tampa-bay-lightning,Vitek Vanecek,Backup Goalie,g2,Goalies,g,41.0,,False,2026-01-26,,
boston-bruins,nashville-predators,Jeremy Swayman,Starting Goalie,g1,Goalies,g,1.0,,False,2026-01-27,,
boston-bruins,nashville-predators,Joonas Korpisalo,Backup Goalie,g2,Goalies,g,70.0,,False,2026-01-27,,
buffalo-sabres,toronto-maple-leafs,Ukko-Pekka Luukkonen,Starting Goalie,g1,Goalies,g,1.0,,False,2026-01-27,,
buffalo-sabres,toronto-maple-leafs,Alex Lyon,Backup Goalie,g2,Goalies,g,34.0,,False,2026-01-27,,
chicago-blackhawks,minnesota-wild,Spencer Knight,Starting Goalie,g1,Goalies,g,30.0,,False,2026-01-27,,
chicago-blackhawks,minnesota-wild,Arvid Soderblom,Backup Goalie,g2,Goalies,g,40.0,,False,2026-01-27,,
dallas-stars,st-louis-blues,Jake Oettinger,Starting Goalie,g1,Goalies,g,29.0,,False,2026-01-27,,
dallas-stars,st-louis-blues,Casey DeSmith,Backup Goalie,g2,Goalies,g,1.0,,False,2026-01-27,,
detroit-red-wings,los-angeles-kings,John Gibson,Starting Goalie,g1,Goalies,g,36.0,,False,2026-01-27,,
detroit-red-wings,los-angeles-kings,Cam Talbot,Backup Goalie,g2,Goalies,g,39.0,,False,2026-01-27,,
florida-panthers,utah-hockey-club,Sergei Bobrovsky,Starting Goalie,g1,Goalies,g,72.0,,False,2026-01-27,,
florida-panthers,utah-hockey-club,Daniil Tarasov,Backup Goalie,g2,Goalies,g,40.0,,False,2026-01-27,,
los-angeles-kings,detroit-red-wings,Darcy Kuemper,Starting Goalie,g1,Goalies,g,35.0,,False,2026-01-27,,
los-angeles-kings,detroit-red-wings,Anton Forsberg,Backup Goalie,g2,Goalies,g,31.0,,False,2026-01-27,,
minnesota-wild,chicago-blackhawks,Filip Gustavsson,Starting Goalie,g1,Goalies,g,32.0,,False,2026-01-27,,
minnesota-wild,chicago-blackhawks,Jesper Wallstedt,Backup Goalie,g2,Goalies,g,,,False,2026-01-27,,
montreal-canadiens,vegas-golden-knights,Sam Montembeault,Starting Goalie,g1,Goalies,g,35.0,,False,2026-01-27,,
montreal-canadiens,vegas-golden-knights,Jakub Dobes,Backup Goalie,g2,Goalies,g,75.0,,False,2026-01-27,,
nashville-predators,boston-bruins,Juuse Saros,Starting Goalie,g1,Goalies,g,74.0,,False,2026-01-27,,
nashville-predators,boston-bruins,Justus Annunen,Backup Goalie,g2,Goalies,g,29.0,,False,2026-01-27,,
new-jersey-devils,winnipeg-jets,Jacob Markstrom,Starting Goalie,g1,Goalies,g,25.0,,False,2026-01-27,,
new-jersey-devils,winnipeg-jets,Jake Allen,Backup Goalie,g2,Goalies,g,34.0,,False,2026-01-27,,
san-jose-sharks,vancouver-canucks,Alex Nedeljkovic,Starting Goalie,g1,Goalies,g,33.0,,False,2026-01-27,,
san-jose-sharks,vancouver-canucks,Yaroslav Askarov,Backup Goalie,g2,Goalies,g,30.0,,False,2026-01-27,,
seattle-kraken,washington-capitals,Philipp Grubauer,Starting Goalie,g1,Goalies,g,31.0,,False,2026-01-27,,
seattle-kraken,washington-capitals,Joey Daccord,Backup Goalie,g2,Goalies,g,35.0,,False,2026-01-27,,
st-louis-blues,dallas-stars,Jordan Binnington,Starting Goalie,g1,Goalies,g,50.0,,False,2026-01-27,,
st-louis-blues,dallas-stars,Joel Hofer,Backup Goalie,g2,Goalies,g,30.0,,False,2026-01-27,,
toronto-maple-leafs,buffalo-sabres,Anthony Stolarz,Starting Goalie,g1,Goalies,g,41.0,,False,2026-01-27,,
toronto-maple-leafs,buffalo-sabres,Joseph Woll,Backup Goalie,g2,Goalies,g,60.0,,False,2026-01-27,,
utah-hockey-club,florida-panthers,Vitek Vanecek,Starting Goalie,g1,Goalies,g,41.0,,False,2026-01-27,,
utah-hockey-club,florida-panthers,Karel Vejmelka,Backup Goalie,g2,Goalies,g,70.0,,False,2026-01-27,,
vancouver-canucks,san-jose-sharks,Kevin Lankinen,Starting Goalie,g1,Goalies,g,32.0,,False,2026-01-27,,
vancouver-canucks,san-jose-sharks,Jiri Patera,Backup Goalie,g2,Goalies,g,30.0,,False,2026-01-27,,
vegas-golden-knights,montreal-canadiens,Adin Hill,Starting Goalie,g1,Goalies,g,33.0,,False,2026-01-27,,
vegas-golden-knights,montreal-canadiens,Akira Schmid,Backup Goalie,g2,Goalies,g,40.0,,False,2026-01-27,,
washington-capitals,seattle-kraken,Logan Thompson,Starting Goalie,g1,Goalies,g,48.0,,False,2026-01-27,,
washington-capitals,seattle-kraken,Charlie Lindgren,Backup Goalie,g2,Goalies,g,79.0,,False,2026-01-27,,
winnipeg-jets,new-jersey-devils,Connor Hellebuyck,Starting Goalie,g1,Goalies,g,37.0,,False,2026-01-27,,
winnipeg-jets,new-jersey-devils,Eric Comrie,Backup Goalie,g2,Goalies,g,1.0,,False,2026-01-27,,
colorado-avalanche,ottawa-senators,Mackenzie Blackwood,Starting Goalie,g1,Goalies,g,39.0,,False,2026-01-28,,
colorado-avalanche,ottawa-senators,Scott Wedgewood,Backup Goalie,g2,Goalies,g,41.0,,False,2026-01-28,,
columbus-blue-jackets,philadelphia-flyers,Elvis Merzlikins,Starting Goalie,g1,Goalies,g,90.0,,False,2026-01-28,,
columbus-blue-jackets,philadelphia-flyers,Jet Greaves,Backup Goalie,g2,Goalies,g,,,False,2026-01-28,,
new-york-islanders,new-york-rangers,Ilya Sorokin,Starting Goalie,g1,Goalies,g,30.0,,False,2026-01-28,,
new-york-islanders,new-york-rangers,David Rittich,Backup Goalie,g2,Goalies,g,31.0,,False,2026-01-28,,
new-york-rangers,new-york-islanders,Jonathan Quick,Starting Goalie,g1,Goalies,g,32.0,,False,2026-01-28,,
new-york-rangers,new-york-islanders,Spencer Martin,Backup Goalie,g2,Goalies,g,41.0,,False,2026-01-28,,
ottawa-senators,colorado-avalanche,Linus Ullmark,Starting Goalie,g1,Goalies,g,35.0,,False,2026-01-28,,
ottawa-senators,colorado-avalanche,James Reimer,Backup Goalie,g2,Goalies,g,47.0,,False,2026-01-28,,
philadelphia-flyers,columbus-blue-jackets,Dan Vladar,Starting Goalie,g1,Goalies,g,80.0,,True,2026-01-28,,
philadelphia-flyers,columbus-blue-jackets,Samuel Ersson,Backup Goalie,g2,Goalies,g,33.0,,False,2026-01-28,,
anaheim-ducks,vancouver-canucks,Lukas Dostal,Starting Goalie,g1,Goalies,g,1.0,,False,2026-01-29,,
anaheim-ducks,vancouver-canucks,Ville Husso,Backup Goalie,g2,Goalies,g,33.0,,False,2026-01-29,,
boston-bruins,philadelphia-flyers,Jeremy Swayman,Starting Goalie,g1,Goalies,g,1.0,,False,2026-01-29,,
boston-bruins,philadelphia-flyers,Joonas Korpisalo,Backup Goalie,g2,Goalies,g,70.0,,False,2026-01-29,,
buffalo-sabres,los-angeles-kings,Alex Lyon,Starting Goalie,g1,Goalies,g,34.0,,False,2026-01-29,,
buffalo-sabres,los-angeles-kings,Ukko-Pekka Luukkonen,Backup Goalie,g2,Goalies,g,1.0,,True,2026-01-29,,
calgary-flames,minnesota-wild,Devin Cooley,Starting Goalie,g1,Goalies,g,,,False,2026-01-29,,
calgary-flames,minnesota-wild,Dustin Wolf,Backup Goalie,g2,Goalies,g,32.0,,False,2026-01-29,,
carolina-hurricanes,utah-hockey-club,Brandon Bussi,Starting Goalie,g1,Goalies,g,32.0,,False,2026-01-29,,
carolina-hurricanes,utah-hockey-club,Frederik Andersen,Backup Goalie,g2,Goalies,g,31.0,,False,2026-01-29,,
chicago-blackhawks,pittsburgh-penguins,Spencer Knight,Starting Goalie,g1,Goalies,g,30.0,,False,2026-01-29,,
chicago-blackhawks,pittsburgh-penguins,Arvid Soderblom,Backup Goalie,g2,Goalies,g,40.0,,False,2026-01-29,,
colorado-avalanche,montreal-canadiens,Scott Wedgewood,Starting Goalie,g1,Goalies,g,41.0,,False,2026-01-29,,
colorado-avalanche,montreal-canadiens,Mackenzie Blackwood,Backup Goalie,g2,Goalies,g,39.0,,False,2026-01-29,,
dallas-stars,vegas-golden-knights,Jake Oettinger,Starting Goalie,g1,Goalies,g,29.0,,False,2026-01-29,,
dallas-stars,vegas-golden-knights,Casey DeSmith,Backup Goalie,g2,Goalies,g,1.0,,False,2026-01-29,,
detroit-red-wings,washington-capitals,John Gibson,Starting Goalie,g1,Goalies,g,36.0,,False,2026-01-29,,
detroit-red-wings,washington-capitals,Cam Talbot,Backup Goalie,g2,Goalies,g,39.0,,False,2026-01-29,,
edmonton-oilers,san-jose-sharks,Tristan Jarry,Starting Goalie,g1,Goalies,g,35.0,,False,2026-01-29,,
edmonton-oilers,san-jose-sharks,Connor Ingram,Backup Goalie,g2,Goalies,g,39.0,,False,2026-01-29,,
florida-panthers,st-louis-blues,Sergei Bobrovsky,Starting Goalie,g1,Goalies,g,72.0,,False,2026-01-29,,
florida-panthers,st-louis-blues,Daniil Tarasov,Backup Goalie,g2,Goalies,g,40.0,,False,2026-01-29,,
los-angeles-kings,buffalo-sabres,Darcy Kuemper,Starting Goalie,g1,Goalies,g,35.0,,False,2026-01-29,,
los-angeles-kings,buffalo-sabres,Anton Forsberg,Backup Goalie,g2,Goalies,g,31.0,,False,2026-01-29,,
minnesota-wild,calgary-flames,Filip Gustavsson,Starting Goalie,g1,Goalies,g,32.0,,False,2026-01-29,,
minnesota-wild,calgary-flames,Jesper Wallstedt,Backup Goalie,g2,Goalies,g,,,False,2026-01-29,,
montreal-canadiens,colorado-avalanche,Jakub Dobes,Starting Goalie,g1,Goalies,g,75.0,,False,2026-01-29,,
montreal-canadiens,colorado-avalanche,Sam Montembeault,Backup Goalie,g2,Goalies,g,35.0,,False,2026-01-29,,
nashville-predators,new-jersey-devils,Juuse Saros,Starting Goalie,g1,Goalies,g,74.0,,False,2026-01-29,,
nashville-predators,new-jersey-devils,Justus Annunen,Backup Goalie,g2,Goalies,g,29.0,,False,2026-01-29,,
new-jersey-devils,nashville-predators,Jacob Markstrom,Starting Goalie,g1,Goalies,g,25.0,,False,2026-01-29,,
new-jersey-devils,nashville-predators,Jake Allen,Backup Goalie,g2,Goalies,g,34.0,,False,2026-01-29,,
new-york-islanders,new-york-rangers,Ilya Sorokin,Starting Goalie,g1,Goalies,g,30.0,,False,2026-01-29,,
new-york-islanders,new-york-rangers,David Rittich,Backup Goalie,g2,Goalies,g,31.0,,False,2026-01-29,,
new-york-rangers,new-york-islanders,Jonathan Quick,Starting Goalie,g1,Goalies,g,32.0,,False,2026-01-29,,
new-york-rangers,new-york-islanders,Spencer Martin,Backup Goalie,g2,Goalies,g,41.0,,False,2026-01-29,,
philadelphia-flyers,boston-bruins,Samuel Ersson,Starting Goalie,g1,Goalies,g,33.0,,False,2026-01-29,,
philadelphia-flyers,boston-bruins,Dan Vladar,Backup Goalie,g2,Goalies,g,80.0,,False,2026-01-29,,
pittsburgh-penguins,chicago-blackhawks,Stuart Skinner,Starting Goalie,g1,Goalies,g,74.0,,False,2026-01-29,,
pittsburgh-penguins,chicago-blackhawks,Arturs Silovs,Backup Goalie,g2,Goalies,g,,,False,2026-01-29,,
san-jose-sharks,edmonton-oilers,Alex Nedeljkovic,Starting Goalie,g1,Goalies,g,33.0,,False,2026-01-29,,
san-jose-sharks,edmonton-oilers,Yaroslav Askarov,Backup Goalie,g2,Goalies,g,30.0,,False,2026-01-29,,
seattle-kraken,toronto-maple-leafs,Joey Daccord,Starting Goalie,g1,Goalies,g,35.0,,False,2026-01-29,,
seattle-kraken,toronto-maple-leafs,Philipp Grubauer,Backup Goalie,g2,Goalies,g,31.0,,False,2026-01-29,,
st-louis-blues,florida-panthers,Joel Hofer,Starting Goalie,g1,Goalies,g,30.0,,False,2026-01-29,,
st-louis-blues,florida-panthers,Jordan Binnington,Backup Goalie,g2,Goalies,g,50.0,,False,2026-01-29,,
tampa-bay-lightning,winnipeg-jets,Andrei Vasilevskiy,Starting Goalie,g1,Goalies,g,88.0,,False,2026-01-29,,
tampa-bay-lightning,winnipeg-jets,Jonas Johansson,Backup Goalie,g2,Goalies,g,31.0,,False,2026-01-29,,
toronto-maple-leafs,seattle-kraken,Anthony Stolarz,Starting Goalie,g1,Goalies,g,41.0,,False,2026-01-29,,
toronto-maple-leafs,seattle-kraken,Joseph Woll,Backup Goalie,g2,Goalies,g,60.0,,False,2026-01-29,,
utah-hockey-club,carolina-hurricanes,Karel Vejmelka,Starting Goalie,g1,Goalies,g,70.0,,False,2026-01-29,,
utah-hockey-club,carolina-hurricanes,Vitek Vanecek,Backup Goalie,g2,Goalies,g,41.0,,False,2026-01-29,,
vancouver-canucks,anaheim-ducks,Kevin Lankinen,Starting Goalie,g1,Goalies,g,32.0,,False,2026-01-29,,
vancouver-canucks,anaheim-ducks,Jiri Patera,Backup Goalie,g2,Goalies,g,30.0,,False,2026-01-29,,
vegas-golden-knights,dallas-stars,Adin Hill,Starting Goalie,g1,Goalies,g,33.0,,False,2026-01-29,,
vegas-golden-knights,dallas-stars,Akira Schmid,Backup Goalie,g2,Goalies,g,40.0,,False,2026-01-29,,
washington-capitals,detroit-red-wings,Logan Thompson,Starting Goalie,g1,Goalies,g,48.0,,False,2026-01-29,,
washington-capitals,detroit-red-wings,Charlie Lindgren,Backup Goalie,g2,Goalies,g,79.0,,False,2026-01-29,,
winnipeg-jets,tampa-bay-lightning,Connor Hellebuyck,Starting Goalie,g1,Goalies,g,37.0,,False,2026-01-29,,
winnipeg-jets,tampa-bay-lightning,Eric Comrie,Backup Goalie,g2,Goalies,g,1.0,,False,2026-01-29,,
chicago-blackhawks,columbus-blue-jackets,Arvid Soderblom,Starting Goalie,g1,Goalies,g,40.0,,False,2026-01-30,,
chicago-blackhawks,columbus-blue-jackets,Spencer Knight,Backup Goalie,g2,Goalies,g,30.0,,False,2026-01-30,,
columbus-blue-jackets,chicago-blackhawks,Jet Greaves,Starting Goalie,g1,Goalies,g,,,False,2026-01-30,,
columbus-blue-jackets,chicago-blackhawks,Elvis Merzlikins,Backup Goalie,g2,Goalies,g,90.0,,False,2026-01-30,,
buffalo-sabres,montreal-canadiens,Alex Lyon,Starting Goalie,g1,Goalies,g,34.0,,False,2026-01-31,,
buffalo-sabres,montreal-canadiens,Colten Ellis,Backup Goalie,g2,Goalies,g,92.0,,False,2026-01-31,,
calgary-flames,san-jose-sharks,Dustin Wolf,Starting Goalie,g1,Goalies,g,32.0,,False,2026-01-31,,
calgary-flames,san-jose-sharks,Devin Cooley,Backup Goalie,g2,Goalies,g,,,False,2026-01-31,,
carolina-hurricanes,washington-capitals,Brandon Bussi,Starting Goalie,g1,Goalies,g,32.0,,False,2026-01-31,,
carolina-hurricanes,washington-capitals,Frederik Andersen,Backup Goalie,g2,Goalies,g,31.0,,False,2026-01-31,,
colorado-avalanche,detroit-red-wings,Mackenzie Blackwood,Starting Goalie,g1,Goalies,g,39.0,,False,2026-01-31,,
colorado-avalanche,detroit-red-wings,Scott Wedgewood,Backup Goalie,g2,Goalies,g,41.0,,False,2026-01-31,,
columbus-blue-jackets,st-louis-blues,Jet Greaves,Starting Goalie,g1,Goalies,g,,,False,2026-01-31,,
columbus-blue-jackets,st-louis-blues,Elvis Merzlikins,Backup Goalie,g2,Goalies,g,90.0,,False,2026-01-31,,
dallas-stars,utah-hockey-club,Jake Oettinger,Starting Goalie,g1,Goalies,g,29.0,,False,2026-01-31,,
dallas-stars,utah-hockey-club,Casey DeSmith,Backup Goalie,g2,Goalies,g,1.0,,False,2026-01-31,,
detroit-red-wings,colorado-avalanche,John Gibson,Starting Goalie,g1,Goalies,g,36.0,,False,2026-01-31,,
detroit-red-wings,colorado-avalanche,Cam Talbot,Backup Goalie,g2,Goalies,g,39.0,,False,2026-01-31,,
edmonton-oilers,minnesota-wild,Tristan Jarry,Starting Goalie,g1,Goalies,g,35.0,,False,2026-01-31,,
edmonton-oilers,minnesota-wild,Connor Ingram,Backup Goalie,g2,Goalies,g,39.0,,False,2026-01-31,,
florida-panthers,winnipeg-jets,Sergei Bobrovsky,Starting Goalie,g1,Goalies,g,72.0,,False,2026-01-31,,
florida-panthers,winnipeg-jets,Daniil Tarasov,Backup Goalie,g2,Goalies,g,40.0,,False,2026-01-31,,
los-angeles-kings,philadelphia-flyers,Darcy Kuemper,Starting Goalie,g1,Goalies,g,35.0,,False,2026-01-31,,
los-angeles-kings,philadelphia-flyers,Anton Forsberg,Backup Goalie,g2,Goalies,g,31.0,,False,2026-01-31,,
minnesota-wild,edmonton-oilers,Filip Gustavsson,Starting Goalie,g1,Goalies,g,32.0,,False,2026-01-31,,
minnesota-wild,edmonton-oilers,Jesper Wallstedt,Backup Goalie,g2,Goalies,g,,,False,2026-01-31,,
montreal-canadiens,buffalo-sabres,Jakub Dobes,Starting Goalie,g1,Goalies,g,75.0,,False,2026-01-31,,
montreal-canadiens,buffalo-sabres,Sam Montembeault,Backup Goalie,g2,Goalies,g,35.0,,False,2026-01-31,,
nashville-predators,new-york-islanders,Juuse Saros,Starting Goalie,g1,Goalies,g,74.0,,False,2026-01-31,,
nashville-predators,new-york-islanders,Justus Annunen,Backup Goalie,g2,Goalies,g,29.0,,False,2026-01-31,,
new-jersey-devils,ottawa-senators,Jacob Markstrom,Starting Goalie,g1,Goalies,g,25.0,,False,2026-01-31,,
new-jersey-devils,ottawa-senators,Jake Allen,Backup Goalie,g2,Goalies,g,34.0,,False,2026-01-31,,
new-york-islanders,nashville-predators,Ilya Sorokin,Starting Goalie,g1,Goalies,g,30.0,,False,2026-01-31,,
new-york-islanders,nashville-predators,David Rittich,Backup Goalie,g2,Goalies,g,31.0,,False,2026-01-31,,
new-york-rangers,pittsburgh-penguins,Jonathan Quick,Starting Goalie,g1,Goalies,g,32.0,,False,2026-01-31,,
new-york-rangers,pittsburgh-penguins,Spencer Martin,Backup Goalie,g2,Goalies,g,41.0,,False,2026-01-31,,
ottawa-senators,new-jersey-devils,Linus Ullmark,Starting Goalie,g1,Goalies,g,35.0,,False,2026-01-31,,
ottawa-senators,new-jersey-devils,James Reimer,Backup Goalie,g2,Goalies,g,47.0,,False,2026-01-31,,
philadelphia-flyers,los-angeles-kings,Dan Vladar,Starting Goalie,g1,Goalies,g,80.0,,False,2026-01-31,,
philadelphia-flyers,los-angeles-kings,Samuel Ersson,Backup Goalie,g2,Goalies,g,33.0,,True,2026-01-31,,
pittsburgh-penguins,new-york-rangers,Stuart Skinner,Starting Goalie,g1,Goalies,g,74.0,,False,2026-01-31,,
pittsburgh-penguins,new-york-rangers,Arturs Silovs,Backup Goalie,g2,Goalies,g,,,False,2026-01-31,,
san-jose-sharks,calgary-flames,Alex Nedeljkovic,Starting Goalie,g1,Goalies,g,33.0,,False,2026-01-31,,
san-jose-sharks,calgary-flames,Yaroslav Askarov,Backup Goalie,g2,Goalies,g,30.0,,False,2026-01-31,,
seattle-kraken,vegas-golden-knights,Philipp Grubauer,Starting Goalie,g1,Goalies,g,31.0,,False,2026-01-31,,
seattle-kraken,vegas-golden-knights,Joey Daccord,Backup Goalie,g2,Goalies,g,35.0,,False,2026-01-31,,
st-louis-blues,columbus-blue-jackets,Jordan Binnington,Starting Goalie,g1,Goalies,g,50.0,,False,2026-01-31,,
st-louis-blues,columbus-blue-jackets,Joel Hofer,Backup Goalie,g2,Goalies,g,30.0,,False,2026-01-31,,
toronto-maple-leafs,vancouver-canucks,Joseph Woll,Starting Goalie,g1,Goalies,g,60.0,,False,2026-01-31,,
toronto-maple-leafs,vancouver-canucks,Anthony Stolarz,Backup Goalie,g2,Goalies,g,41.0,,False,2026-01-31,,
utah-hockey-club,dallas-stars,Karel Vejmelka,Starting Goalie,g1,Goalies,g,70.0,,False,2026-01-31,,
utah-hockey-club,dallas-stars,Vitek Vanecek,Backup Goalie,g2,Goalies,g,41.0,,False,2026-01-31,,
vancouver-canucks,toronto-maple-leafs,Kevin Lankinen,Starting Goalie,g1,Goalies,g,32.0,,False,2026-01-31,,
vancouver-canucks,toronto-maple-leafs,Nikita Tolopilo,Backup Goalie,g2,Goalies,g,60.0,,False,2026-01-31,,
vegas-golden-knights,seattle-kraken,Akira Schmid,Starting Goalie,g1,Goalies,g,40.0,,False,2026-01-31,,
vegas-golden-knights,seattle-kraken,Adin Hill,Backup Goalie,g2,Goalies,g,33.0,,False,2026-01-31,,
washington-capitals,carolina-hurricanes,Logan Thompson,Starting Goalie,g1,Goalies,g,48.0,,True,2026-01-31,,
washington-capitals,carolina-hurricanes,Charlie Lindgren,Backup Goalie,g2,Goalies,g,79.0,,True,2026-01-31,,
winnipeg-jets,florida-panthers,Connor Hellebuyck,Starting Goalie,g1,Goalies,g,37.0,,False,2026-01-31,,
winnipeg-jets,florida-panthers,Eric Comrie,Backup Goalie,g2,Goalies,g,1.0,,False,2026-01-31,,
anaheim-ducks,vegas-golden-knights,Lukas Dostal,Starting Goalie,g1,Goalies,g,1.0,,False,2026-02-01,,
anaheim-ducks,vegas-golden-knights,Ville Husso,Backup Goalie,g2,Goalies,g,33.0,,False,2026-02-01,,
boston-bruins,tampa-bay-lightning,Jeremy Swayman,Starting Goalie,g1,Goalies,g,1.0,,False,2026-02-01,,
boston-bruins,tampa-bay-lightning,Joonas Korpisalo,Backup Goalie,g2,Goalies,g,70.0,,False,2026-02-01,,
carolina-hurricanes,los-angeles-kings,Brandon Bussi,Starting Goalie,g1,Goalies,g,32.0,,False,2026-02-01,,
carolina-hurricanes,los-angeles-kings,Frederik Andersen,Backup Goalie,g2,Goalies,g,31.0,,False,2026-02-01,,
los-angeles-kings,carolina-hurricanes,Anton Forsberg,Starting Goalie,g1,Goalies,g,31.0,,False,2026-02-01,,
los-angeles-kings,carolina-hurricanes,Darcy Kuemper,Backup Goalie,g2,Goalies,g,35.0,,False,2026-02-01,,
tampa-bay-lightning,boston-bruins,Andrei Vasilevskiy,Starting Goalie,g1,Goalies,g,88.0,,False,2026-02-01,,
tampa-bay-lightning,boston-bruins,Jonas Johansson,Backup Goalie,g2,Goalies,g,31.0,,False,2026-02-01,,
vegas-golden-knights,anaheim-ducks,Adin Hill,Starting Goalie,g1,Goalies,g,33.0,,False,2026-02-01,,
vegas-golden-knights,anaheim-ducks,Akira Schmid,Backup Goalie,g2,Goalies,g,40.0,,False,2026-02-01,,
buffalo-sabres,florida-panthers,Alex Lyon,Starting Goalie,g1,Goalies,g,34.0,,False,2026-02-02,,
buffalo-sabres,florida-panthers,Colten Ellis,Backup Goalie,g2,Goalies,g,92.0,,False,2026-02-02,,
calgary-flames,toronto-maple-leafs,Dustin Wolf,Starting Goalie,g1,Goalies,g,32.0,,False,2026-02-02,,
calgary-flames,toronto-maple-leafs,Devin Cooley,Backup Goalie,g2,Goalies,g,,,False,2026-02-02,,
chicago-blackhawks,san-jose-sharks,Spencer Knight,Starting Goalie,g1,Goalies,g,30.0,,False,2026-02-02,,
chicago-blackhawks,san-jose-sharks,Arvid Soderblom,Backup Goalie,g2,Goalies,g,40.0,,False,2026-02-02,,
colorado-avalanche,detroit-red-wings,Mackenzie Blackwood,Starting Goalie,g1,Goalies,g,39.0,,False,2026-02-02,,
colorado-avalanche,detroit-red-wings,Scott Wedgewood,Backup Goalie,g2,Goalies,g,41.0,,False,2026-02-02,,
dallas-stars,winnipeg-jets,Jake Oettinger,Starting Goalie,g1,Goalies,g,29.0,,False,2026-02-02,,
dallas-stars,winnipeg-jets,Casey DeSmith,Backup Goalie,g2,Goalies,g,1.0,,False,2026-02-02,,
detroit-red-wings,colorado-avalanche,John Gibson,Starting Goalie,g1,Goalies,g,36.0,,False,2026-02-02,,
detroit-red-wings,colorado-avalanche,Cam Talbot,Backup Goalie,g2,Goalies,g,39.0,,False,2026-02-02,,
florida-panthers,buffalo-sabres,Sergei Bobrovsky,Starting Goalie,g1,Goalies,g,72.0,,False,2026-02-02,,
florida-panthers,buffalo-sabres,Daniil Tarasov,Backup Goalie,g2,Goalies,g,40.0,,False,2026-02-02,,
minnesota-wild,montreal-canadiens,Filip Gustavsson,Starting Goalie,g1,Goalies,g,32.0,,False,2026-02-02,,
minnesota-wild,montreal-canadiens,Jesper Wallstedt,Backup Goalie,g2,Goalies,g,,,False,2026-02-02,,
montreal-canadiens,minnesota-wild,Jakub Dobes,Starting Goalie,g1,Goalies,g,75.0,,False,2026-02-02,,
montreal-canadiens,minnesota-wild,Sam Montembeault,Backup Goalie,g2,Goalies,g,35.0,,False,2026-02-02,,
nashville-predators,st-louis-blues,Juuse Saros,Starting Goalie,g1,Goalies,g,74.0,,False,2026-02-02,,
nashville-predators,st-louis-blues,Justus Annunen,Backup Goalie,g2,Goalies,g,29.0,,False,2026-02-02,,
new-york-islanders,washington-capitals,Ilya Sorokin,Starting Goalie,g1,Goalies,g,30.0,,False,2026-02-02,,
new-york-islanders,washington-capitals,David Rittich,Backup Goalie,g2,Goalies,g,31.0,,False,2026-02-02,,
ottawa-senators,pittsburgh-penguins,Linus Ullmark,Starting Goalie,g1,Goalies,g,35.0,,False,2026-02-02,,
ottawa-senators,pittsburgh-penguins,James Reimer,Backup Goalie,g2,Goalies,g,47.0,,False,2026-02-02,,
pittsburgh-penguins,ottawa-senators,Arturs Silovs,Starting Goalie,g1,Goalies,g,,,False,2026-02-02,,
pittsburgh-penguins,ottawa-senators,Stuart Skinner,Backup Goalie,g2,Goalies,g,74.0,,False,2026-02-02,,
san-jose-sharks,chicago-blackhawks,Yaroslav Askarov,Starting Goalie,g1,Goalies,g,30.0,,False,2026-02-02,,
san-jose-sharks,chicago-blackhawks,Alex Nedeljkovic,Backup Goalie,g2,Goalies,g,33.0,,False,2026-02-02,,
st-louis-blues,nashville-predators,Joel Hofer,Starting Goalie,g1,Goalies,g,30.0,,False,2026-02-02,,
st-louis-blues,nashville-predators,Jordan Binnington,Backup Goalie,g2,Goalies,g,50.0,,False,2026-02-02,,
toronto-maple-leafs,calgary-flames,Anthony Stolarz,Starting Goalie,g1,Goalies,g,41.0,,False,2026-02-02,,
toronto-maple-leafs,calgary-flames,Joseph Woll,Backup Goalie,g2,Goalies,g,60.0,,False,2026-02-02,,
utah-hockey-club,vancouver-canucks,Karel Vejmelka,Starting Goalie,g1,Goalies,g,70.0,,False,2026-02-02,,
utah-hockey-club,vancouver-canucks,Vitek Vanecek,Backup Goalie,g2,Goalies,g,41.0,,False,2026-02-02,,
vancouver-canucks,utah-hockey-club,Kevin Lankinen,Starting Goalie,g1,Goalies,g,32.0,,False,2026-02-02,,
vancouver-canucks,utah-hockey-club,Nikita Tolopilo,Backup Goalie,g2,Goalies,g,60.0,,False,2026-02-02,,
washington-capitals,new-york-islanders,Clay Stevenson,Starting Goalie,g1,Goalies,g,,,False,2026-02-02,,
washington-capitals,new-york-islanders,Garin Bjorklund,Backup Goalie,g2,Goalies,g,,,False,2026-02-02,,
winnipeg-jets,dallas-stars,Connor Hellebuyck,Starting Goalie,g1,Goalies,g,37.0,,False,2026-02-02,,
winnipeg-jets,dallas-stars,Eric Comrie,Backup Goalie,g2,Goalies,g,1.0,,False,2026-02-02,,
anaheim-ducks,seattle-kraken,Lukas Dostal,Starting Goalie,g1,Goalies,g,1.0,,False,2026-02-03,,
anaheim-ducks,seattle-kraken,Ville Husso,Backup Goalie,g2,Goalies,g,33.0,,False,2026-02-03,,
buffalo-sabres,tampa-bay-lightning,Colten Ellis,Starting Goalie,g1,Goalies,g,92.0,,False,2026-02-03,,
buffalo-sabres,tampa-bay-lightning,Alex Lyon,Backup Goalie,g2,Goalies,g,34.0,,False,2026-02-03,,
carolina-hurricanes,ottawa-senators,Brandon Bussi,Starting Goalie,g1,Goalies,g,32.0,,False,2026-02-03,,
carolina-hurricanes,ottawa-senators,Frederik Andersen,Backup Goalie,g2,Goalies,g,31.0,,False,2026-02-03,,
columbus-blue-jackets,new-jersey-devils,Jet Greaves,Starting Goalie,g1,Goalies,g,,,False,2026-02-03,,
columbus-blue-jackets,new-jersey-devils,Elvis Merzlikins,Backup Goalie,g2,Goalies,g,90.0,,False,2026-02-03,,
edmonton-oilers,toronto-maple-leafs,Tristan Jarry,Starting Goalie,g1,Goalies,g,35.0,,False,2026-02-03,,
edmonton-oilers,toronto-maple-leafs,Connor Ingram,Backup Goalie,g2,Goalies,g,39.0,,False,2026-02-03,,
new-jersey-devils,columbus-blue-jackets,Jacob Markstrom,Starting Goalie,g1,Goalies,g,25.0,,False,2026-02-03,,
new-jersey-devils,columbus-blue-jackets,Jake Allen,Backup Goalie,g2,Goalies,g,34.0,,False,2026-02-03,,
new-york-islanders,pittsburgh-penguins,Ilya Sorokin,Starting Goalie,g1,Goalies,g,30.0,,False,2026-02-03,,
new-york-islanders,pittsburgh-penguins,David Rittich,Backup Goalie,g2,Goalies,g,31.0,,False,2026-02-03,,
ottawa-senators,carolina-hurricanes,James Reimer,Starting Goalie,g1,Goalies,g,47.0,,False,2026-02-03,,
ottawa-senators,carolina-hurricanes,Linus Ullmark,Backup Goalie,g2,Goalies,g,35.0,,False,2026-02-03,,
philadelphia-flyers,washington-capitals,Dan Vladar,Starting Goalie,g1,Goalies,g,80.0,,False,2026-02-03,,
philadelphia-flyers,washington-capitals,Samuel Ersson,Backup Goalie,g2,Goalies,g,33.0,,True,2026-02-03,,
pittsburgh-penguins,new-york-islanders,Stuart Skinner,Starting Goalie,g1,Goalies,g,74.0,,False,2026-02-03,,
pittsburgh-penguins,new-york-islanders,Arturs Silovs,Backup Goalie,g2,Goalies,g,,,False,2026-02-03,,
seattle-kraken,anaheim-ducks,Philipp Grubauer,Starting Goalie,g1,Goalies,g,31.0,,False,2026-02-03,,
seattle-kraken,anaheim-ducks,Joey Daccord,Backup Goalie,g2,Goalies,g,35.0,,False,2026-02-03,,
tampa-bay-lightning,buffalo-sabres,Andrei Vasilevskiy,Starting Goalie,g1,Goalies,g,88.0,,False,2026-02-03,,
tampa-bay-lightning,buffalo-sabres,Jonas Johansson,Backup Goalie,g2,Goalies,g,31.0,,False,2026-02-03,,
toronto-maple-leafs,edmonton-oilers,Anthony Stolarz,Starting Goalie,g1,Goalies,g,41.0,,False,2026-02-03,,
toronto-maple-leafs,edmonton-oilers,Joseph Woll,Backup Goalie,g2,Goalies,g,60.0,,False,2026-02-03,,
washington-capitals,philadelphia-flyers,Logan Thompson,Starting Goalie,g1,Goalies,g,48.0,,True,2026-02-03,,
washington-capitals,philadelphia-flyers,Clay Stevenson,Backup Goalie,g2,Goalies,g,,,False,2026-02-03,,
boston-bruins,florida-panthers,Jeremy Swayman,Starting Goalie,g1,Goalies,g,1.0,,False,2026-02-04,,
boston-bruins,florida-panthers,Joonas Korpisalo,Backup Goalie,g2,Goalies,g,70.0,,False,2026-02-04,,
calgary-flames,edmonton-oilers,Dustin Wolf,Starting Goalie,g1,Goalies,g,32.0,,False,2026-02-04,,
calgary-flames,edmonton-oilers,Devin Cooley,Backup Goalie,g2,Goalies,g,,,False,2026-02-04,,
chicago-blackhawks,columbus-blue-jackets,Spencer Knight,Starting Goalie,g1,Goalies,g,30.0,,False,2026-02-04,,
chicago-blackhawks,columbus-blue-jackets,Arvid Soderblom,Backup Goalie,g2,Goalies,g,40.0,,False,2026-02-04,,
colorado-avalanche,san-jose-sharks,Mackenzie Blackwood,Starting Goalie,g1,Goalies,g,39.0,,False,2026-02-04,,
colorado-avalanche,san-jose-sharks,Scott Wedgewood,Backup Goalie,g2,Goalies,g,41.0,,False,2026-02-04,,
columbus-blue-jackets,chicago-blackhawks,Elvis Merzlikins,Starting Goalie,g1,Goalies,g,90.0,,False,2026-02-04,,
columbus-blue-jackets,chicago-blackhawks,Jet Greaves,Backup Goalie,g2,Goalies,g,,,False,2026-02-04,,
dallas-stars,st-louis-blues,Jake Oettinger,Starting Goalie,g1,Goalies,g,29.0,,False,2026-02-04,,
dallas-stars,st-louis-blues,Casey DeSmith,Backup Goalie,g2,Goalies,g,1.0,,False,2026-02-04,,
detroit-red-wings,utah-hockey-club,John Gibson,Starting Goalie,g1,Goalies,g,36.0,,False,2026-02-04,,
detroit-red-wings,utah-hockey-club,Cam Talbot,Backup Goalie,g2,Goalies,g,39.0,,False,2026-02-04,,
edmonton-oilers,calgary-flames,Connor Ingram,Starting Goalie,g1,Goalies,g,39.0,,False,2026-02-04,,
edmonton-oilers,calgary-flames,Tristan Jarry,Backup Goalie,g2,Goalies,g,35.0,,False,2026-02-04,,
florida-panthers,boston-bruins,Sergei Bobrovsky,Starting Goalie,g1,Goalies,g,72.0,,False,2026-02-04,,
florida-panthers,boston-bruins,Daniil Tarasov,Backup Goalie,g2,Goalies,g,40.0,,False,2026-02-04,,
los-angeles-kings,seattle-kraken,Anton Forsberg,Starting Goalie,g1,Goalies,g,31.0,,False,2026-02-04,,
los-angeles-kings,seattle-kraken,Darcy Kuemper,Backup Goalie,g2,Goalies,g,35.0,,False,2026-02-04,,
minnesota-wild,nashville-predators,Filip Gustavsson,Starting Goalie,g1,Goalies,g,32.0,,False,2026-02-04,,
minnesota-wild,nashville-predators,Jesper Wallstedt,Backup Goalie,g2,Goalies,g,,,False,2026-02-04,,
montreal-canadiens,winnipeg-jets,Jakub Dobes,Starting Goalie,g1,Goalies,g,75.0,,False,2026-02-04,,
montreal-canadiens,winnipeg-jets,Sam Montembeault,Backup Goalie,g2,Goalies,g,35.0,,False,2026-02-04,,
nashville-predators,minnesota-wild,Juuse Saros,Starting Goalie,g1,Goalies,g,74.0,,False,2026-02-04,,
nashville-predators,minnesota-wild,Justus Annunen,Backup Goalie,g2,Goalies,g,29.0,,False,2026-02-04,,
san-jose-sharks,colorado-avalanche,Yaroslav Askarov,Starting Goalie,g1,Goalies,g,30.0,,False,2026-02-04,,
san-jose-sharks,colorado-avalanche,Alex Nedeljkovic,Backup Goalie,g2,Goalies,g,33.0,,False,2026-02-04,,
seattle-kraken,los-angeles-kings,Philipp Grubauer,Starting Goalie,g1,Goalies,g,31.0,,False,2026-02-04,,
seattle-kraken,los-angeles-kings,Joey Daccord,Backup Goalie,g2,Goalies,g,35.0,,False,2026-02-04,,
st-louis-blues,dallas-stars,Joel Hofer,Starting Goalie,g1,Goalies,g,30.0,,False,2026-02-04,,
st-louis-blues,dallas-stars,Jordan Binnington,Backup Goalie,g2,Goalies,g,50.0,,False,2026-02-04,,
utah-hockey-club,detroit-red-wings,Karel Vejmelka,Starting Goalie,g1,Goalies,g,70.0,,False,2026-02-04,,
utah-hockey-club,detroit-red-wings,Vitek Vanecek,Backup Goalie,g2,Goalies,g,41.0,,False,2026-02-04,,
vancouver-canucks,vegas-golden-knights,Kevin Lankinen,Starting Goalie,g1,Goalies,g,32.0,,False,2026-02-04,,
vancouver-canucks,vegas-golden-knights,Nikita Tolopilo,Backup Goalie,g2,Goalies,g,60.0,,False,2026-02-04,,
vegas-golden-knights,vancouver-canucks,Adin Hill,Starting Goalie,g1,Goalies,g,33.0,,False,2026-02-04,,
vegas-golden-knights,vancouver-canucks,Akira Schmid,Backup Goalie,g2,Goalies,g,40.0,,False,2026-02-04,,
winnipeg-jets,montreal-canadiens,Connor Hellebuyck,Starting Goalie,g1,Goalies,g,37.0,,False,2026-02-04,,
winnipeg-jets,montreal-canadiens,Eric Comrie,Backup Goalie,g2,Goalies,g,1.0,,False,2026-02-04,,
buffalo-sabres,pittsburgh-penguins,Alex Lyon,Starting Goalie,g1,Goalies,g,34.0,,False,2026-02-05,,
buffalo-sabres,pittsburgh-penguins,Colten Ellis,Backup Goalie,g2,Goalies,g,92.0,,False,2026-02-05,,
carolina-hurricanes,new-york-rangers,Brandon Bussi,Starting Goalie,g1,Goalies,g,32.0,,False,2026-02-05,,
carolina-hurricanes,new-york-rangers,Frederik Andersen,Backup Goalie,g2,Goalies,g,31.0,,False,2026-02-05,,
florida-panthers,tampa-bay-lightning,Daniil Tarasov,Starting Goalie,g1,Goalies,g,40.0,,False,2026-02-05,,
florida-panthers,tampa-bay-lightning,Sergei Bobrovsky,Backup Goalie,g2,Goalies,g,72.0,,False,2026-02-05,,
los-angeles-kings,vegas-golden-knights,Anton Forsberg,Starting Goalie,g1,Goalies,g,31.0,,False,2026-02-05,,
los-angeles-kings,vegas-golden-knights,Darcy Kuemper,Backup Goalie,g2,Goalies,g,35.0,,False,2026-02-05,,
nashville-predators,washington-capitals,Juuse Saros,Starting Goalie,g1,Goalies,g,74.0,,False,2026-02-05,,
nashville-predators,washington-capitals,Justus Annunen,Backup Goalie,g2,Goalies,g,29.0,,False,2026-02-05,,
new-jersey-devils,new-york-islanders,Jacob Markstrom,Starting Goalie,g1,Goalies,g,25.0,,False,2026-02-05,,
new-jersey-devils,new-york-islanders,Jake Allen,Backup Goalie,g2,Goalies,g,34.0,,False,2026-02-05,,
new-york-islanders,new-jersey-devils,Ilya Sorokin,Starting Goalie,g1,Goalies,g,30.0,,False,2026-02-05,,
new-york-islanders,new-jersey-devils,David Rittich,Backup Goalie,g2,Goalies,g,31.0,,False,2026-02-05,,
new-york-rangers,carolina-hurricanes,Jonathan Quick,Starting Goalie,g1,Goalies,g,32.0,,False,2026-02-05,,
new-york-rangers,carolina-hurricanes,Spencer Martin,Backup Goalie,g2,Goalies,g,41.0,,False,2026-02-05,,
ottawa-senators,philadelphia-flyers,Linus Ullmark,Starting Goalie,g1,Goalies,g,35.0,,False,2026-02-05,,
ottawa-senators,philadelphia-flyers,James Reimer,Backup Goalie,g2,Goalies,g,47.0,,False,2026-02-05,,
philadelphia-flyers,ottawa-senators,Dan Vladar,Starting Goalie,g1,Goalies,g,80.0,,False,2026-02-05,,
philadelphia-flyers,ottawa-senators,Samuel Ersson,Backup Goalie,g2,Goalies,g,33.0,,True,2026-02-05,,
pittsburgh-penguins,buffalo-sabres,Stuart Skinner,Starting Goalie,g1,Goalies,g,74.0,,False,2026-02-05,,
pittsburgh-penguins,buffalo-sabres,Arturs Silovs,Backup Goalie,g2,Goalies,g,,,False,2026-02-05,,
tampa-bay-lightning,florida-panthers,Andrei Vasilevskiy,Starting Goalie,g1,Goalies,g,88.0,,False,2026-02-05,,
tampa-bay-lightning,florida-panthers,Jonas Johansson,Backup Goalie,g2,Goalies,g,31.0,,False,2026-02-05,,
vegas-golden-knights,los-angeles-kings,Akira Schmid,Starting Goalie,g1,Goalies,g,40.0,,False,2026-02-05,,
vegas-golden-knights,los-angeles-kings,Adin Hill,Backup Goalie,g2,Goalies,g,33.0,,False,2026-02-05,,
washington-capitals,nashville-predators,Logan Thompson,Starting Goalie,g1,Goalies,g,48.0,,True,2026-02-05,,
washington-capitals,nashville-predators,Clay Stevenson,Backup Goalie,g2,Goalies,g,,,False,2026-02-05,,
anaheim-ducks,edmonton-oilers,Lukas Dostal,Starting Goalie,g1,Goalies,g,1.0,,False,2026-02-25,,
anaheim-ducks,edmonton-oilers,Ville Husso,Backup Goalie,g2,Goalies,g,33.0,,False,2026-02-25,,
buffalo-sabres,new-jersey-devils,Alex Lyon,Starting Goalie,g1,Goalies,g,34.0,,False,2026-02-25,,
buffalo-sabres,new-jersey-devils,Ukko-Pekka Luukkonen,Backup Goalie,g2,Goalies,g,1.0,,True,2026-02-25,,
colorado-avalanche,utah-hockey-club,Mackenzie Blackwood,Starting Goalie,g1,Goalies,g,39.0,,False,2026-02-25,,
colorado-avalanche,utah-hockey-club,Scott Wedgewood,Backup Goalie,g2,Goalies,g,41.0,,False,2026-02-25,,
dallas-stars,seattle-kraken,Casey DeSmith,Starting Goalie,g1,Goalies,g,1.0,,False,2026-02-25,,
dallas-stars,seattle-kraken,Remi Poirier,Backup Goalie,g2,Goalies,g,31.0,,False,2026-02-25,,
edmonton-oilers,anaheim-ducks,Tristan Jarry,Starting Goalie,g1,Goalies,g,35.0,,False,2026-02-25,,
edmonton-oilers,anaheim-ducks,Connor Ingram,Backup Goalie,g2,Goalies,g,39.0,,False,2026-02-25,,
los-angeles-kings,vegas-golden-knights,Darcy Kuemper,Starting Goalie,g1,Goalies,g,35.0,,False,2026-02-25,,
los-angeles-kings,vegas-golden-knights,Anton Forsberg,Backup Goalie,g2,Goalies,g,31.0,,False,2026-02-25,,
new-jersey-devils,buffalo-sabres,Jacob Markstrom,Starting Goalie,g1,Goalies,g,25.0,,False,2026-02-25,,
new-jersey-devils,buffalo-sabres,Jake Allen,Backup Goalie,g2,Goalies,g,34.0,,False,2026-02-25,,
philadelphia-flyers,washington-capitals,Dan Vladar,Starting Goalie,g1,Goalies,g,80.0,,False,2026-02-25,,
philadelphia-flyers,washington-capitals,Samuel Ersson,Backup Goalie,g2,Goalies,g,33.0,,True,2026-02-25,,
seattle-kraken,dallas-stars,Joey Daccord,Starting Goalie,g1,Goalies,g,35.0,,False,2026-02-25,,
seattle-kraken,dallas-stars,Philipp Grubauer,Backup Goalie,g2,Goalies,g,31.0,,False,2026-02-25,,
tampa-bay-lightning,toronto-maple-leafs,Andrei Vasilevskiy,Starting Goalie,g1,Goalies,g,88.0,,False,2026-02-25,,
tampa-bay-lightning,toronto-maple-leafs,Jonas Johansson,Backup Goalie,g2,Goalies,g,31.0,,False,2026-02-25,,
toronto-maple-leafs,tampa-bay-lightning,Joseph Woll,Starting Goalie,g1,Goalies,g,60.0,,False,2026-02-25,,
toronto-maple-leafs,tampa-bay-lightning,Anthony Stolarz,Backup Goalie,g2,Goalies,g,41.0,,False,2026-02-25,,
utah-hockey-club,colorado-avalanche,Karel Vejmelka,Starting Goalie,g1,Goalies,g,70.0,,False,2026-02-25,,
utah-hockey-club,colorado-avalanche,Vitek Vanecek,Backup Goalie,g2,Goalies,g,41.0,,False,2026-02-25,,
vancouver-canucks,winnipeg-jets,Nikita Tolopilo,Starting Goalie,g1,Goalies,g,60.0,,False,2026-02-25,,
vancouver-canucks,winnipeg-jets,Jiri Patera,Backup Goalie,g2,Goalies,g,30.0,,False,2026-02-25,,
vegas-golden-knights,los-angeles-kings,Adin Hill,Starting Goalie,g1,Goalies,g,33.0,,False,2026-02-25,,
vegas-golden-knights,los-angeles-kings,Akira Schmid,Backup Goalie,g2,Goalies,g,40.0,,False,2026-02-25,,
washington-capitals,philadelphia-flyers,Logan Thompson,Starting Goalie,g1,Goalies,g,48.0,,False,2026-02-25,,
washington-capitals,philadelphia-flyers,Charlie Lindgren,Backup Goalie,g2,Goalies,g,79.0,,False,2026-02-25,,
winnipeg-jets,vancouver-canucks,Eric Comrie,Starting Goalie,g1,Goalies,g,1.0,,False,2026-02-25,,
winnipeg-jets,vancouver-canucks,Connor Hellebuyck,Backup Goalie,g2,Goalies,g,37.0,,False,2026-02-25,,
boston-bruins,columbus-blue-jackets,Jeremy Swayman,Starting Goalie,g1,Goalies,g,1.0,,False,2026-02-26,,
boston-bruins,columbus-blue-jackets,Joonas Korpisalo,Backup Goalie,g2,Goalies,g,70.0,,False,2026-02-26,,
calgary-flames,san-jose-sharks,Dustin Wolf,Starting Goalie,g1,Goalies,g,32.0,,False,2026-02-26,,
calgary-flames,san-jose-sharks,Devin Cooley,Backup Goalie,g2,Goalies,g,,,False,2026-02-26,,
carolina-hurricanes,tampa-bay-lightning,Brandon Bussi,Starting Goalie,g1,Goalies,g,32.0,,False,2026-02-26,,
carolina-hurricanes,tampa-bay-lightning,Frederik Andersen,Backup Goalie,g2,Goalies,g,31.0,,False,2026-02-26,,
chicago-blackhawks,nashville-predators,Spencer Knight,Starting Goalie,g1,Goalies,g,30.0,,False,2026-02-26,,
chicago-blackhawks,nashville-predators,Arvid Soderblom,Backup Goalie,g2,Goalies,g,40.0,,False,2026-02-26,,
colorado-avalanche,minnesota-wild,Mackenzie Blackwood,Starting Goalie,g1,Goalies,g,39.0,,False,2026-02-26,,
colorado-avalanche,minnesota-wild,Scott Wedgewood,Backup Goalie,g2,Goalies,g,41.0,,False,2026-02-26,,
columbus-blue-jackets,boston-bruins,Jet Greaves,Starting Goalie,g1,Goalies,g,,,False,2026-02-26,,
columbus-blue-jackets,boston-bruins,Elvis Merzlikins,Backup Goalie,g2,Goalies,g,90.0,,False,2026-02-26,,
detroit-red-wings,ottawa-senators,John Gibson,Starting Goalie,g1,Goalies,g,36.0,,False,2026-02-26,,
detroit-red-wings,ottawa-senators,Cam Talbot,Backup Goalie,g2,Goalies,g,39.0,,False,2026-02-26,,
edmonton-oilers,los-angeles-kings,Connor Ingram,Starting Goalie,g1,Goalies,g,39.0,,False,2026-02-26,,
edmonton-oilers,los-angeles-kings,Tristan Jarry,Backup Goalie,g2,Goalies,g,35.0,,False,2026-02-26,,
florida-panthers,toronto-maple-leafs,Sergei Bobrovsky,Starting Goalie,g1,Goalies,g,72.0,,False,2026-02-26,,
florida-panthers,toronto-maple-leafs,Daniil Tarasov,Backup Goalie,g2,Goalies,g,40.0,,False,2026-02-26,,
los-angeles-kings,edmonton-oilers,Darcy Kuemper,Starting Goalie,g1,Goalies,g,35.0,,False,2026-02-26,,
los-angeles-kings,edmonton-oilers,Anton Forsberg,Backup Goalie,g2,Goalies,g,31.0,,False,2026-02-26,,
minnesota-wild,colorado-avalanche,Filip Gustavsson,Starting Goalie,g1,Goalies,g,32.0,,False,2026-02-26,,
minnesota-wild,colorado-avalanche,Jesper Wallstedt,Backup Goalie,g2,Goalies,g,,,False,2026-02-26,,
montreal-canadiens,new-york-islanders,Jakub Dobes,Starting Goalie,g1,Goalies,g,75.0,,False,2026-02-26,,
montreal-canadiens,new-york-islanders,Sam Montembeault,Backup Goalie,g2,Goalies,g,35.0,,False,2026-02-26,,
nashville-predators,chicago-blackhawks,Juuse Saros,Starting Goalie,g1,Goalies,g,74.0,,False,2026-02-26,,
nashville-predators,chicago-blackhawks,Justus Annunen,Backup Goalie,g2,Goalies,g,29.0,,False,2026-02-26,,
new-jersey-devils,pittsburgh-penguins,Jacob Markstrom,Starting Goalie,g1,Goalies,g,25.0,,False,2026-02-26,,
new-jersey-devils,pittsburgh-penguins,Jake Allen,Backup Goalie,g2,Goalies,g,34.0,,False,2026-02-26,,
new-york-islanders,montreal-canadiens,Ilya Sorokin,Starting Goalie,g1,Goalies,g,30.0,,False,2026-02-26,,
new-york-islanders,montreal-canadiens,David Rittich,Backup Goalie,g2,Goalies,g,31.0,,False,2026-02-26,,
new-york-rangers,philadelphia-flyers,Jonathan Quick,Starting Goalie,g1,Goalies,g,32.0,,False,2026-02-26,,
new-york-rangers,philadelphia-flyers,Spencer Martin,Backup Goalie,g2,Goalies,g,41.0,,False,2026-02-26,,
ottawa-senators,detroit-red-wings,Linus Ullmark,Starting Goalie,g1,Goalies,g,35.0,,False,2026-02-26,,
ottawa-senators,detroit-red-wings,James Reimer,Backup Goalie,g2,Goalies,g,47.0,,False,2026-02-26,,
philadelphia-flyers,new-york-rangers,Samuel Ersson,Starting Goalie,g1,Goalies,g,33.0,,False,2026-02-26,,
philadelphia-flyers,new-york-rangers,Dan Vladar,Backup Goalie,g2,Goalies,g,80.0,,False,2026-02-26,,
pittsburgh-penguins,new-jersey-devils,Stuart Skinner,Starting Goalie,g1,Goalies,g,74.0,,False,2026-02-26,,
pittsburgh-penguins,new-jersey-devils,Arturs Silovs,Backup Goalie,g2,Goalies,g,,,False,2026-02-26,,
san-jose-sharks,calgary-flames,Yaroslav Askarov,Starting Goalie,g1,Goalies,g,30.0,,False,2026-02-26,,
san-jose-sharks,calgary-flames,Alex Nedeljkovic,Backup Goalie,g2,Goalies,g,33.0,,False,2026-02-26,,
seattle-kraken,st-louis-blues,Philipp Grubauer,Starting Goalie,g1,Goalies,g,31.0,,False,2026-02-26,,
seattle-kraken,st-louis-blues,Joey Daccord,Backup Goalie,g2,Goalies,g,35.0,,False,2026-02-26,,
st-louis-blues,seattle-kraken,Joel Hofer,Starting Goalie,g1,Goalies,g,30.0,,False,2026-02-26,,
st-louis-blues,seattle-kraken,Jordan Binnington,Backup Goalie,g2,Goalies,g,50.0,,False,2026-02-26,,
tampa-bay-lightning,carolina-hurricanes,Jonas Johansson,Starting Goalie,g1,Goalies,g,31.0,,False,2026-02-26,,
tampa-bay-lightning,carolina-hurricanes,Andrei Vasilevskiy,Backup Goalie,g2,Goalies,g,88.0,,False,2026-02-26,,
toronto-maple-leafs,florida-panthers,Joseph Woll,Starting Goalie,g1,Goalies,g,60.0,,False,2026-02-26,,
toronto-maple-leafs,florida-panthers,Anthony Stolarz,Backup Goalie,g2,Goalies,g,41.0,,False,2026-02-26,,
anaheim-ducks,winnipeg-jets,Lukas Dostal,Starting Goalie,g1,Goalies,g,1.0,,False,2026-02-27,,
anaheim-ducks,winnipeg-jets,Ville Husso,Backup Goalie,g2,Goalies,g,33.0,,False,2026-02-27,,
buffalo-sabres,florida-panthers,Alex Lyon,Starting Goalie,g1,Goalies,g,34.0,,False,2026-02-27,,
buffalo-sabres,florida-panthers,Ukko-Pekka Luukkonen,Backup Goalie,g2,Goalies,g,1.0,,False,2026-02-27,,
florida-panthers,buffalo-sabres,Daniil Tarasov,Starting Goalie,g1,Goalies,g,40.0,,False,2026-02-27,,
florida-panthers,buffalo-sabres,Sergei Bobrovsky,Backup Goalie,g2,Goalies,g,72.0,,False,2026-02-27,,
minnesota-wild,utah-hockey-club,Jesper Wallstedt,Starting Goalie,g1,Goalies,g,,,False,2026-02-27,,
minnesota-wild,utah-hockey-club,Filip Gustavsson,Backup Goalie,g2,Goalies,g,32.0,,False,2026-02-27,,
utah-hockey-club,minnesota-wild,Karel Vejmelka,Starting Goalie,g1,Goalies,g,70.0,,False,2026-02-27,,
utah-hockey-club,minnesota-wild,Vitek Vanecek,Backup Goalie,g2,Goalies,g,41.0,,False,2026-02-27,,
vegas-golden-knights,washington-capitals,Adin Hill,Starting Goalie,g1,Goalies,g,33.0,,False,2026-02-27,,
vegas-golden-knights,washington-capitals,Akira Schmid,Backup Goalie,g2,Goalies,g,40.0,,False,2026-02-27,,
washington-capitals,vegas-golden-knights,Logan Thompson,Starting Goalie,g1,Goalies,g,48.0,,False,2026-02-27,,
washington-capitals,vegas-golden-knights,Charlie Lindgren,Backup Goalie,g2,Goalies,g,79.0,,False,2026-02-27,,
winnipeg-jets,anaheim-ducks,Connor Hellebuyck,Starting Goalie,g1,Goalies,g,37.0,,False,2026-02-27,,
winnipeg-jets,anaheim-ducks,Eric Comrie,Backup Goalie,g2,Goalies,g,1.0,,False,2026-02-27,,
boston-bruins,philadelphia-flyers,Joonas Korpisalo,Starting Goalie,g1,Goalies,g,70.0,,False,2026-02-28,,
boston-bruins,philadelphia-flyers,Michael DiPietro,Backup Goalie,g2,Goalies,g,80.0,,False,2026-02-28,,
buffalo-sabres,tampa-bay-lightning,Ukko-Pekka Luukkonen,Starting Goalie,g1,Goalies,g,1.0,,False,2026-02-28,,
buffalo-sabres,tampa-bay-lightning,Alex Lyon,Backup Goalie,g2,Goalies,g,34.0,,False,2026-02-28,,
calgary-flames,los-angeles-kings,Dustin Wolf,Starting Goalie,g1,Goalies,g,32.0,,False,2026-02-28,,
calgary-flames,los-angeles-kings,Devin Cooley,Backup Goalie,g2,Goalies,g,,,False,2026-02-28,,
carolina-hurricanes,detroit-red-wings,Frederik Andersen,Starting Goalie,g1,Goalies,g,31.0,,False,2026-02-28,,
carolina-hurricanes,detroit-red-wings,Brandon Bussi,Backup Goalie,g2,Goalies,g,32.0,,False,2026-02-28,,
chicago-blackhawks,colorado-avalanche,Spencer Knight,Starting Goalie,g1,Goalies,g,30.0,,False,2026-02-28,,
chicago-blackhawks,colorado-avalanche,Arvid Soderblom,Backup Goalie,g2,Goalies,g,40.0,,False,2026-02-28,,
colorado-avalanche,chicago-blackhawks,Mackenzie Blackwood,Starting Goalie,g1,Goalies,g,39.0,,False,2026-02-28,,
colorado-avalanche,chicago-blackhawks,Scott Wedgewood,Backup Goalie,g2,Goalies,g,41.0,,False,2026-02-28,,
columbus-blue-jackets,new-york-islanders,Elvis Merzlikins,Starting Goalie,g1,Goalies,g,90.0,,False,2026-02-28,,
columbus-blue-jackets,new-york-islanders,Jet Greaves,Backup Goalie,g2,Goalies,g,,,False,2026-02-28,,
dallas-stars,nashville-predators,Jake Oettinger,Starting Goalie,g1,Goalies,g,29.0,,False,2026-02-28,,
dallas-stars,nashville-predators,Casey DeSmith,Backup Goalie,g2,Goalies,g,1.0,,False,2026-02-28,,
detroit-red-wings,carolina-hurricanes,John Gibson,Starting Goalie,g1,Goalies,g,36.0,,False,2026-02-28,,
detroit-red-wings,carolina-hurricanes,Cam Talbot,Backup Goalie,g2,Goalies,g,39.0,,False,2026-02-28,,
edmonton-oilers,san-jose-sharks,Tristan Jarry,Starting Goalie,g1,Goalies,g,35.0,,False,2026-02-28,,
edmonton-oilers,san-jose-sharks,Connor Ingram,Backup Goalie,g2,Goalies,g,39.0,,False,2026-02-28,,
los-angeles-kings,calgary-flames,Darcy Kuemper,Starting Goalie,g1,Goalies,g,35.0,,False,2026-02-28,,
los-angeles-kings,calgary-flames,Anton Forsberg,Backup Goalie,g2,Goalies,g,31.0,,False,2026-02-28,,
montreal-canadiens,washington-capitals,Jakub Dobes,Starting Goalie,g1,Goalies,g,75.0,,False,2026-02-28,,
montreal-canadiens,washington-capitals,Sam Montembeault,Backup Goalie,g2,Goalies,g,35.0,,False,2026-02-28,,
nashville-predators,dallas-stars,Juuse Saros,Starting Goalie,g1,Goalies,g,74.0,,False,2026-02-28,,
nashville-predators,dallas-stars,Justus Annunen,Backup Goalie,g2,Goalies,g,29.0,,False,2026-02-28,,
new-jersey-devils,st-louis-blues,Jacob Markstrom,Starting Goalie,g1,Goalies,g,25.0,,False,2026-02-28,,
new-jersey-devils,st-louis-blues,Jake Allen,Backup Goalie,g2,Goalies,g,34.0,,False,2026-02-28,,
new-york-islanders,columbus-blue-jackets,Ilya Sorokin,Starting Goalie,g1,Goalies,g,30.0,,False,2026-02-28,,
new-york-islanders,columbus-blue-jackets,David Rittich,Backup Goalie,g2,Goalies,g,31.0,,False,2026-02-28,,
new-york-rangers,pittsburgh-penguins,Igor Shesterkin,Starting Goalie,g1,Goalies,g,31.0,,False,2026-02-28,,
new-york-rangers,pittsburgh-penguins,Jonathan Quick,Backup Goalie,g2,Goalies,g,32.0,,False,2026-02-28,,
ottawa-senators,toronto-maple-leafs,Linus Ullmark,Starting Goalie,g1,Goalies,g,35.0,,False,2026-02-28,,
ottawa-senators,toronto-maple-leafs,James Reimer,Backup Goalie,g2,Goalies,g,47.0,,False,2026-02-28,,
philadelphia-flyers,boston-bruins,Samuel Ersson,Starting Goalie,g1,Goalies,g,33.0,,False,2026-02-28,,
philadelphia-flyers,boston-bruins,Dan Vladar,Backup Goalie,g2,Goalies,g,80.0,,False,2026-02-28,,
pittsburgh-penguins,new-york-rangers,Stuart Skinner,Starting Goalie,g1,Goalies,g,74.0,,False,2026-02-28,,
pittsburgh-penguins,new-york-rangers,Arturs Silovs,Backup Goalie,g2,Goalies,g,,,False,2026-02-28,,
san-jose-sharks,edmonton-oilers,Yaroslav Askarov,Starting Goalie,g1,Goalies,g,30.0,,False,2026-02-28,,
san-jose-sharks,edmonton-oilers,Alex Nedeljkovic,Backup Goalie,g2,Goalies,g,33.0,,False,2026-02-28,,
seattle-kraken,vancouver-canucks,Joey Daccord,Starting Goalie,g1,Goalies,g,35.0,,False,2026-02-28,,
seattle-kraken,vancouver-canucks,Philipp Grubauer,Backup Goalie,g2,Goalies,g,31.0,,False,2026-02-28,,
st-louis-blues,new-jersey-devils,Jordan Binnington,Starting Goalie,g1,Goalies,g,50.0,,False,2026-02-28,,
st-louis-blues,new-jersey-devils,Joel Hofer,Backup Goalie,g2,Goalies,g,30.0,,False,2026-02-28,,
tampa-bay-lightning,buffalo-sabres,Andrei Vasilevskiy,Starting Goalie,g1,Goalies,g,88.0,,False,2026-02-28,,
tampa-bay-lightning,buffalo-sabres,Jonas Johansson,Backup Goalie,g2,Goalies,g,31.0,,False,2026-02-28,,
toronto-maple-leafs,ottawa-senators,Joseph Woll,Starting Goalie,g1,Goalies,g,60.0,,False,2026-02-28,,
toronto-maple-leafs,ottawa-senators,Anthony Stolarz,Backup Goalie,g2,Goalies,g,41.0,,False,2026-02-28,,
vancouver-canucks,seattle-kraken,Nikita Tolopilo,Starting Goalie,g1,Goalies,g,60.0,,False,2026-02-28,,
vancouver-canucks,seattle-kraken,Jiri Patera,Backup Goalie,g2,Goalies,g,30.0,,False,2026-02-28,,
washington-capitals,montreal-canadiens,Charlie Lindgren,Starting Goalie,g1,Goalies,g,79.0,,False,2026-02-28,,
washington-capitals,montreal-canadiens,Logan Thompson,Backup Goalie,g2,Goalies,g,48.0,,False,2026-02-28,,
anaheim-ducks,calgary-flames,Lukas Dostal,Starting Goalie,g1,Goalies,g,1.0,,False,2026-03-01,,
anaheim-ducks,calgary-flames,Ville Husso,Backup Goalie,g2,Goalies,g,33.0,,False,2026-03-01,,
calgary-flames,anaheim-ducks,Devin Cooley,Starting Goalie,g1,Goalies,g,,,False,2026-03-01,,
calgary-flames,anaheim-ducks,Dustin Wolf,Backup Goalie,g2,Goalies,g,32.0,,False,2026-03-01,,
chicago-blackhawks,utah-hockey-club,Arvid Soderblom,Starting Goalie,g1,Goalies,g,40.0,,False,2026-03-01,,
chicago-blackhawks,utah-hockey-club,Spencer Knight,Backup Goalie,g2,Goalies,g,30.0,,False,2026-03-01,,
florida-panthers,new-york-islanders,Sergei Bobrovsky,Starting Goalie,g1,Goalies,g,72.0,,False,2026-03-01,,
florida-panthers,new-york-islanders,Daniil Tarasov,Backup Goalie,g2,Goalies,g,40.0,,False,2026-03-01,,
minnesota-wild,st-louis-blues,Filip Gustavsson,Starting Goalie,g1,Goalies,g,32.0,,False,2026-03-01,,
minnesota-wild,st-louis-blues,Jesper Wallstedt,Backup Goalie,g2,Goalies,g,,,False,2026-03-01,,
new-york-islanders,florida-panthers,David Rittich,Starting Goalie,g1,Goalies,g,31.0,,False,2026-03-01,,
new-york-islanders,florida-panthers,Ilya Sorokin,Backup Goalie,g2,Goalies,g,30.0,,False,2026-03-01,,
pittsburgh-penguins,vegas-golden-knights,Arturs Silovs,Starting Goalie,g1,Goalies,g,,,False,2026-03-01,,
pittsburgh-penguins,vegas-golden-knights,Stuart Skinner,Backup Goalie,g2,Goalies,g,74.0,,False,2026-03-01,,
san-jose-sharks,winnipeg-jets,Alex Nedeljkovic,Starting Goalie,g1,Goalies,g,33.0,,False,2026-03-01,,
san-jose-sharks,winnipeg-jets,Yaroslav Askarov,Backup Goalie,g2,Goalies,g,30.0,,False,2026-03-01,,
st-louis-blues,minnesota-wild,Joel Hofer,Starting Goalie,g1,Goalies,g,30.0,,False,2026-03-01,,
st-louis-blues,minnesota-wild,Jordan Binnington,Backup Goalie,g2,Goalies,g,50.0,,False,2026-03-01,,
utah-hockey-club,chicago-blackhawks,Karel Vejmelka,Starting Goalie,g1,Goalies,g,70.0,,False,2026-03-01,,
utah-hockey-club,chicago-blackhawks,Vitek Vanecek,Backup Goalie,g2,Goalies,g,41.0,,False,2026-03-01,,
vegas-golden-knights,pittsburgh-penguins,Adin Hill,Starting Goalie,g1,Goalies,g,33.0,,False,2026-03-01,,
vegas-golden-knights,pittsburgh-penguins,Akira Schmid,Backup Goalie,g2,Goalies,g,40.0,,False,2026-03-01,,
winnipeg-jets,san-jose-sharks,Connor Hellebuyck,Starting Goalie,g1,Goalies,g,37.0,,False,2026-03-01,,
winnipeg-jets,san-jose-sharks,Eric Comrie,Backup Goalie,g2,Goalies,g,1.0,,False,2026-03-01,,
carolina-hurricanes,seattle-kraken,Brandon Bussi,Starting Goalie,g1,Goalies,g,32.0,,False,2026-03-02,,
carolina-hurricanes,seattle-kraken,Frederik Andersen,Backup Goalie,g2,Goalies,g,31.0,,False,2026-03-02,,
colorado-avalanche,los-angeles-kings,Mackenzie Blackwood,Starting Goalie,g1,Goalies,g,39.0,,False,2026-03-02,,
colorado-avalanche,los-angeles-kings,Scott Wedgewood,Backup Goalie,g2,Goalies,g,41.0,,False,2026-03-02,,
columbus-blue-jackets,new-york-rangers,Elvis Merzlikins,Starting Goalie,g1,Goalies,g,90.0,,False,2026-03-02,,
columbus-blue-jackets,new-york-rangers,Jet Greaves,Backup Goalie,g2,Goalies,g,,,False,2026-03-02,,
dallas-stars,vancouver-canucks,Jake Oettinger,Starting Goalie,g1,Goalies,g,29.0,,False,2026-03-02,,
dallas-stars,vancouver-canucks,Casey DeSmith,Backup Goalie,g2,Goalies,g,1.0,,False,2026-03-02,,
detroit-red-wings,nashville-predators,Cam Talbot,Starting Goalie,g1,Goalies,g,39.0,,False,2026-03-02,,
detroit-red-wings,nashville-predators,John Gibson,Backup Goalie,g2,Goalies,g,36.0,,False,2026-03-02,,
los-angeles-kings,colorado-avalanche,Anton Forsberg,Starting Goalie,g1,Goalies,g,31.0,,False,2026-03-02,,
nashville-predators,detroit-red-wings,Juuse Saros,Starting Goalie,g1,Goalies,g,74.0,,False,2026-03-02,,
nashville-predators,detroit-red-wings,Justus Annunen,Backup Goalie,g2,Goalies,g,29.0,,False,2026-03-02,,
new-york-rangers,columbus-blue-jackets,Igor Shesterkin,Starting Goalie,g1,Goalies,g,31.0,,False,2026-03-02,,
new-york-rangers,columbus-blue-jackets,Jonathan Quick,Backup Goalie,g2,Goalies,g,32.0,,False,2026-03-02,,
philadelphia-flyers,toronto-maple-leafs,Dan Vladar,Starting Goalie,g1,Goalies,g,80.0,,False,2026-03-02,,
philadelphia-flyers,toronto-maple-leafs,Samuel Ersson,Backup Goalie,g2,Goalies,g,33.0,,False,2026-03-02,,
seattle-kraken,carolina-hurricanes,Joey Daccord,Starting Goalie,g1,Goalies,g,35.0,,False,2026-03-02,,
seattle-kraken,carolina-hurricanes,Philipp Grubauer,Backup Goalie,g2,Goalies,g,31.0,,False,2026-03-02,,
toronto-maple-leafs,philadelphia-flyers,Joseph Woll,Starting Goalie,g1,Goalies,g,60.0,,False,2026-03-02,,
toronto-maple-leafs,philadelphia-flyers,Anthony Stolarz,Backup Goalie,g2,Goalies,g,41.0,,False,2026-03-02,,
vancouver-canucks,dallas-stars,Kevin Lankinen,Starting Goalie,g1,Goalies,g,32.0,,False,2026-03-02,,
vancouver-canucks,dallas-stars,Nikita Tolopilo,Backup Goalie,g2,Goalies,g,60.0,,False,2026-03-02,,
anaheim-ducks,colorado-avalanche,Lukas Dostal,Starting Goalie,g1,Goalies,g,1.0,,False,2026-03-03,,
anaheim-ducks,colorado-avalanche,Ville Husso,Backup Goalie,g2,Goalies,g,33.0,,False,2026-03-03,,
boston-bruins,pittsburgh-penguins,Jeremy Swayman,Starting Goalie,g1,Goalies,g,1.0,,False,2026-03-03,,
boston-bruins,pittsburgh-penguins,Joonas Korpisalo,Backup Goalie,g2,Goalies,g,70.0,,False,2026-03-03,,
buffalo-sabres,vegas-golden-knights,Alex Lyon,Starting Goalie,g1,Goalies,g,34.0,,False,2026-03-03,,
buffalo-sabres,vegas-golden-knights,Ukko-Pekka Luukkonen,Backup Goalie,g2,Goalies,g,1.0,,False,2026-03-03,,
calgary-flames,dallas-stars,Dustin Wolf,Starting Goalie,g1,Goalies,g,32.0,,False,2026-03-03,,
calgary-flames,dallas-stars,Devin Cooley,Backup Goalie,g2,Goalies,g,,,False,2026-03-03,,
chicago-blackhawks,winnipeg-jets,Spencer Knight,Starting Goalie,g1,Goalies,g,30.0,,False,2026-03-03,,
chicago-blackhawks,winnipeg-jets,Arvid Soderblom,Backup Goalie,g2,Goalies,g,40.0,,False,2026-03-03,,
colorado-avalanche,anaheim-ducks,Scott Wedgewood,Starting Goalie,g1,Goalies,g,41.0,,False,2026-03-03,,
colorado-avalanche,anaheim-ducks,Mackenzie Blackwood,Backup Goalie,g2,Goalies,g,39.0,,False,2026-03-03,,
columbus-blue-jackets,nashville-predators,Jet Greaves,Starting Goalie,g1,Goalies,g,,,False,2026-03-03,,
columbus-blue-jackets,nashville-predators,Elvis Merzlikins,Backup Goalie,g2,Goalies,g,90.0,,False,2026-03-03,,
dallas-stars,calgary-flames,Casey DeSmith,Starting Goalie,g1,Goalies,g,1.0,,False,2026-03-03,,
dallas-stars,calgary-flames,Jake Oettinger,Backup Goalie,g2,Goalies,g,29.0,,False,2026-03-03,,
edmonton-oilers,ottawa-senators,Tristan Jarry,Starting Goalie,g1,Goalies,g,35.0,,False,2026-03-03,,
edmonton-oilers,ottawa-senators,Connor Ingram,Backup Goalie,g2,Goalies,g,39.0,,False,2026-03-03,,
florida-panthers,new-jersey-devils,Sergei Bobrovsky,Starting Goalie,g1,Goalies,g,72.0,,False,2026-03-03,,
florida-panthers,new-jersey-devils,Daniil Tarasov,Backup Goalie,g2,Goalies,g,40.0,,False,2026-03-03,,
minnesota-wild,tampa-bay-lightning,Filip Gustavsson,Starting Goalie,g1,Goalies,g,32.0,,False,2026-03-03,,
minnesota-wild,tampa-bay-lightning,Jesper Wallstedt,Backup Goalie,g2,Goalies,g,,,False,2026-03-03,,
montreal-canadiens,san-jose-sharks,Jakub Dobes,Starting Goalie,g1,Goalies,g,75.0,,False,2026-03-03,,
montreal-canadiens,san-jose-sharks,Sam Montembeault,Backup Goalie,g2,Goalies,g,35.0,,False,2026-03-03,,
nashville-predators,columbus-blue-jackets,Justus Annunen,Starting Goalie,g1,Goalies,g,29.0,,False,2026-03-03,,
nashville-predators,columbus-blue-jackets,Juuse Saros,Backup Goalie,g2,Goalies,g,74.0,,False,2026-03-03,,
new-jersey-devils,florida-panthers,Jake Allen,Starting Goalie,g1,Goalies,g,34.0,,False,2026-03-03,,
new-jersey-devils,florida-panthers,Jacob Markstrom,Backup Goalie,g2,Goalies,g,25.0,,False,2026-03-03,,
ottawa-senators,edmonton-oilers,Linus Ullmark,Starting Goalie,g1,Goalies,g,35.0,,False,2026-03-03,,
ottawa-senators,edmonton-oilers,James Reimer,Backup Goalie,g2,Goalies,g,47.0,,False,2026-03-03,,
pittsburgh-penguins,boston-bruins,Stuart Skinner,Starting Goalie,g1,Goalies,g,74.0,,False,2026-03-03,,
pittsburgh-penguins,boston-bruins,Arturs Silovs,Backup Goalie,g2,Goalies,g,,,False,2026-03-03,,
san-jose-sharks,montreal-canadiens,Yaroslav Askarov,Starting Goalie,g1,Goalies,g,30.0,,False,2026-03-03,,
san-jose-sharks,montreal-canadiens,Alex Nedeljkovic,Backup Goalie,g2,Goalies,g,33.0,,False,2026-03-03,,
tampa-bay-lightning,minnesota-wild,Andrei Vasilevskiy,Starting Goalie,g1,Goalies,g,88.0,,False,2026-03-03,,
tampa-bay-lightning,minnesota-wild,Jonas Johansson,Backup Goalie,g2,Goalies,g,31.0,,False,2026-03-03,,
utah-hockey-club,washington-capitals,Karel Vejmelka,Starting Goalie,g1,Goalies,g,70.0,,False,2026-03-03,,
utah-hockey-club,washington-capitals,Vitek Vanecek,Backup Goalie,g2,Goalies,g,41.0,,False,2026-03-03,,
vegas-golden-knights,buffalo-sabres,Adin Hill,Starting Goalie,g1,Goalies,g,33.0,,False,2026-03-03,,
vegas-golden-knights,buffalo-sabres,Akira Schmid,Backup Goalie,g2,Goalies,g,40.0,,False,2026-03-03,,
washington-capitals,utah-hockey-club,Logan Thompson,Starting Goalie,g1,Goalies,g,48.0,,False,2026-03-03,,
washington-capitals,utah-hockey-club,Charlie Lindgren,Backup Goalie,g2,Goalies,g,79.0,,False,2026-03-03,,
winnipeg-jets,chicago-blackhawks,Connor Hellebuyck,Starting Goalie,g1,Goalies,g,37.0,,False,2026-03-03,,
winnipeg-jets,chicago-blackhawks,Eric Comrie,Backup Goalie,g2,Goalies,g,1.0,,False,2026-03-03,,
anaheim-ducks,new-york-islanders,Ville Husso,Starting Goalie,g1,Goalies,g,33.0,,False,2026-03-04,,
anaheim-ducks,new-york-islanders,Lukas Dostal,Backup Goalie,g2,Goalies,g,1.0,,False,2026-03-04,,
carolina-hurricanes,vancouver-canucks,Brandon Bussi,Starting Goalie,g1,Goalies,g,32.0,,False,2026-03-04,,
carolina-hurricanes,vancouver-canucks,Frederik Andersen,Backup Goalie,g2,Goalies,g,31.0,,False,2026-03-04,,
detroit-red-wings,vegas-golden-knights,Cam Talbot,Starting Goalie,g1,Goalies,g,39.0,,False,2026-03-04,,
detroit-red-wings,vegas-golden-knights,Sebastian Cossa,Backup Goalie,g2,Goalies,g,,,False,2026-03-04,,
new-jersey-devils,toronto-maple-leafs,Jake Allen,Starting Goalie,g1,Goalies,g,34.0,,False,2026-03-04,,
new-jersey-devils,toronto-maple-leafs,Jacob Markstrom,Backup Goalie,g2,Goalies,g,25.0,,False,2026-03-04,,
new-york-islanders,anaheim-ducks,Ilya Sorokin,Starting Goalie,g1,Goalies,g,30.0,,False,2026-03-04,,
new-york-islanders,anaheim-ducks,David Rittich,Backup Goalie,g2,Goalies,g,31.0,,False,2026-03-04,,
seattle-kraken,st-louis-blues,Philipp Grubauer,Starting Goalie,g1,Goalies,g,31.0,,False,2026-03-04,,
seattle-kraken,st-louis-blues,Joey Daccord,Backup Goalie,g2,Goalies,g,35.0,,False,2026-03-04,,
st-louis-blues,seattle-kraken,Jordan Binnington,Starting Goalie,g1,Goalies,g,50.0,,False,2026-03-04,,
st-louis-blues,seattle-kraken,Joel Hofer,Backup Goalie,g2,Goalies,g,30.0,,False,2026-03-04,,
toronto-maple-leafs,new-jersey-devils,Joseph Woll,Starting Goalie,g1,Goalies,g,60.0,,False,2026-03-04,,
toronto-maple-leafs,new-jersey-devils,Anthony Stolarz,Backup Goalie,g2,Goalies,g,41.0,,False,2026-03-04,,
vancouver-canucks,carolina-hurricanes,Kevin Lankinen,Starting Goalie,g1,Goalies,g,32.0,,False,2026-03-04,,
vancouver-canucks,carolina-hurricanes,Nikita Tolopilo,Backup Goalie,g2,Goalies,g,60.0,,False,2026-03-04,,
vegas-golden-knights,detroit-red-wings,Adin Hill,Starting Goalie,g1,Goalies,g,33.0,,False,2026-03-04,,
vegas-golden-knights,detroit-red-wings,Akira Schmid,Backup Goalie,g2,Goalies,g,40.0,,False,2026-03-04,,
boston-bruins,nashville-predators,Jeremy Swayman,Starting Goalie,g1,Goalies,g,1.0,,False,2026-03-05,,
boston-bruins,nashville-predators,Joonas Korpisalo,Backup Goalie,g2,Goalies,g,70.0,,False,2026-03-05,,
buffalo-sabres,pittsburgh-penguins,Ukko-Pekka Luukkonen,Starting Goalie,g1,Goalies,g,1.0,,False,2026-03-05,,
buffalo-sabres,pittsburgh-penguins,Alex Lyon,Backup Goalie,g2,Goalies,g,34.0,,False,2026-03-05,,
calgary-flames,ottawa-senators,Dustin Wolf,Starting Goalie,g1,Goalies,g,32.0,,False,2026-03-05,,
calgary-flames,ottawa-senators,Devin Cooley,Backup Goalie,g2,Goalies,g,,,False,2026-03-05,,
columbus-blue-jackets,florida-panthers,Elvis Merzlikins,Starting Goalie,g1,Goalies,g,90.0,,False,2026-03-05,,
columbus-blue-jackets,florida-panthers,Jet Greaves,Backup Goalie,g2,Goalies,g,,,False,2026-03-05,,
florida-panthers,columbus-blue-jackets,Sergei Bobrovsky,Starting Goalie,g1,Goalies,g,72.0,,False,2026-03-05,,
florida-panthers,columbus-blue-jackets,Daniil Tarasov,Backup Goalie,g2,Goalies,g,40.0,,False,2026-03-05,,
los-angeles-kings,new-york-islanders,Darcy Kuemper,Starting Goalie,g1,Goalies,g,35.0,,False,2026-03-05,,
los-angeles-kings,new-york-islanders,Anton Forsberg,Backup Goalie,g2,Goalies,g,31.0,,False,2026-03-05,,
nashville-predators,boston-bruins,Juuse Saros,Starting Goalie,g1,Goalies,g,74.0,,False,2026-03-05,,
nashville-predators,boston-bruins,Justus Annunen,Backup Goalie,g2,Goalies,g,29.0,,False,2026-03-05,,
new-york-islanders,los-angeles-kings,David Rittich,Starting Goalie,g1,Goalies,g,31.0,,False,2026-03-05,,
new-york-islanders,los-angeles-kings,Ilya Sorokin,Backup Goalie,g2,Goalies,g,30.0,,False,2026-03-05,,
new-york-rangers,toronto-maple-leafs,Igor Shesterkin,Starting Goalie,g1,Goalies,g,31.0,,False,2026-03-05,,
new-york-rangers,toronto-maple-leafs,Jonathan Quick,Backup Goalie,g2,Goalies,g,32.0,,False,2026-03-05,,
ottawa-senators,calgary-flames,Linus Ullmark,Starting Goalie,g1,Goalies,g,35.0,,False,2026-03-05,,
ottawa-senators,calgary-flames,James Reimer,Backup Goalie,g2,Goalies,g,47.0,,False,2026-03-05,,
philadelphia-flyers,utah-hockey-club,Dan Vladar,Starting Goalie,g1,Goalies,g,80.0,,False,2026-03-05,,
philadelphia-flyers,utah-hockey-club,Samuel Ersson,Backup Goalie,g2,Goalies,g,33.0,,False,2026-03-05,,
pittsburgh-penguins,buffalo-sabres,Arturs Silovs,Starting Goalie,g1,Goalies,g,,,False,2026-03-05,,
pittsburgh-penguins,buffalo-sabres,Stuart Skinner,Backup Goalie,g2,Goalies,g,74.0,,False,2026-03-05,,
tampa-bay-lightning,winnipeg-jets,Andrei Vasilevskiy,Starting Goalie,g1,Goalies,g,88.0,,False,2026-03-05,,
tampa-bay-lightning,winnipeg-jets,Jonas Johansson,Backup Goalie,g2,Goalies,g,31.0,,False,2026-03-05,,
toronto-maple-leafs,new-york-rangers,Joseph Woll,Starting Goalie,g1,Goalies,g,60.0,,False,2026-03-05,,
toronto-maple-leafs,new-york-rangers,Anthony Stolarz,Backup Goalie,g2,Goalies,g,41.0,,False,2026-03-05,,
utah-hockey-club,philadelphia-flyers,Karel Vejmelka,Starting Goalie,g1,Goalies,g,70.0,,False,2026-03-05,,
utah-hockey-club,philadelphia-flyers,Vitek Vanecek,Backup Goalie,g2,Goalies,g,41.0,,False,2026-03-05,,
winnipeg-jets,tampa-bay-lightning,Connor Hellebuyck,Starting Goalie,g1,Goalies,g,37.0,,False,2026-03-05,,
winnipeg-jets,tampa-bay-lightning,Eric Comrie,Backup Goalie,g2,Goalies,g,1.0,,False,2026-03-05,,
anaheim-ducks,montreal-canadiens,Lukas Dostal,Starting Goalie,g1,Goalies,g,1.0,,False,2026-03-06,,
anaheim-ducks,montreal-canadiens,Ville Husso,Backup Goalie,g2,Goalies,g,33.0,,False,2026-03-06,,
carolina-hurricanes,edmonton-oilers,Brandon Bussi,Starting Goalie,g1,Goalies,g,32.0,,False,2026-03-06,,
carolina-hurricanes,edmonton-oilers,Frederik Andersen,Backup Goalie,g2,Goalies,g,31.0,,False,2026-03-06,,
chicago-blackhawks,vancouver-canucks,Spencer Knight,Starting Goalie,g1,Goalies,g,30.0,,False,2026-03-06,,
chicago-blackhawks,vancouver-canucks,Arvid Soderblom,Backup Goalie,g2,Goalies,g,40.0,,False,2026-03-06,,
colorado-avalanche,dallas-stars,Mackenzie Blackwood,Starting Goalie,g1,Goalies,g,39.0,,False,2026-03-06,,
colorado-avalanche,dallas-stars,Scott Wedgewood,Backup Goalie,g2,Goalies,g,41.0,,False,2026-03-06,,
dallas-stars,colorado-avalanche,Jake Oettinger,Starting Goalie,g1,Goalies,g,29.0,,False,2026-03-06,,
dallas-stars,colorado-avalanche,Casey DeSmith,Backup Goalie,g2,Goalies,g,1.0,,False,2026-03-06,,
detroit-red-wings,florida-panthers,John Gibson,Starting Goalie,g1,Goalies,g,36.0,,False,2026-03-06,,
detroit-red-wings,florida-panthers,Cam Talbot,Backup Goalie,g2,Goalies,g,39.0,,False,2026-03-06,,
edmonton-oilers,carolina-hurricanes,Tristan Jarry,Starting Goalie,g1,Goalies,g,35.0,,False,2026-03-06,,
edmonton-oilers,carolina-hurricanes,Connor Ingram,Backup Goalie,g2,Goalies,g,39.0,,False,2026-03-06,,
florida-panthers,detroit-red-wings,Sergei Bobrovsky,Starting Goalie,g1,Goalies,g,72.0,,False,2026-03-06,,
florida-panthers,detroit-red-wings,Daniil Tarasov,Backup Goalie,g2,Goalies,g,40.0,,False,2026-03-06,,
minnesota-wild,vegas-golden-knights,Filip Gustavsson,Starting Goalie,g1,Goalies,g,32.0,,False,2026-03-06,,
minnesota-wild,vegas-golden-knights,Jesper Wallstedt,Backup Goalie,g2,Goalies,g,,,False,2026-03-06,,
montreal-canadiens,anaheim-ducks,Jakub Dobes,Starting Goalie,g1,Goalies,g,75.0,,False,2026-03-06,,
montreal-canadiens,anaheim-ducks,Sam Montembeault,Backup Goalie,g2,Goalies,g,35.0,,False,2026-03-06,,
san-jose-sharks,st-louis-blues,Yaroslav Askarov,Starting Goalie,g1,Goalies,g,30.0,,False,2026-03-06,,
san-jose-sharks,st-louis-blues,Alex Nedeljkovic,Backup Goalie,g2,Goalies,g,33.0,,False,2026-03-06,,
st-louis-blues,san-jose-sharks,Joel Hofer,Starting Goalie,g1,Goalies,g,30.0,,False,2026-03-06,,
st-louis-blues,san-jose-sharks,Jordan Binnington,Backup Goalie,g2,Goalies,g,50.0,,False,2026-03-06,,
vancouver-canucks,chicago-blackhawks,Nikita Tolopilo,Starting Goalie,g1,Goalies,g,60.0,,False,2026-03-06,,
vancouver-canucks,chicago-blackhawks,Kevin Lankinen,Backup Goalie,g2,Goalies,g,32.0,,False,2026-03-06,,
vegas-golden-knights,minnesota-wild,Akira Schmid,Starting Goalie,g1,Goalies,g,40.0,,False,2026-03-06,,
vegas-golden-knights,minnesota-wild,Adin Hill,Backup Goalie,g2,Goalies,g,33.0,,False,2026-03-06,,
boston-bruins,washington-capitals,Jeremy Swayman,Starting Goalie,g1,Goalies,g,1.0,,False,2026-03-07,,
boston-bruins,washington-capitals,Joonas Korpisalo,Backup Goalie,g2,Goalies,g,70.0,,False,2026-03-07,,
buffalo-sabres,nashville-predators,Ukko-Pekka Luukkonen,Starting Goalie,g1,Goalies,g,1.0,,False,2026-03-07,,
buffalo-sabres,nashville-predators,Alex Lyon,Backup Goalie,g2,Goalies,g,34.0,,False,2026-03-07,,
calgary-flames,carolina-hurricanes,Dustin Wolf,Starting Goalie,g1,Goalies,g,32.0,,False,2026-03-07,,
calgary-flames,carolina-hurricanes,Devin Cooley,Backup Goalie,g2,Goalies,g,,,False,2026-03-07,,
carolina-hurricanes,calgary-flames,Brandon Bussi,Starting Goalie,g1,Goalies,g,32.0,,False,2026-03-07,,
carolina-hurricanes,calgary-flames,Frederik Andersen,Backup Goalie,g2,Goalies,g,31.0,,False,2026-03-07,,
columbus-blue-jackets,utah-hockey-club,Jet Greaves,Starting Goalie,g1,Goalies,g,,,False,2026-03-07,,
columbus-blue-jackets,utah-hockey-club,Elvis Merzlikins,Backup Goalie,g2,Goalies,g,90.0,,False,2026-03-07,,
los-angeles-kings,montreal-canadiens,Anton Forsberg,Starting Goalie,g1,Goalies,g,31.0,,False,2026-03-07,,
los-angeles-kings,montreal-canadiens,Darcy Kuemper,Backup Goalie,g2,Goalies,g,35.0,,False,2026-03-07,,
montreal-canadiens,los-angeles-kings,Jakub Dobes,Starting Goalie,g1,Goalies,g,75.0,,False,2026-03-07,,
montreal-canadiens,los-angeles-kings,Sam Montembeault,Backup Goalie,g2,Goalies,g,35.0,,False,2026-03-07,,
nashville-predators,buffalo-sabres,Juuse Saros,Starting Goalie,g1,Goalies,g,74.0,,False,2026-03-07,,
nashville-predators,buffalo-sabres,Justus Annunen,Backup Goalie,g2,Goalies,g,29.0,,False,2026-03-07,,
new-jersey-devils,new-york-rangers,Jacob Markstrom,Starting Goalie,g1,Goalies,g,25.0,,False,2026-03-07,,
new-jersey-devils,new-york-rangers,Jake Allen,Backup Goalie,g2,Goalies,g,34.0,,False,2026-03-07,,
new-york-islanders,san-jose-sharks,Ilya Sorokin,Starting Goalie,g1,Goalies,g,30.0,,False,2026-03-07,,
new-york-islanders,san-jose-sharks,David Rittich,Backup Goalie,g2,Goalies,g,31.0,,False,2026-03-07,,
new-york-rangers,new-jersey-devils,Igor Shesterkin,Starting Goalie,g1,Goalies,g,31.0,,False,2026-03-07,,
new-york-rangers,new-jersey-devils,Jonathan Quick,Backup Goalie,g2,Goalies,g,32.0,,False,2026-03-07,,
ottawa-senators,seattle-kraken,Linus Ullmark,Starting Goalie,g1,Goalies,g,35.0,,False,2026-03-07,,
ottawa-senators,seattle-kraken,James Reimer,Backup Goalie,g2,Goalies,g,47.0,,False,2026-03-07,,
philadelphia-flyers,pittsburgh-penguins,Dan Vladar,Starting Goalie,g1,Goalies,g,80.0,,False,2026-03-07,,
philadelphia-flyers,pittsburgh-penguins,Samuel Ersson,Backup Goalie,g2,Goalies,g,33.0,,False,2026-03-07,,
pittsburgh-penguins,philadelphia-flyers,Stuart Skinner,Starting Goalie,g1,Goalies,g,74.0,,False,2026-03-07,,
pittsburgh-penguins,philadelphia-flyers,Arturs Silovs,Backup Goalie,g2,Goalies,g,,,False,2026-03-07,,
san-jose-sharks,new-york-islanders,Yaroslav Askarov,Starting Goalie,g1,Goalies,g,30.0,,False,2026-03-07,,
san-jose-sharks,new-york-islanders,Alex Nedeljkovic,Backup Goalie,g2,Goalies,g,33.0,,False,2026-03-07,,
seattle-kraken,ottawa-senators,Philipp Grubauer,Starting Goalie,g1,Goalies,g,31.0,,False,2026-03-07,,
seattle-kraken,ottawa-senators,Joey Daccord,Backup Goalie,g2,Goalies,g,35.0,,False,2026-03-07,,
tampa-bay-lightning,toronto-maple-leafs,Andrei Vasilevskiy,Starting Goalie,g1,Goalies,g,88.0,,False,2026-03-07,,
tampa-bay-lightning,toronto-maple-leafs,Jonas Johansson,Backup Goalie,g2,Goalies,g,31.0,,False,2026-03-07,,
toronto-maple-leafs,tampa-bay-lightning,Anthony Stolarz,Starting Goalie,g1,Goalies,g,41.0,,False,2026-03-07,,
toronto-maple-leafs,tampa-bay-lightning,Joseph Woll,Backup Goalie,g2,Goalies,g,60.0,,False,2026-03-07,,
utah-hockey-club,columbus-blue-jackets,Vitek Vanecek,Starting Goalie,g1,Goalies,g,41.0,,False,2026-03-07,,
utah-hockey-club,columbus-blue-jackets,Karel Vejmelka,Backup Goalie,g2,Goalies,g,70.0,,False,2026-03-07,,
vancouver-canucks,winnipeg-jets,Kevin Lankinen,Starting Goalie,g1,Goalies,g,32.0,,False,2026-03-07,,
vancouver-canucks,winnipeg-jets,Nikita Tolopilo,Backup Goalie,g2,Goalies,g,60.0,,False,2026-03-07,,
washington-capitals,boston-bruins,Logan Thompson,Starting Goalie,g1,Goalies,g,48.0,,False,2026-03-07,,
washington-capitals,boston-bruins,Charlie Lindgren,Backup Goalie,g2,Goalies,g,79.0,,False,2026-03-07,,
winnipeg-jets,vancouver-canucks,Connor Hellebuyck,Starting Goalie,g1,Goalies,g,37.0,,False,2026-03-07,,
winnipeg-jets,vancouver-canucks,Eric Comrie,Backup Goalie,g2,Goalies,g,1.0,,False,2026-03-07,,
