team,opponent,player_name,position,position_id,line,line_id,jersey_number,injury_status,game_time_decision,scrape_date,team_slug,player_id
chicago-blackhawks,st-louis-blues,Laurent Brossoit,Injured Reserve 1,ir1,Injured Reserve,ir,39.0,ir,False,,,
chicago-blackhawks,st-louis-blues,Nick Foligno,Injured Reserve 4,ir4,Injured Reserve,ir,17.0,ir,False,,,
seattle-kraken,utah-hockey-club,Jaden Schwartz,Injured Reserve 1,ir1,Injured Reserve,ir,17.0,ir,False,,,
seattle-kraken,utah-hockey-club,Matt Murray,Injured Reserve 2,ir2,Injured Reserve,ir,30.0,ir,False,,,
seattle-kraken,utah-hockey-club,Berkly Catton,Injured Reserve 3,ir3,Injured Reserve,ir,77.0,out,False,,,
seattle-kraken,utah-hockey-club,Jared McCann,Injured Reserve 4,ir4,Injured Reserve,ir,19.0,dtd,False,,,
st-louis-blues,chicago-blackhawks,Torey Krug,Injured Reserve 1,ir1,Injured Reserve,ir,47.0,ir,False,,,
st-louis-blues,chicago-blackhawks,Alexey Toropchenko,Injured Reserve 2,ir2,Injured Reserve,ir,13.0,out,False,,,
st-louis-blues,chicago-blackhawks,Jimmy Snuggerud,Injured Reserve 3,ir3,Injured Reserve,ir,21.0,out,False,,,
st-louis-blues,chicago-blackhawks,Jordan Kyrou,Injured Reserve 4,ir4,Injured Reserve,ir,25.0,ir,False,,,
st-louis-blues,chicago-blackhawks,Nick Bjugstad,Injured Reserve 5,ir5,Injured Reserve,ir,77.0,dtd,False,,,
utah-hockey-club,seattle-kraken,Alex Kerfoot,Injured Reserve 1,ir1,Injured Reserve,ir,15.0,ir,False,,,
utah-hockey-club,seattle-kraken,Juuso Valimaki,Injured Reserve 2,ir2,Injured Reserve,ir,4.0,ir,False,,,
utah-hockey-club,seattle-kraken,Olli Maatta,Injured Reserve 3,ir3,Injured Reserve,ir,2.0,ir,False,,,
utah-hockey-club,seattle-kraken,Logan Cooley,Injured Reserve 4,ir4,Injured Reserve,ir,92.0,out,False,,,
chicago-blackhawks,st-louis-blues,Laurent Brossoit,Injured Reserve 1,ir1,Injured Reserve,ir,39.0,ir,False,2025-12-12,,
chicago-blackhawks,st-louis-blues,Nick Foligno,Injured Reserve 2,ir2,Injured Reserve,ir,17.0,ir,False,2025-12-12,,
seattle-kraken,utah-hockey-club,Jaden Schwartz,Injured Reserve 1,ir1,Injured Reserve,ir,17.0,ir,False,2025-12-12,,
seattle-kraken,utah-hockey-club,Matt Murray,Injured Reserve 2,ir2,Injured Reserve,ir,30.0,ir,False,2025-12-12,,
seattle-kraken,utah-hockey-club,Berkly Catton,Injured Reserve 3,ir3,Injured Reserve,ir,77.0,out,False,2025-12-12,,
seattle-kraken,utah-hockey-club,Jared McCann,Injured Reserve 4,ir4,Injured Reserve,ir,19.0,out,False,2025-12-12,,
st-louis-blues,chicago-blackhawks,Torey Krug,Injured Reserve 1,ir1,Injured Reserve,ir,47.0,ir,False,2025-12-12,,
st-louis-blues,chicago-blackhawks,Alexey Toropchenko,Injured Reserve 2,ir2,Injured Reserve,ir,13.0,out,False,2025-12-12,,
st-louis-blues,chicago-blackhawks,Jimmy Snuggerud,Injured Reserve 3,ir3,Injured Reserve,ir,21.0,out,False,2025-12-12,,
st-louis-blues,chicago-blackhawks,Jordan Kyrou,Injured Reserve 4,ir4,Injured Reserve,ir,25.0,ir,False,2025-12-12,,
st-louis-blues,chicago-blackhawks,Nick Bjugstad,Injured Reserve 5,ir5,Injured Reserve,ir,77.0,dtd,False,2025-12-12,,
utah-hockey-club,seattle-kraken,Alex Kerfoot,Injured Reserve 1,ir1,Injured Reserve,ir,15.0,ir,False,2025-12-12,,
utah-hockey-club,seattle-kraken,Juuso Valimaki,Injured Reserve 2,ir2,Injured Reserve,ir,4.0,ir,False,2025-12-12,,
utah-hockey-club,seattle-kraken,Logan Cooley,Injured Reserve 3,ir3,Injured Reserve,ir,92.0,out,False,2025-12-12,,
anaheim-ducks,new-jersey-devils,Petr Mrazek,Injured Reserve 1,ir1,Injured Reserve,ir,34.0,ir,False,2025-12-13,,
calgary-flames,los-angeles-kings,Martin Pospisil,Injured Reserve 1,ir1,Injured Reserve,ir,76.0,ir,False,2025-12-13,,
calgary-flames,los-angeles-kings,Zayne Parekh,Injured Reserve 2,ir2,Injured Reserve,ir,89.0,ir,False,2025-12-13,,
calgary-flames,los-angeles-kings,Samuel Honzek,Injured Reserve 3,ir3,Injured Reserve,ir,29.0,ir,False,2025-12-13,,
calgary-flames,los-angeles-kings,Jake Bean,Injured Reserve 4,ir4,Injured Reserve,ir,24.0,ir,False,2025-12-13,,
carolina-hurricanes,philadelphia-flyers,Jaccob Slavin,Injured Reserve 1,ir1,Injured Reserve,ir,74.0,ir,False,2025-12-13,,
carolina-hurricanes,philadelphia-flyers,Charles-Alexis Legault,Injured Reserve 2,ir2,Injured Reserve,ir,62.0,out,False,2025-12-13,,
chicago-blackhawks,detroit-red-wings,Laurent Brossoit,Injured Reserve 1,ir1,Injured Reserve,ir,39.0,ir,False,2025-12-13,,
chicago-blackhawks,detroit-red-wings,Nick Foligno,Injured Reserve 2,ir2,Injured Reserve,ir,17.0,ir,False,2025-12-13,,
chicago-blackhawks,detroit-red-wings,Connor Bedard,Injured Reserve 3,ir3,Injured Reserve,ir,98.0,out,False,2025-12-13,,
colorado-avalanche,nashville-predators,Logan O'Connor,Injured Reserve 1,ir1,Injured Reserve,ir,25.0,ir,False,2025-12-13,,
colorado-avalanche,nashville-predators,Scott Wedgewood,Injured Reserve 3,ir3,Injured Reserve,ir,41.0,dtd,False,2025-12-13,,
columbus-blue-jackets,vegas-golden-knights,Erik Gudbranson,Injured Reserve 1,ir1,Injured Reserve,ir,44.0,ir,False,2025-12-13,,
columbus-blue-jackets,vegas-golden-knights,Mathieu Olivier,Injured Reserve 2,ir2,Injured Reserve,ir,24.0,ir,False,2025-12-13,,
dallas-stars,florida-panthers,Lian Bichsel,Injured Reserve 1,ir1,Injured Reserve,ir,6.0,out,False,2025-12-13,,
dallas-stars,florida-panthers,Tyler Seguin,Injured Reserve 3,ir3,Injured Reserve,ir,91.0,out,False,2025-12-13,,
dallas-stars,florida-panthers,Nils Lundkvist,Injured Reserve 4,ir4,Injured Reserve,ir,5.0,out,False,2025-12-13,,
detroit-red-wings,chicago-blackhawks,Mason Appleton,Injured Reserve 1,ir1,Injured Reserve,ir,22.0,ir,False,2025-12-13,,
edmonton-oilers,toronto-maple-leafs,Jake Walman,Injured Reserve 1,ir1,Injured Reserve,ir,96.0,ir,False,2025-12-13,,
edmonton-oilers,toronto-maple-leafs,Kasperi Kapanen,Injured Reserve 2,ir2,Injured Reserve,ir,42.0,ir,False,2025-12-13,,
edmonton-oilers,toronto-maple-leafs,Connor Clattenburg,Injured Reserve 3,ir3,Injured Reserve,ir,64.0,ir,False,2025-12-13,,
edmonton-oilers,toronto-maple-leafs,Jack Roslovic,Injured Reserve 4,ir4,Injured Reserve,ir,28.0,ir,False,2025-12-13,,
florida-panthers,dallas-stars,Matthew Tkachuk,Injured Reserve 1,ir1,Injured Reserve,ir,19.0,ir,False,2025-12-13,,
florida-panthers,dallas-stars,Aleksander Barkov,Injured Reserve 2,ir2,Injured Reserve,ir,16.0,ir,False,2025-12-13,,
florida-panthers,dallas-stars,Dmitry Kulikov,Injured Reserve 3,ir3,Injured Reserve,ir,7.0,ir,False,2025-12-13,,
florida-panthers,dallas-stars,Jonah Gadjovich,Injured Reserve 4,ir4,Injured Reserve,ir,12.0,ir,False,2025-12-13,,
florida-panthers,dallas-stars,Tomas Nosek,Injured Reserve 5,ir5,Injured Reserve,ir,92.0,out,False,2025-12-13,,
florida-panthers,dallas-stars,Cole Schwindt,Injured Reserve 6,ir6,Injured Reserve,ir,79.0,out,False,2025-12-13,,
los-angeles-kings,calgary-flames,Phillip Danault,Injured Reserve 1,ir1,Injured Reserve,ir,24.0,out,False,2025-12-13,,
minnesota-wild,ottawa-senators,Marcus Foligno,Injured Reserve 1,ir1,Injured Reserve,ir,17.0,ir,False,2025-12-13,,
minnesota-wild,ottawa-senators,Vinnie Hinostroza,Injured Reserve 3,ir3,Injured Reserve,ir,18.0,ir,False,2025-12-13,,
minnesota-wild,ottawa-senators,Tyler Pitlick,Injured Reserve 4,ir4,Injured Reserve,ir,19.0,out,False,2025-12-13,,
minnesota-wild,ottawa-senators,Mats Zuccarello,Injured Reserve 5,ir5,Injured Reserve,ir,36.0,ir,False,2025-12-13,,
minnesota-wild,ottawa-senators,Jacob Middleton,Injured Reserve 6,ir6,Injured Reserve,ir,5.0,ir,False,2025-12-13,,
minnesota-wild,ottawa-senators,Jonas Brodin,Injured Reserve 7,ir7,Injured Reserve,ir,25.0,dtd,False,2025-12-13,,
montreal-canadiens,new-york-rangers,Kaiden Guhle,Injured Reserve 1,ir1,Injured Reserve,ir,21.0,ir,False,2025-12-13,,
montreal-canadiens,new-york-rangers,David Reinbacher,Injured Reserve 2,ir2,Injured Reserve,ir,64.0,out,False,2025-12-13,,
montreal-canadiens,new-york-rangers,Patrik Laine,Injured Reserve 3,ir3,Injured Reserve,ir,92.0,out,False,2025-12-13,,
montreal-canadiens,new-york-rangers,Alex Newhook,Injured Reserve 4,ir4,Injured Reserve,ir,15.0,out,False,2025-12-13,,
montreal-canadiens,new-york-rangers,Kirby Dach,Injured Reserve 5,ir5,Injured Reserve,ir,77.0,out,False,2025-12-13,,
montreal-canadiens,new-york-rangers,Sam Montembeault,Injured Reserve 6,ir6,Injured Reserve,ir,35.0,out,False,2025-12-13,,
nashville-predators,colorado-avalanche,Cole Smith,Injured Reserve 1,ir1,Injured Reserve,ir,36.0,ir,False,2025-12-13,,
nashville-predators,colorado-avalanche,Zachary L'Heureux,Injured Reserve 2,ir2,Injured Reserve,ir,68.0,out,False,2025-12-13,,
nashville-predators,colorado-avalanche,Ozzy Wiesblatt,Injured Reserve 4,ir4,Injured Reserve,ir,89.0,ir,False,2025-12-13,,
nashville-predators,colorado-avalanche,Justin Barron,Injured Reserve 5,ir5,Injured Reserve,ir,20.0,ir,False,2025-12-13,,
new-jersey-devils,anaheim-ducks,Jack Hughes,Injured Reserve 1,ir1,Injured Reserve,ir,86.0,ir,False,2025-12-13,,
new-jersey-devils,anaheim-ducks,Brett Pesce,Injured Reserve 2,ir2,Injured Reserve,ir,22.0,ir,False,2025-12-13,,
new-jersey-devils,anaheim-ducks,Zack MacEwen,Injured Reserve 3,ir3,Injured Reserve,ir,,ir,False,2025-12-13,,
new-jersey-devils,anaheim-ducks,Johnathan Kovacevic,Injured Reserve 4,ir4,Injured Reserve,ir,8.0,ir,False,2025-12-13,,
new-jersey-devils,anaheim-ducks,Evgenii Dadonov,Injured Reserve 5,ir5,Injured Reserve,ir,33.0,ir,False,2025-12-13,,
new-jersey-devils,anaheim-ducks,Timo Meier,Injured Reserve 6,ir6,Injured Reserve,ir,28.0,out,False,2025-12-13,,
new-jersey-devils,anaheim-ducks,Arseny Gritsyuk,Injured Reserve 7,ir7,Injured Reserve,ir,81.0,dtd,False,2025-12-13,,
new-jersey-devils,anaheim-ducks,Simon Nemec,Injured Reserve 8,ir8,Injured Reserve,ir,17.0,out,False,2025-12-13,,
new-york-islanders,tampa-bay-lightning,Semyon Varlamov,Injured Reserve 1,ir1,Injured Reserve,ir,40.0,ir,False,2025-12-13,,
new-york-islanders,tampa-bay-lightning,Pierre Engvall,Injured Reserve 2,ir2,Injured Reserve,ir,18.0,ir,False,2025-12-13,,
new-york-islanders,tampa-bay-lightning,Ethan Bear,Injured Reserve 3,ir3,Injured Reserve,ir,,ir,False,2025-12-13,,
new-york-islanders,tampa-bay-lightning,Alexander Romanov,Injured Reserve 4,ir4,Injured Reserve,ir,28.0,ir,False,2025-12-13,,
new-york-islanders,tampa-bay-lightning,Jonathan Drouin,Injured Reserve 5,ir5,Injured Reserve,ir,29.0,out,False,2025-12-13,,
new-york-islanders,tampa-bay-lightning,Kyle Palmieri,Injured Reserve 6,ir6,Injured Reserve,ir,21.0,ir,False,2025-12-13,,
new-york-islanders,tampa-bay-lightning,Bo Horvat,Injured Reserve 7,ir7,Injured Reserve,ir,14.0,out,False,2025-12-13,,
new-york-rangers,montreal-canadiens,Matt Rempe,Injured Reserve 1,ir1,Injured Reserve,ir,73.0,ir,False,2025-12-13,,
new-york-rangers,montreal-canadiens,Adam Fox,Injured Reserve 2,ir2,Injured Reserve,ir,23.0,ir,False,2025-12-13,,
new-york-rangers,montreal-canadiens,Adam Edstrom,Injured Reserve 3,ir3,Injured Reserve,ir,84.0,out,False,2025-12-13,,
ottawa-senators,minnesota-wild,Thomas Chabot,Injured Reserve 1,ir1,Injured Reserve,ir,72.0,ir,False,2025-12-13,,
ottawa-senators,minnesota-wild,Lars Eller,Injured Reserve 2,ir2,Injured Reserve,ir,89.0,ir,False,2025-12-13,,
philadelphia-flyers,carolina-hurricanes,Rasmus Ristolainen,Injured Reserve 1,ir1,Injured Reserve,ir,55.0,ir,False,2025-12-13,,
philadelphia-flyers,carolina-hurricanes,Tyson Foerster,Injured Reserve 2,ir2,Injured Reserve,ir,71.0,out,False,2025-12-13,,
philadelphia-flyers,carolina-hurricanes,Cam York,Injured Reserve 3,ir3,Injured Reserve,ir,8.0,dtd,False,2025-12-13,,
pittsburgh-penguins,san-jose-sharks,Filip Hallander,Injured Reserve 2,ir2,Injured Reserve,ir,11.0,ir,False,2025-12-13,,
pittsburgh-penguins,san-jose-sharks,Jack St. Ivany,Injured Reserve 4,ir4,Injured Reserve,ir,,ir,False,2025-12-13,,
pittsburgh-penguins,san-jose-sharks,Justin Brazeau,Injured Reserve 5,ir5,Injured Reserve,ir,15.0,ir,False,2025-12-13,,
pittsburgh-penguins,san-jose-sharks,Noel Acciari,Injured Reserve 6,ir6,Injured Reserve,ir,55.0,ir,False,2025-12-13,,
pittsburgh-penguins,san-jose-sharks,Evgeni Malkin,Injured Reserve 7,ir7,Injured Reserve,ir,71.0,ir,False,2025-12-13,,
pittsburgh-penguins,san-jose-sharks,Blake Lizotte,Injured Reserve 8,ir8,Injured Reserve,ir,46.0,ir,False,2025-12-13,,
san-jose-sharks,pittsburgh-penguins,Carey Price,Injured Reserve 1,ir1,Injured Reserve,ir,31.0,ir,False,2025-12-13,,
san-jose-sharks,pittsburgh-penguins,Ryan Ellis,Injured Reserve 2,ir2,Injured Reserve,ir,94.0,ir,False,2025-12-13,,
san-jose-sharks,pittsburgh-penguins,Vincent Desharnais,Injured Reserve 3,ir3,Injured Reserve,ir,5.0,ir,False,2025-12-13,,
san-jose-sharks,pittsburgh-penguins,Shakir Mukhamadullin,Injured Reserve 4,ir4,Injured Reserve,ir,,dtd,False,2025-12-13,,
san-jose-sharks,pittsburgh-penguins,Philipp Kurashev,Injured Reserve 5,ir5,Injured Reserve,ir,96.0,out,False,2025-12-13,,
tampa-bay-lightning,new-york-islanders,Ryan McDonagh,Injured Reserve 1,ir1,Injured Reserve,ir,27.0,ir,False,2025-12-13,,
tampa-bay-lightning,new-york-islanders,Andrei Vasilevskiy,Injured Reserve 2,ir2,Injured Reserve,ir,88.0,ir,False,2025-12-13,,
tampa-bay-lightning,new-york-islanders,Erik Cernak,Injured Reserve 3,ir3,Injured Reserve,ir,81.0,dtd,False,2025-12-13,,
tampa-bay-lightning,new-york-islanders,Victor Hedman,Injured Reserve 5,ir5,Injured Reserve,ir,77.0,ir,False,2025-12-13,,
toronto-maple-leafs,edmonton-oilers,Anthony Stolarz,Injured Reserve 1,ir1,Injured Reserve,ir,41.0,ir,False,2025-12-13,,
toronto-maple-leafs,edmonton-oilers,Chris Tanev,Injured Reserve 2,ir2,Injured Reserve,ir,8.0,ir,False,2025-12-13,,
toronto-maple-leafs,edmonton-oilers,Brandon Carlo,Injured Reserve 3,ir3,Injured Reserve,ir,25.0,ir,False,2025-12-13,,
toronto-maple-leafs,edmonton-oilers,Dakota Joshua,Injured Reserve 4,ir4,Injured Reserve,ir,81.0,out,False,2025-12-13,,
toronto-maple-leafs,edmonton-oilers,Joseph Woll,Injured Reserve 5,ir5,Injured Reserve,ir,60.0,ir,False,2025-12-13,,
toronto-maple-leafs,edmonton-oilers,Dakota Mermis,Injured Reserve 7,ir7,Injured Reserve,ir,36.0,ir,False,2025-12-13,,
vegas-golden-knights,columbus-blue-jackets,Alex Pietrangelo,Injured Reserve 1,ir1,Injured Reserve,ir,7.0,ir,False,2025-12-13,,
vegas-golden-knights,columbus-blue-jackets,Adin Hill,Injured Reserve 3,ir3,Injured Reserve,ir,33.0,ir,False,2025-12-13,,
vegas-golden-knights,columbus-blue-jackets,William Karlsson,Injured Reserve 4,ir4,Injured Reserve,ir,71.0,ir,False,2025-12-13,,
vegas-golden-knights,columbus-blue-jackets,Jeremy Lauzon,Injured Reserve 5,ir5,Injured Reserve,ir,3.0,ir,False,2025-12-13,,
washington-capitals,winnipeg-jets,Pierre-Luc Dubois,Injured Reserve 1,ir1,Injured Reserve,ir,80.0,ir,False,2025-12-13,,
washington-capitals,winnipeg-jets,Nic Dowd,Injured Reserve 2,ir2,Injured Reserve,ir,26.0,ir,False,2025-12-13,,
washington-capitals,winnipeg-jets,Justin Sourdif,Injured Reserve 3,ir3,Injured Reserve,ir,34.0,out,False,2025-12-13,,
washington-capitals,winnipeg-jets,Ryan Leonard,Injured Reserve 6,ir6,Injured Reserve,ir,9.0,ir,False,2025-12-13,,
winnipeg-jets,washington-capitals,Haydn Fleury,Injured Reserve 1,ir1,Injured Reserve,ir,24.0,ir,False,2025-12-13,,
boston-bruins,minnesota-wild,Jordan Harris,Injured Reserve 1,ir1,Injured Reserve,ir,43.0,ir,False,2025-12-14,,
boston-bruins,minnesota-wild,Matej Blumel,Injured Reserve 2,ir2,Injured Reserve,ir,13.0,ir,False,2025-12-14,,
boston-bruins,minnesota-wild,Jonathan Aspirot,Injured Reserve 3,ir3,Injured Reserve,ir,45.0,dtd,False,2025-12-14,,
boston-bruins,minnesota-wild,Michael Callahan,Injured Reserve 4,ir4,Injured Reserve,ir,79.0,ir,False,2025-12-14,,
boston-bruins,minnesota-wild,Viktor Arvidsson,Injured Reserve 5,ir5,Injured Reserve,ir,71.0,dtd,False,2025-12-14,,
buffalo-sabres,seattle-kraken,Justin Danforth,Injured Reserve 2,ir2,Injured Reserve,ir,15.0,ir,False,2025-12-14,,
buffalo-sabres,seattle-kraken,Jiri Kulich,Injured Reserve 3,ir3,Injured Reserve,ir,20.0,ir,False,2025-12-14,,
buffalo-sabres,seattle-kraken,Michael Kesselring,Injured Reserve 4,ir4,Injured Reserve,ir,8.0,ir,False,2025-12-14,,
buffalo-sabres,seattle-kraken,Jason Zucker,Injured Reserve 5,ir5,Injured Reserve,ir,17.0,ir,False,2025-12-14,,
buffalo-sabres,seattle-kraken,Colten Ellis,Injured Reserve 7,ir7,Injured Reserve,ir,92.0,ir,False,2025-12-14,,
carolina-hurricanes,philadelphia-flyers,Charles-Alexis Legault,Injured Reserve 2,ir2,Injured Reserve,ir,62.0,out,False,2025-12-14,,
edmonton-oilers,montreal-canadiens,Jake Walman,Injured Reserve 1,ir1,Injured Reserve,ir,96.0,ir,False,2025-12-14,,
edmonton-oilers,montreal-canadiens,Kasperi Kapanen,Injured Reserve 2,ir2,Injured Reserve,ir,42.0,ir,False,2025-12-14,,
edmonton-oilers,montreal-canadiens,Connor Clattenburg,Injured Reserve 3,ir3,Injured Reserve,ir,64.0,ir,False,2025-12-14,,
edmonton-oilers,montreal-canadiens,Jack Roslovic,Injured Reserve 4,ir4,Injured Reserve,ir,28.0,ir,False,2025-12-14,,
minnesota-wild,boston-bruins,Marcus Foligno,Injured Reserve 1,ir1,Injured Reserve,ir,17.0,ir,False,2025-12-14,,
minnesota-wild,boston-bruins,Vinnie Hinostroza,Injured Reserve 3,ir3,Injured Reserve,ir,18.0,ir,False,2025-12-14,,
minnesota-wild,boston-bruins,Tyler Pitlick,Injured Reserve 4,ir4,Injured Reserve,ir,19.0,out,False,2025-12-14,,
minnesota-wild,boston-bruins,Mats Zuccarello,Injured Reserve 5,ir5,Injured Reserve,ir,36.0,ir,False,2025-12-14,,
minnesota-wild,boston-bruins,Jacob Middleton,Injured Reserve 6,ir6,Injured Reserve,ir,5.0,ir,False,2025-12-14,,
minnesota-wild,boston-bruins,Jonas Brodin,Injured Reserve 7,ir7,Injured Reserve,ir,25.0,dtd,False,2025-12-14,,
montreal-canadiens,edmonton-oilers,Kaiden Guhle,Injured Reserve 1,ir1,Injured Reserve,ir,21.0,ir,False,2025-12-14,,
montreal-canadiens,edmonton-oilers,David Reinbacher,Injured Reserve 2,ir2,Injured Reserve,ir,64.0,out,False,2025-12-14,,
montreal-canadiens,edmonton-oilers,Patrik Laine,Injured Reserve 3,ir3,Injured Reserve,ir,92.0,out,False,2025-12-14,,
montreal-canadiens,edmonton-oilers,Alex Newhook,Injured Reserve 4,ir4,Injured Reserve,ir,15.0,out,False,2025-12-14,,
montreal-canadiens,edmonton-oilers,Kirby Dach,Injured Reserve 5,ir5,Injured Reserve,ir,77.0,out,False,2025-12-14,,
montreal-canadiens,edmonton-oilers,Sam Montembeault,Injured Reserve 6,ir6,Injured Reserve,ir,35.0,out,False,2025-12-14,,
new-jersey-devils,vancouver-canucks,Jack Hughes,Injured Reserve 1,ir1,Injured Reserve,ir,86.0,ir,False,2025-12-14,,
new-jersey-devils,vancouver-canucks,Brett Pesce,Injured Reserve 2,ir2,Injured Reserve,ir,22.0,ir,False,2025-12-14,,
new-jersey-devils,vancouver-canucks,Zack MacEwen,Injured Reserve 3,ir3,Injured Reserve,ir,,ir,False,2025-12-14,,
new-jersey-devils,vancouver-canucks,Johnathan Kovacevic,Injured Reserve 4,ir4,Injured Reserve,ir,8.0,ir,False,2025-12-14,,
new-jersey-devils,vancouver-canucks,Evgenii Dadonov,Injured Reserve 5,ir5,Injured Reserve,ir,33.0,ir,False,2025-12-14,,
new-jersey-devils,vancouver-canucks,Timo Meier,Injured Reserve 6,ir6,Injured Reserve,ir,28.0,out,False,2025-12-14,,
new-jersey-devils,vancouver-canucks,Arseny Gritsyuk,Injured Reserve 7,ir7,Injured Reserve,ir,81.0,dtd,False,2025-12-14,,
new-jersey-devils,vancouver-canucks,Simon Nemec,Injured Reserve 8,ir8,Injured Reserve,ir,17.0,out,False,2025-12-14,,
philadelphia-flyers,carolina-hurricanes,Rasmus Ristolainen,Injured Reserve 1,ir1,Injured Reserve,ir,55.0,ir,False,2025-12-14,,
philadelphia-flyers,carolina-hurricanes,Tyson Foerster,Injured Reserve 2,ir2,Injured Reserve,ir,71.0,out,False,2025-12-14,,
pittsburgh-penguins,utah-hockey-club,Filip Hallander,Injured Reserve 2,ir2,Injured Reserve,ir,11.0,ir,False,2025-12-14,,
pittsburgh-penguins,utah-hockey-club,Jack St. Ivany,Injured Reserve 4,ir4,Injured Reserve,ir,,ir,False,2025-12-14,,
pittsburgh-penguins,utah-hockey-club,Justin Brazeau,Injured Reserve 5,ir5,Injured Reserve,ir,15.0,ir,False,2025-12-14,,
pittsburgh-penguins,utah-hockey-club,Noel Acciari,Injured Reserve 6,ir6,Injured Reserve,ir,55.0,ir,False,2025-12-14,,
pittsburgh-penguins,utah-hockey-club,Evgeni Malkin,Injured Reserve 7,ir7,Injured Reserve,ir,71.0,ir,False,2025-12-14,,
pittsburgh-penguins,utah-hockey-club,Blake Lizotte,Injured Reserve 8,ir8,Injured Reserve,ir,46.0,ir,False,2025-12-14,,
seattle-kraken,buffalo-sabres,Jaden Schwartz,Injured Reserve 1,ir1,Injured Reserve,ir,17.0,ir,False,2025-12-14,,
seattle-kraken,buffalo-sabres,Matt Murray,Injured Reserve 2,ir2,Injured Reserve,ir,30.0,ir,False,2025-12-14,,
seattle-kraken,buffalo-sabres,Berkly Catton,Injured Reserve 3,ir3,Injured Reserve,ir,77.0,out,False,2025-12-14,,
seattle-kraken,buffalo-sabres,Jared McCann,Injured Reserve 4,ir4,Injured Reserve,ir,19.0,out,False,2025-12-14,,
seattle-kraken,buffalo-sabres,Mason Marchment,Injured Reserve 5,ir5,Injured Reserve,ir,27.0,dtd,False,2025-12-14,,
utah-hockey-club,pittsburgh-penguins,Alex Kerfoot,Injured Reserve 1,ir1,Injured Reserve,ir,15.0,ir,False,2025-12-14,,
utah-hockey-club,pittsburgh-penguins,Juuso Valimaki,Injured Reserve 2,ir2,Injured Reserve,ir,4.0,ir,False,2025-12-14,,
utah-hockey-club,pittsburgh-penguins,Logan Cooley,Injured Reserve 3,ir3,Injured Reserve,ir,92.0,out,False,2025-12-14,,
vancouver-canucks,new-jersey-devils,Nils Hoglander,Left Wing,lw,Forwards 2,f2,21.0,,True,2025-12-14,,
vancouver-canucks,new-jersey-devils,Filip Chytil,Injured Reserve 1,ir1,Injured Reserve,ir,72.0,ir,False,2025-12-14,,
vancouver-canucks,new-jersey-devils,Derek Forbort,Injured Reserve 2,ir2,Injured Reserve,ir,27.0,ir,False,2025-12-14,,
vancouver-canucks,new-jersey-devils,Teddy Blueger,Injured Reserve 3,ir3,Injured Reserve,ir,53.0,ir,False,2025-12-14,,
vancouver-canucks,new-jersey-devils,Pierre-Olivier Joseph,Injured Reserve 4,ir4,Injured Reserve,ir,7.0,dtd,False,2025-12-14,,
vancouver-canucks,new-jersey-devils,Elias Pettersson,Injured Reserve 5,ir5,Injured Reserve,ir,40.0,dtd,False,2025-12-14,,
vancouver-canucks,new-jersey-devils,Marco Rossi,Injured Reserve 6,ir6,Injured Reserve,ir,23.0,ir,False,2025-12-14,,
dallas-stars,los-angeles-kings,Nils Lundkvist,Injured Reserve 4,ir4,Injured Reserve,ir,5.0,out,False,2025-12-15,,
anaheim-ducks,new-york-rangers,Petr Mrazek,Injured Reserve 1,ir1,Injured Reserve,ir,34.0,ir,False,2025-12-15,,
dallas-stars,los-angeles-kings,Lian Bichsel,Injured Reserve 1,ir1,Injured Reserve,ir,6.0,out,False,2025-12-15,,
dallas-stars,los-angeles-kings,Tyler Seguin,Injured Reserve 3,ir3,Injured Reserve,ir,91.0,out,False,2025-12-15,,
florida-panthers,tampa-bay-lightning,Matthew Tkachuk,Injured Reserve 1,ir1,Injured Reserve,ir,19.0,ir,False,2025-12-15,,
florida-panthers,tampa-bay-lightning,Aleksander Barkov,Injured Reserve 2,ir2,Injured Reserve,ir,16.0,ir,False,2025-12-15,,
florida-panthers,tampa-bay-lightning,Dmitry Kulikov,Injured Reserve 3,ir3,Injured Reserve,ir,7.0,ir,False,2025-12-15,,
florida-panthers,tampa-bay-lightning,Jonah Gadjovich,Injured Reserve 4,ir4,Injured Reserve,ir,12.0,ir,False,2025-12-15,,
florida-panthers,tampa-bay-lightning,Tomas Nosek,Injured Reserve 5,ir5,Injured Reserve,ir,92.0,out,False,2025-12-15,,
florida-panthers,tampa-bay-lightning,Cole Schwindt,Injured Reserve 6,ir6,Injured Reserve,ir,79.0,out,False,2025-12-15,,
los-angeles-kings,dallas-stars,Phillip Danault,Injured Reserve 1,ir1,Injured Reserve,ir,24.0,dtd,False,2025-12-15,,
los-angeles-kings,dallas-stars,Quinton Byfield,Injured Reserve 2,ir2,Injured Reserve,ir,55.0,dtd,False,2025-12-15,,
nashville-predators,st-louis-blues,Cole Smith,Injured Reserve 1,ir1,Injured Reserve,ir,36.0,ir,False,2025-12-15,,
nashville-predators,st-louis-blues,Zachary L'Heureux,Injured Reserve 2,ir2,Injured Reserve,ir,68.0,out,False,2025-12-15,,
nashville-predators,st-louis-blues,Ozzy Wiesblatt,Injured Reserve 4,ir4,Injured Reserve,ir,89.0,ir,False,2025-12-15,,
nashville-predators,st-louis-blues,Justin Barron,Injured Reserve 5,ir5,Injured Reserve,ir,20.0,ir,False,2025-12-15,,
new-york-rangers,anaheim-ducks,Matt Rempe,Injured Reserve 1,ir1,Injured Reserve,ir,73.0,ir,False,2025-12-15,,
new-york-rangers,anaheim-ducks,Adam Fox,Injured Reserve 2,ir2,Injured Reserve,ir,23.0,ir,False,2025-12-15,,
new-york-rangers,anaheim-ducks,Adam Edstrom,Injured Reserve 3,ir3,Injured Reserve,ir,84.0,out,False,2025-12-15,,
new-york-rangers,anaheim-ducks,Mika Zibanejad,Injured Reserve 4,ir4,Injured Reserve,ir,93.0,dtd,False,2025-12-15,,
ottawa-senators,winnipeg-jets,Thomas Chabot,Injured Reserve 1,ir1,Injured Reserve,ir,72.0,ir,False,2025-12-15,,
ottawa-senators,winnipeg-jets,Lars Eller,Injured Reserve 2,ir2,Injured Reserve,ir,89.0,ir,False,2025-12-15,,
ottawa-senators,winnipeg-jets,Shane Pinto,Injured Reserve 3,ir3,Injured Reserve,ir,12.0,ir,False,2025-12-15,,
st-louis-blues,nashville-predators,Torey Krug,Injured Reserve 1,ir1,Injured Reserve,ir,47.0,ir,False,2025-12-15,,
st-louis-blues,nashville-predators,Alexey Toropchenko,Injured Reserve 2,ir2,Injured Reserve,ir,13.0,out,False,2025-12-15,,
st-louis-blues,nashville-predators,Jimmy Snuggerud,Injured Reserve 3,ir3,Injured Reserve,ir,21.0,out,False,2025-12-15,,
st-louis-blues,nashville-predators,Jordan Kyrou,Injured Reserve 4,ir4,Injured Reserve,ir,25.0,ir,False,2025-12-15,,
st-louis-blues,nashville-predators,Nick Bjugstad,Injured Reserve 5,ir5,Injured Reserve,ir,77.0,dtd,False,2025-12-15,,
st-louis-blues,nashville-predators,Dylan Holloway,Injured Reserve 6,ir6,Injured Reserve,ir,81.0,out,False,2025-12-15,,
tampa-bay-lightning,florida-panthers,Ryan McDonagh,Injured Reserve 1,ir1,Injured Reserve,ir,27.0,ir,False,2025-12-15,,
tampa-bay-lightning,florida-panthers,Andrei Vasilevskiy,Injured Reserve 2,ir2,Injured Reserve,ir,88.0,ir,False,2025-12-15,,
tampa-bay-lightning,florida-panthers,Erik Cernak,Injured Reserve 3,ir3,Injured Reserve,ir,81.0,dtd,False,2025-12-15,,
tampa-bay-lightning,florida-panthers,Emil Lilleberg,Injured Reserve 4,ir4,Injured Reserve,ir,,dtd,False,2025-12-15,,
tampa-bay-lightning,florida-panthers,Victor Hedman,Injured Reserve 5,ir5,Injured Reserve,ir,77.0,ir,False,2025-12-15,,
winnipeg-jets,ottawa-senators,Haydn Fleury,Injured Reserve 1,ir1,Injured Reserve,ir,24.0,ir,False,2025-12-15,,
anaheim-ducks,columbus-blue-jackets,Petr Mrazek,Injured Reserve 1,ir1,Injured Reserve,ir,34.0,ir,False,2025-12-16,,
boston-bruins,utah-hockey-club,Jordan Harris,Injured Reserve 1,ir1,Injured Reserve,ir,43.0,ir,False,2025-12-16,,
boston-bruins,utah-hockey-club,Matej Blumel,Injured Reserve 2,ir2,Injured Reserve,ir,13.0,ir,False,2025-12-16,,
boston-bruins,utah-hockey-club,Jonathan Aspirot,Injured Reserve 3,ir3,Injured Reserve,ir,45.0,dtd,False,2025-12-16,,
boston-bruins,utah-hockey-club,Michael Callahan,Injured Reserve 4,ir4,Injured Reserve,ir,79.0,ir,False,2025-12-16,,
boston-bruins,utah-hockey-club,Viktor Arvidsson,Injured Reserve 5,ir5,Injured Reserve,ir,71.0,dtd,False,2025-12-16,,
calgary-flames,san-jose-sharks,Martin Pospisil,Injured Reserve 1,ir1,Injured Reserve,ir,76.0,ir,False,2025-12-16,,
calgary-flames,san-jose-sharks,Zayne Parekh,Injured Reserve 2,ir2,Injured Reserve,ir,89.0,ir,False,2025-12-16,,
calgary-flames,san-jose-sharks,Samuel Honzek,Injured Reserve 3,ir3,Injured Reserve,ir,29.0,ir,False,2025-12-16,,
calgary-flames,san-jose-sharks,Jake Bean,Injured Reserve 4,ir4,Injured Reserve,ir,24.0,ir,False,2025-12-16,,
calgary-flames,san-jose-sharks,Mikael Backlund,Injured Reserve 5,ir5,Injured Reserve,ir,11.0,dtd,False,2025-12-16,,
chicago-blackhawks,toronto-maple-leafs,Laurent Brossoit,Injured Reserve 1,ir1,Injured Reserve,ir,39.0,ir,False,2025-12-16,,
chicago-blackhawks,toronto-maple-leafs,Nick Foligno,Injured Reserve 2,ir2,Injured Reserve,ir,17.0,ir,False,2025-12-16,,
chicago-blackhawks,toronto-maple-leafs,Connor Bedard,Injured Reserve 3,ir3,Injured Reserve,ir,98.0,out,False,2025-12-16,,
colorado-avalanche,seattle-kraken,Logan O'Connor,Injured Reserve 1,ir1,Injured Reserve,ir,25.0,ir,False,2025-12-16,,
colorado-avalanche,seattle-kraken,Scott Wedgewood,Injured Reserve 3,ir3,Injured Reserve,ir,41.0,dtd,False,2025-12-16,,
columbus-blue-jackets,anaheim-ducks,Erik Gudbranson,Injured Reserve 1,ir1,Injured Reserve,ir,44.0,ir,False,2025-12-16,,
columbus-blue-jackets,anaheim-ducks,Mathieu Olivier,Injured Reserve 2,ir2,Injured Reserve,ir,24.0,ir,False,2025-12-16,,
detroit-red-wings,new-york-islanders,Mason Appleton,Injured Reserve 1,ir1,Injured Reserve,ir,22.0,ir,False,2025-12-16,,
detroit-red-wings,new-york-islanders,Patrick Kane,Injured Reserve 2,ir2,Injured Reserve,ir,88.0,dtd,False,2025-12-16,,
edmonton-oilers,pittsburgh-penguins,Jake Walman,Injured Reserve 1,ir1,Injured Reserve,ir,96.0,ir,False,2025-12-16,,
edmonton-oilers,pittsburgh-penguins,Kasperi Kapanen,Injured Reserve 2,ir2,Injured Reserve,ir,42.0,ir,False,2025-12-16,,
edmonton-oilers,pittsburgh-penguins,Connor Clattenburg,Injured Reserve 3,ir3,Injured Reserve,ir,64.0,ir,False,2025-12-16,,
edmonton-oilers,pittsburgh-penguins,Jack Roslovic,Injured Reserve 4,ir4,Injured Reserve,ir,28.0,ir,False,2025-12-16,,
minnesota-wild,washington-capitals,Marcus Foligno,Injured Reserve 1,ir1,Injured Reserve,ir,17.0,ir,False,2025-12-16,,
minnesota-wild,washington-capitals,Vinnie Hinostroza,Injured Reserve 3,ir3,Injured Reserve,ir,18.0,ir,False,2025-12-16,,
minnesota-wild,washington-capitals,Mats Zuccarello,Injured Reserve 5,ir5,Injured Reserve,ir,36.0,ir,False,2025-12-16,,
minnesota-wild,washington-capitals,Jacob Middleton,Injured Reserve 6,ir6,Injured Reserve,ir,5.0,ir,False,2025-12-16,,
minnesota-wild,washington-capitals,Jonas Brodin,Injured Reserve 7,ir7,Injured Reserve,ir,25.0,dtd,False,2025-12-16,,
minnesota-wild,washington-capitals,David Jiricek,Injured Reserve 8,ir8,Injured Reserve,ir,,dtd,False,2025-12-16,,
minnesota-wild,washington-capitals,Marcus Johansson,Skater 2,sk2,1st Penalty Kill Unit,pk1,90.0,,True,2025-12-16,,
montreal-canadiens,philadelphia-flyers,Kaiden Guhle,Injured Reserve 1,ir1,Injured Reserve,ir,21.0,ir,False,2025-12-16,,
montreal-canadiens,philadelphia-flyers,David Reinbacher,Injured Reserve 2,ir2,Injured Reserve,ir,64.0,out,False,2025-12-16,,
montreal-canadiens,philadelphia-flyers,Patrik Laine,Injured Reserve 3,ir3,Injured Reserve,ir,92.0,out,False,2025-12-16,,
montreal-canadiens,philadelphia-flyers,Alex Newhook,Injured Reserve 4,ir4,Injured Reserve,ir,15.0,out,False,2025-12-16,,
montreal-canadiens,philadelphia-flyers,Kirby Dach,Injured Reserve 5,ir5,Injured Reserve,ir,77.0,out,False,2025-12-16,,
montreal-canadiens,philadelphia-flyers,Sam Montembeault,Injured Reserve 6,ir6,Injured Reserve,ir,35.0,out,False,2025-12-16,,
new-york-islanders,detroit-red-wings,Semyon Varlamov,Injured Reserve 1,ir1,Injured Reserve,ir,40.0,ir,False,2025-12-16,,
new-york-islanders,detroit-red-wings,Pierre Engvall,Injured Reserve 2,ir2,Injured Reserve,ir,18.0,ir,False,2025-12-16,,
new-york-islanders,detroit-red-wings,Ethan Bear,Injured Reserve 3,ir3,Injured Reserve,ir,,ir,False,2025-12-16,,
new-york-islanders,detroit-red-wings,Alexander Romanov,Injured Reserve 4,ir4,Injured Reserve,ir,28.0,ir,False,2025-12-16,,
new-york-islanders,detroit-red-wings,Jonathan Drouin,Injured Reserve 5,ir5,Injured Reserve,ir,29.0,out,False,2025-12-16,,
new-york-islanders,detroit-red-wings,Kyle Palmieri,Injured Reserve 6,ir6,Injured Reserve,ir,21.0,ir,False,2025-12-16,,
new-york-islanders,detroit-red-wings,Bo Horvat,Injured Reserve 7,ir7,Injured Reserve,ir,14.0,out,False,2025-12-16,,
new-york-rangers,vancouver-canucks,Adam Fox,Injured Reserve 2,ir2,Injured Reserve,ir,23.0,ir,False,2025-12-16,,
new-york-rangers,vancouver-canucks,Adam Edstrom,Injured Reserve 3,ir3,Injured Reserve,ir,84.0,out,False,2025-12-16,,
new-york-rangers,vancouver-canucks,Mika Zibanejad,Injured Reserve 4,ir4,Injured Reserve,ir,93.0,dtd,False,2025-12-16,,
philadelphia-flyers,montreal-canadiens,Rasmus Ristolainen,Injured Reserve 1,ir1,Injured Reserve,ir,55.0,ir,False,2025-12-16,,
philadelphia-flyers,montreal-canadiens,Tyson Foerster,Injured Reserve 2,ir2,Injured Reserve,ir,71.0,out,False,2025-12-16,,
pittsburgh-penguins,edmonton-oilers,Filip Hallander,Injured Reserve 2,ir2,Injured Reserve,ir,11.0,ir,False,2025-12-16,,
pittsburgh-penguins,edmonton-oilers,Jack St. Ivany,Injured Reserve 4,ir4,Injured Reserve,ir,,ir,False,2025-12-16,,
pittsburgh-penguins,edmonton-oilers,Justin Brazeau,Injured Reserve 5,ir5,Injured Reserve,ir,15.0,ir,False,2025-12-16,,
pittsburgh-penguins,edmonton-oilers,Noel Acciari,Injured Reserve 6,ir6,Injured Reserve,ir,55.0,ir,False,2025-12-16,,
pittsburgh-penguins,edmonton-oilers,Evgeni Malkin,Injured Reserve 7,ir7,Injured Reserve,ir,71.0,ir,False,2025-12-16,,
pittsburgh-penguins,edmonton-oilers,Blake Lizotte,Injured Reserve 8,ir8,Injured Reserve,ir,46.0,ir,False,2025-12-16,,
san-jose-sharks,calgary-flames,Carey Price,Injured Reserve 1,ir1,Injured Reserve,ir,31.0,ir,False,2025-12-16,,
san-jose-sharks,calgary-flames,Ryan Ellis,Injured Reserve 2,ir2,Injured Reserve,ir,94.0,ir,False,2025-12-16,,
san-jose-sharks,calgary-flames,Vincent Desharnais,Injured Reserve 3,ir3,Injured Reserve,ir,5.0,ir,False,2025-12-16,,
san-jose-sharks,calgary-flames,Shakir Mukhamadullin,Injured Reserve 4,ir4,Injured Reserve,ir,,dtd,False,2025-12-16,,
san-jose-sharks,calgary-flames,Philipp Kurashev,Injured Reserve 5,ir5,Injured Reserve,ir,96.0,ir,False,2025-12-16,,
san-jose-sharks,calgary-flames,Will Smith,Injured Reserve 6,ir6,Injured Reserve,ir,2.0,ir,False,2025-12-16,,
seattle-kraken,colorado-avalanche,Jaden Schwartz,Injured Reserve 1,ir1,Injured Reserve,ir,17.0,ir,False,2025-12-16,,
seattle-kraken,colorado-avalanche,Matt Murray,Injured Reserve 2,ir2,Injured Reserve,ir,30.0,ir,False,2025-12-16,,
seattle-kraken,colorado-avalanche,Berkly Catton,Injured Reserve 3,ir3,Injured Reserve,ir,77.0,out,False,2025-12-16,,
seattle-kraken,colorado-avalanche,Jared McCann,Injured Reserve 4,ir4,Injured Reserve,ir,19.0,out,False,2025-12-16,,
seattle-kraken,colorado-avalanche,Mason Marchment,Injured Reserve 5,ir5,Injured Reserve,ir,27.0,dtd,False,2025-12-16,,
seattle-kraken,colorado-avalanche,Vince Dunn,Injured Reserve 6,ir6,Injured Reserve,ir,29.0,dtd,False,2025-12-16,,
seattle-kraken,colorado-avalanche,Kaapo Kakko,Injured Reserve 7,ir7,Injured Reserve,ir,84.0,dtd,False,2025-12-16,,
toronto-maple-leafs,chicago-blackhawks,Anthony Stolarz,Injured Reserve 1,ir1,Injured Reserve,ir,41.0,ir,False,2025-12-16,,
toronto-maple-leafs,chicago-blackhawks,Brandon Carlo,Injured Reserve 3,ir3,Injured Reserve,ir,25.0,ir,False,2025-12-16,,
toronto-maple-leafs,chicago-blackhawks,Dakota Joshua,Injured Reserve 4,ir4,Injured Reserve,ir,81.0,out,False,2025-12-16,,
toronto-maple-leafs,chicago-blackhawks,Joseph Woll,Injured Reserve 5,ir5,Injured Reserve,ir,60.0,ir,False,2025-12-16,,
toronto-maple-leafs,chicago-blackhawks,Dakota Mermis,Injured Reserve 7,ir7,Injured Reserve,ir,36.0,ir,False,2025-12-16,,
toronto-maple-leafs,chicago-blackhawks,Chris Tanev,Skater 4,sk4,1st Penalty Kill Unit,pk1,8.0,,True,2025-12-16,,
utah-hockey-club,boston-bruins,Alex Kerfoot,Injured Reserve 1,ir1,Injured Reserve,ir,15.0,ir,False,2025-12-16,,
utah-hockey-club,boston-bruins,Juuso Valimaki,Injured Reserve 2,ir2,Injured Reserve,ir,4.0,ir,False,2025-12-16,,
utah-hockey-club,boston-bruins,Logan Cooley,Injured Reserve 3,ir3,Injured Reserve,ir,92.0,out,False,2025-12-16,,
vancouver-canucks,new-york-rangers,Filip Chytil,Injured Reserve 1,ir1,Injured Reserve,ir,72.0,ir,False,2025-12-16,,
vancouver-canucks,new-york-rangers,Derek Forbort,Injured Reserve 2,ir2,Injured Reserve,ir,27.0,ir,False,2025-12-16,,
vancouver-canucks,new-york-rangers,Teddy Blueger,Injured Reserve 3,ir3,Injured Reserve,ir,53.0,ir,False,2025-12-16,,
vancouver-canucks,new-york-rangers,Pierre-Olivier Joseph,Injured Reserve 4,ir4,Injured Reserve,ir,7.0,dtd,False,2025-12-16,,
vancouver-canucks,new-york-rangers,Elias Pettersson,Injured Reserve 5,ir5,Injured Reserve,ir,40.0,dtd,False,2025-12-16,,
washington-capitals,minnesota-wild,Pierre-Luc Dubois,Injured Reserve 1,ir1,Injured Reserve,ir,80.0,ir,False,2025-12-16,,
washington-capitals,minnesota-wild,Nic Dowd,Injured Reserve 2,ir2,Injured Reserve,ir,26.0,ir,False,2025-12-16,,
washington-capitals,minnesota-wild,Justin Sourdif,Injured Reserve 3,ir3,Injured Reserve,ir,34.0,out,False,2025-12-16,,
washington-capitals,minnesota-wild,Ryan Leonard,Injured Reserve 6,ir6,Injured Reserve,ir,9.0,ir,False,2025-12-16,,
carolina-hurricanes,nashville-predators,Charles-Alexis Legault,Injured Reserve 2,ir2,Injured Reserve,ir,62.0,out,False,2025-12-17,,
detroit-red-wings,utah-hockey-club,Mason Appleton,Injured Reserve 1,ir1,Injured Reserve,ir,22.0,ir,False,2025-12-17,,
detroit-red-wings,utah-hockey-club,Patrick Kane,Injured Reserve 2,ir2,Injured Reserve,ir,88.0,dtd,False,2025-12-17,,
florida-panthers,los-angeles-kings,Matthew Tkachuk,Injured Reserve 1,ir1,Injured Reserve,ir,19.0,ir,False,2025-12-17,,
florida-panthers,los-angeles-kings,Aleksander Barkov,Injured Reserve 2,ir2,Injured Reserve,ir,16.0,ir,False,2025-12-17,,
florida-panthers,los-angeles-kings,Dmitry Kulikov,Injured Reserve 3,ir3,Injured Reserve,ir,7.0,ir,False,2025-12-17,,
florida-panthers,los-angeles-kings,Jonah Gadjovich,Injured Reserve 4,ir4,Injured Reserve,ir,12.0,ir,False,2025-12-17,,
florida-panthers,los-angeles-kings,Tomas Nosek,Injured Reserve 5,ir5,Injured Reserve,ir,92.0,out,False,2025-12-17,,
florida-panthers,los-angeles-kings,Cole Schwindt,Injured Reserve 6,ir6,Injured Reserve,ir,79.0,out,False,2025-12-17,,
florida-panthers,los-angeles-kings,Gustav Forsling,Skater 3,sk3,1st Penalty Kill Unit,pk1,42.0,,True,2025-12-17,,
los-angeles-kings,florida-panthers,Phillip Danault,Injured Reserve 1,ir1,Injured Reserve,ir,24.0,dtd,False,2025-12-17,,
los-angeles-kings,florida-panthers,Quinton Byfield,Injured Reserve 2,ir2,Injured Reserve,ir,55.0,dtd,False,2025-12-17,,
los-angeles-kings,florida-panthers,Darcy Kuemper,Injured Reserve 3,ir3,Injured Reserve,ir,35.0,ir,False,2025-12-17,,
nashville-predators,carolina-hurricanes,Cole Smith,Injured Reserve 1,ir1,Injured Reserve,ir,36.0,ir,False,2025-12-17,,
nashville-predators,carolina-hurricanes,Zachary L'Heureux,Injured Reserve 2,ir2,Injured Reserve,ir,68.0,out,False,2025-12-17,,
nashville-predators,carolina-hurricanes,Ozzy Wiesblatt,Injured Reserve 4,ir4,Injured Reserve,ir,89.0,ir,False,2025-12-17,,
nashville-predators,carolina-hurricanes,Justin Barron,Injured Reserve 5,ir5,Injured Reserve,ir,20.0,ir,False,2025-12-17,,
new-jersey-devils,vegas-golden-knights,Jack Hughes,Injured Reserve 1,ir1,Injured Reserve,ir,86.0,ir,False,2025-12-17,,
new-jersey-devils,vegas-golden-knights,Brett Pesce,Injured Reserve 2,ir2,Injured Reserve,ir,22.0,ir,False,2025-12-17,,
new-jersey-devils,vegas-golden-knights,Zack MacEwen,Injured Reserve 3,ir3,Injured Reserve,ir,,ir,False,2025-12-17,,
new-jersey-devils,vegas-golden-knights,Johnathan Kovacevic,Injured Reserve 4,ir4,Injured Reserve,ir,8.0,ir,False,2025-12-17,,
new-jersey-devils,vegas-golden-knights,Evgenii Dadonov,Injured Reserve 5,ir5,Injured Reserve,ir,33.0,ir,False,2025-12-17,,
new-jersey-devils,vegas-golden-knights,Timo Meier,Injured Reserve 6,ir6,Injured Reserve,ir,28.0,out,False,2025-12-17,,
new-jersey-devils,vegas-golden-knights,Arseny Gritsyuk,Injured Reserve 7,ir7,Injured Reserve,ir,81.0,dtd,False,2025-12-17,,
new-jersey-devils,vegas-golden-knights,Simon Nemec,Injured Reserve 8,ir8,Injured Reserve,ir,17.0,ir,False,2025-12-17,,
st-louis-blues,winnipeg-jets,Torey Krug,Injured Reserve 1,ir1,Injured Reserve,ir,47.0,ir,False,2025-12-17,,
st-louis-blues,winnipeg-jets,Alexey Toropchenko,Injured Reserve 2,ir2,Injured Reserve,ir,13.0,out,False,2025-12-17,,
st-louis-blues,winnipeg-jets,Jimmy Snuggerud,Injured Reserve 3,ir3,Injured Reserve,ir,21.0,out,False,2025-12-17,,
st-louis-blues,winnipeg-jets,Jordan Kyrou,Injured Reserve 4,ir4,Injured Reserve,ir,25.0,ir,False,2025-12-17,,
st-louis-blues,winnipeg-jets,Nick Bjugstad,Injured Reserve 5,ir5,Injured Reserve,ir,77.0,ir,False,2025-12-17,,
st-louis-blues,winnipeg-jets,Dylan Holloway,Injured Reserve 6,ir6,Injured Reserve,ir,81.0,out,False,2025-12-17,,
utah-hockey-club,detroit-red-wings,Alex Kerfoot,Injured Reserve 1,ir1,Injured Reserve,ir,15.0,ir,False,2025-12-17,,
utah-hockey-club,detroit-red-wings,Juuso Valimaki,Injured Reserve 2,ir2,Injured Reserve,ir,4.0,ir,False,2025-12-17,,
utah-hockey-club,detroit-red-wings,Logan Cooley,Injured Reserve 3,ir3,Injured Reserve,ir,92.0,out,False,2025-12-17,,
vegas-golden-knights,new-jersey-devils,Alex Pietrangelo,Injured Reserve 1,ir1,Injured Reserve,ir,7.0,ir,False,2025-12-17,,
vegas-golden-knights,new-jersey-devils,Pavel Dorofeyev,Injured Reserve 2,ir2,Injured Reserve,ir,16.0,dtd,False,2025-12-17,,
vegas-golden-knights,new-jersey-devils,Adin Hill,Injured Reserve 3,ir3,Injured Reserve,ir,33.0,ir,False,2025-12-17,,
vegas-golden-knights,new-jersey-devils,William Karlsson,Injured Reserve 4,ir4,Injured Reserve,ir,71.0,ir,False,2025-12-17,,
vegas-golden-knights,new-jersey-devils,Jeremy Lauzon,Injured Reserve 5,ir5,Injured Reserve,ir,3.0,ir,False,2025-12-17,,
vegas-golden-knights,new-jersey-devils,Shea Theodore,Injured Reserve 6,ir6,Injured Reserve,ir,27.0,dtd,False,2025-12-17,,
vegas-golden-knights,new-jersey-devils,Jack Eichel,Skater 1,sk1,1st Penalty Kill Unit,pk1,9.0,,True,2025-12-17,,
winnipeg-jets,st-louis-blues,Haydn Fleury,Injured Reserve 1,ir1,Injured Reserve,ir,24.0,ir,False,2025-12-17,,
carolina-hurricanes,florida-panthers,Jordan Martinook,Injured Reserve 1,ir1,Injured Reserve,ir,48.0,dtd,False,2025-12-19,,8476921.0
carolina-hurricanes,florida-panthers,Charles-Alexis Legault,Injured Reserve 2,ir2,Injured Reserve,ir,62.0,out,False,2025-12-19,,
colorado-avalanche,winnipeg-jets,Logan O'Connor,Injured Reserve 1,ir1,Injured Reserve,ir,25.0,ir,False,2025-12-19,,
dallas-stars,anaheim-ducks,Lian Bichsel,Injured Reserve 1,ir1,Injured Reserve,ir,6.0,out,False,2025-12-19,,8483425.0
dallas-stars,anaheim-ducks,Tyler Seguin,Injured Reserve 3,ir3,Injured Reserve,ir,91.0,out,False,2025-12-19,,8475794.0
florida-panthers,carolina-hurricanes,Matthew Tkachuk,Injured Reserve 1,ir1,Injured Reserve,ir,19.0,ir,False,2025-12-19,,
florida-panthers,carolina-hurricanes,Aleksander Barkov,Injured Reserve 2,ir2,Injured Reserve,ir,16.0,ir,False,2025-12-19,,
florida-panthers,carolina-hurricanes,Dmitry Kulikov,Injured Reserve 3,ir3,Injured Reserve,ir,7.0,ir,False,2025-12-19,,8475179.0
florida-panthers,carolina-hurricanes,Jonah Gadjovich,Injured Reserve 4,ir4,Injured Reserve,ir,12.0,ir,False,2025-12-19,,8479981.0
florida-panthers,carolina-hurricanes,Tomas Nosek,Injured Reserve 5,ir5,Injured Reserve,ir,92.0,out,False,2025-12-19,,
florida-panthers,carolina-hurricanes,Cole Schwindt,Injured Reserve 6,ir6,Injured Reserve,ir,79.0,out,False,2025-12-19,,8481655.0
new-jersey-devils,utah-hockey-club,Jack Hughes,Injured Reserve 1,ir1,Injured Reserve,ir,86.0,ir,False,2025-12-19,,8481559.0
new-jersey-devils,utah-hockey-club,Zack MacEwen,Injured Reserve 3,ir3,Injured Reserve,ir,,ir,False,2025-12-19,,8479772.0
new-jersey-devils,utah-hockey-club,Johnathan Kovacevic,Injured Reserve 4,ir4,Injured Reserve,ir,8.0,ir,False,2025-12-19,,
new-jersey-devils,utah-hockey-club,Evgenii Dadonov,Injured Reserve 5,ir5,Injured Reserve,ir,33.0,ir,False,2025-12-19,,8474149.0
new-jersey-devils,utah-hockey-club,Timo Meier,Injured Reserve 6,ir6,Injured Reserve,ir,28.0,out,False,2025-12-19,,8478414.0
new-jersey-devils,utah-hockey-club,Arseny Gritsyuk,Injured Reserve 7,ir7,Injured Reserve,ir,81.0,ir,False,2025-12-19,,8481721.0
new-jersey-devils,utah-hockey-club,Simon Nemec,Injured Reserve 8,ir8,Injured Reserve,ir,17.0,ir,False,2025-12-19,,8483495.0
new-york-islanders,vancouver-canucks,Semyon Varlamov,Injured Reserve 1,ir1,Injured Reserve,ir,40.0,ir,False,2025-12-19,,
new-york-islanders,vancouver-canucks,Pierre Engvall,Injured Reserve 2,ir2,Injured Reserve,ir,18.0,ir,False,2025-12-19,,
new-york-islanders,vancouver-canucks,Ethan Bear,Injured Reserve 3,ir3,Injured Reserve,ir,,ir,False,2025-12-19,,
new-york-islanders,vancouver-canucks,Alexander Romanov,Injured Reserve 4,ir4,Injured Reserve,ir,28.0,ir,False,2025-12-19,,8481014.0
new-york-islanders,vancouver-canucks,Kyle Palmieri,Injured Reserve 6,ir6,Injured Reserve,ir,21.0,ir,False,2025-12-19,,8475151.0
new-york-islanders,vancouver-canucks,Bo Horvat,Injured Reserve 7,ir7,Injured Reserve,ir,14.0,out,False,2025-12-19,,8477500.0
utah-hockey-club,new-jersey-devils,Alex Kerfoot,Injured Reserve 1,ir1,Injured Reserve,ir,15.0,ir,False,2025-12-19,,
utah-hockey-club,new-jersey-devils,Juuso Valimaki,Injured Reserve 2,ir2,Injured Reserve,ir,4.0,ir,False,2025-12-19,,
utah-hockey-club,new-jersey-devils,Logan Cooley,Injured Reserve 3,ir3,Injured Reserve,ir,92.0,out,False,2025-12-19,,8483431.0
vancouver-canucks,new-york-islanders,Filip Chytil,Injured Reserve 1,ir1,Injured Reserve,ir,72.0,ir,False,2025-12-19,,8480078.0
vancouver-canucks,new-york-islanders,Derek Forbort,Injured Reserve 2,ir2,Injured Reserve,ir,27.0,ir,False,2025-12-19,,8475762.0
vancouver-canucks,new-york-islanders,Teddy Blueger,Injured Reserve 3,ir3,Injured Reserve,ir,53.0,ir,False,2025-12-19,,8476927.0
vancouver-canucks,new-york-islanders,Pierre-Olivier Joseph,Injured Reserve 4,ir4,Injured Reserve,ir,7.0,dtd,False,2025-12-19,,
vancouver-canucks,new-york-islanders,Elias Pettersson,Injured Reserve 5,ir5,Injured Reserve,ir,40.0,dtd,False,2025-12-19,,8483678.0
winnipeg-jets,colorado-avalanche,Haydn Fleury,Injured Reserve 1,ir1,Injured Reserve,ir,24.0,ir,False,2025-12-19,,8477938.0
boston-bruins,vancouver-canucks,Jordan Harris,Injured Reserve 1,ir1,Injured Reserve,ir,43.0,ir,False,2025-12-20,,8480887.0
boston-bruins,vancouver-canucks,Matej Blumel,Injured Reserve 2,ir2,Injured Reserve,ir,13.0,ir,False,2025-12-20,,
boston-bruins,vancouver-canucks,Jonathan Aspirot,Injured Reserve 3,ir3,Injured Reserve,ir,45.0,ir,False,2025-12-20,,8481219.0
boston-bruins,vancouver-canucks,Michael Callahan,Injured Reserve 4,ir4,Injured Reserve,ir,79.0,ir,False,2025-12-20,,8480828.0
boston-bruins,vancouver-canucks,Henri Jokiharju,Injured Reserve 5,ir5,Injured Reserve,ir,20.0,ir,False,2025-12-20,,8480035.0
boston-bruins,vancouver-canucks,Viktor Arvidsson,Injured Reserve 6,ir6,Injured Reserve,ir,71.0,out,False,2025-12-20,,8478042.0
buffalo-sabres,new-york-islanders,Jason Zucker,Injured Reserve 1,ir1,Injured Reserve,ir,17.0,ir,False,2025-12-20,,8475722.0
buffalo-sabres,new-york-islanders,Jiri Kulich,Injured Reserve 2,ir2,Injured Reserve,ir,20.0,ir,False,2025-12-20,,8483468.0
buffalo-sabres,new-york-islanders,Justin Danforth,Injured Reserve 3,ir3,Injured Reserve,ir,15.0,ir,False,2025-12-20,,8479941.0
buffalo-sabres,new-york-islanders,Isaac Belliveau,Injured Reserve 4,ir4,Injured Reserve,ir,,ir,False,2025-12-20,,
buffalo-sabres,new-york-islanders,Conor Timmins,Injured Reserve 5,ir5,Injured Reserve,ir,21.0,out,False,2025-12-20,,8479982.0
buffalo-sabres,new-york-islanders,Tyson Kozak,Injured Reserve 6,ir6,Injured Reserve,ir,48.0,dtd,False,2025-12-20,,8482896.0
calgary-flames,vegas-golden-knights,Martin Pospisil,Injured Reserve 1,ir1,Injured Reserve,ir,76.0,ir,False,2025-12-20,,
calgary-flames,vegas-golden-knights,Jake Bean,Injured Reserve 2,ir2,Injured Reserve,ir,24.0,ir,False,2025-12-20,,8479402.0
calgary-flames,vegas-golden-knights,Samuel Honzek,Injured Reserve 3,ir3,Injured Reserve,ir,29.0,ir,False,2025-12-20,,8484180.0
calgary-flames,vegas-golden-knights,Zayne Parekh,Injured Reserve 4,ir4,Injured Reserve,ir,89.0,out,False,2025-12-20,,8484768.0
carolina-hurricanes,tampa-bay-lightning,Charles-Alexis Legault,Injured Reserve 1,ir1,Injured Reserve,ir,62.0,ir,False,2025-12-20,,
carolina-hurricanes,tampa-bay-lightning,Seth Jarvis,Injured Reserve 2,ir2,Injured Reserve,ir,24.0,out,False,2025-12-20,,8482093.0
carolina-hurricanes,tampa-bay-lightning,Jordan Martinook,Injured Reserve 3,ir3,Injured Reserve,ir,48.0,out,False,2025-12-20,,8476921.0
chicago-blackhawks,ottawa-senators,Connor Bedard,Injured Reserve 1,ir1,Injured Reserve,ir,98.0,ir,False,2025-12-20,,8484144.0
chicago-blackhawks,ottawa-senators,Nick Foligno,Injured Reserve 2,ir2,Injured Reserve,ir,17.0,ir,False,2025-12-20,,8473422.0
columbus-blue-jackets,anaheim-ducks,Erik Gudbranson,Injured Reserve 1,ir1,Injured Reserve,ir,44.0,ir,False,2025-12-20,,8475790.0
columbus-blue-jackets,anaheim-ducks,Mathieu Olivier,Injured Reserve 2,ir2,Injured Reserve,ir,24.0,ir,False,2025-12-20,,8479671.0
columbus-blue-jackets,anaheim-ducks,Brendan Gaunce,Injured Reserve 3,ir3,Injured Reserve,ir,16.0,dtd,False,2025-12-20,,8476867.0
detroit-red-wings,washington-capitals,Mason Appleton,Injured Reserve 1,ir1,Injured Reserve,ir,22.0,ir,False,2025-12-20,,8478891.0
detroit-red-wings,washington-capitals,Patrick Kane,Injured Reserve 2,ir2,Injured Reserve,ir,88.0,out,False,2025-12-20,,8474141.0
edmonton-oilers,minnesota-wild,Jake Walman,Injured Reserve 1,ir1,Injured Reserve,ir,96.0,ir,False,2025-12-20,,8478013.0
edmonton-oilers,minnesota-wild,Kasperi Kapanen,Injured Reserve 2,ir2,Injured Reserve,ir,42.0,ir,False,2025-12-20,,8477953.0
edmonton-oilers,minnesota-wild,Connor Clattenburg,Injured Reserve 3,ir3,Injured Reserve,ir,64.0,ir,False,2025-12-20,,8484529.0
edmonton-oilers,minnesota-wild,Jack Roslovic,Injured Reserve 4,ir4,Injured Reserve,ir,28.0,ir,False,2025-12-20,,8478458.0
edmonton-oilers,minnesota-wild,Tristan Jarry,Injured Reserve 5,ir5,Injured Reserve,ir,35.0,ir,False,2025-12-20,,
florida-panthers,st-louis-blues,Matthew Tkachuk,Injured Reserve 1,ir1,Injured Reserve,ir,19.0,ir,False,2025-12-20,,
florida-panthers,st-louis-blues,Aleksander Barkov,Injured Reserve 2,ir2,Injured Reserve,ir,16.0,ir,False,2025-12-20,,
florida-panthers,st-louis-blues,Dmitry Kulikov,Injured Reserve 3,ir3,Injured Reserve,ir,7.0,ir,False,2025-12-20,,8475179.0
florida-panthers,st-louis-blues,Jonah Gadjovich,Injured Reserve 4,ir4,Injured Reserve,ir,12.0,ir,False,2025-12-20,,8479981.0
florida-panthers,st-louis-blues,Tomas Nosek,Injured Reserve 5,ir5,Injured Reserve,ir,92.0,out,False,2025-12-20,,
florida-panthers,st-louis-blues,Cole Schwindt,Injured Reserve 6,ir6,Injured Reserve,ir,79.0,out,False,2025-12-20,,8481655.0
minnesota-wild,edmonton-oilers,Marcus Johansson,Injured Reserve 2,ir2,Injured Reserve,ir,90.0,dtd,False,2025-12-20,,8475149.0
minnesota-wild,edmonton-oilers,Vinnie Hinostroza,Injured Reserve 3,ir3,Injured Reserve,ir,18.0,ir,False,2025-12-20,,8476994.0
minnesota-wild,edmonton-oilers,Daemon Hunt,Injured Reserve 4,ir4,Injured Reserve,ir,48.0,ir,False,2025-12-20,,8482094.0
minnesota-wild,edmonton-oilers,Mats Zuccarello,Injured Reserve 5,ir5,Injured Reserve,ir,36.0,ir,False,2025-12-20,,8475692.0
minnesota-wild,edmonton-oilers,Jacob Middleton,Injured Reserve 6,ir6,Injured Reserve,ir,5.0,ir,False,2025-12-20,,
minnesota-wild,edmonton-oilers,Jonas Brodin,Injured Reserve 7,ir7,Injured Reserve,ir,25.0,dtd,False,2025-12-20,,8476463.0
montreal-canadiens,pittsburgh-penguins,Kaiden Guhle,Injured Reserve 1,ir1,Injured Reserve,ir,21.0,ir,False,2025-12-20,,8482087.0
montreal-canadiens,pittsburgh-penguins,David Reinbacher,Injured Reserve 2,ir2,Injured Reserve,ir,64.0,out,False,2025-12-20,,
montreal-canadiens,pittsburgh-penguins,Patrik Laine,Injured Reserve 3,ir3,Injured Reserve,ir,92.0,out,False,2025-12-20,,8479339.0
montreal-canadiens,pittsburgh-penguins,Alex Newhook,Injured Reserve 4,ir4,Injured Reserve,ir,15.0,out,False,2025-12-20,,8481618.0
montreal-canadiens,pittsburgh-penguins,Sam Montembeault,Injured Reserve 6,ir6,Injured Reserve,ir,35.0,out,False,2025-12-20,,
montreal-canadiens,pittsburgh-penguins,Mike Matheson,Injured Reserve 7,ir7,Injured Reserve,ir,8.0,dtd,False,2025-12-20,,8476875.0
montreal-canadiens,pittsburgh-penguins,Phillip Danault,Injured Reserve 8,ir8,Injured Reserve,ir,24.0,dtd,False,2025-12-20,,8476479.0
nashville-predators,toronto-maple-leafs,Cole Smith,Injured Reserve 1,ir1,Injured Reserve,ir,36.0,ir,False,2025-12-20,,8482062.0
nashville-predators,toronto-maple-leafs,Zachary L'Heureux,Injured Reserve 2,ir2,Injured Reserve,ir,68.0,out,False,2025-12-20,,
nashville-predators,toronto-maple-leafs,Jonathan Marchessault,Injured Reserve 3,ir3,Injured Reserve,ir,81.0,dtd,False,2025-12-20,,8476539.0
nashville-predators,toronto-maple-leafs,Ozzy Wiesblatt,Injured Reserve 4,ir4,Injured Reserve,ir,89.0,ir,False,2025-12-20,,8482103.0
nashville-predators,toronto-maple-leafs,Justin Barron,Injured Reserve 5,ir5,Injured Reserve,ir,20.0,ir,False,2025-12-20,,8482111.0
new-york-islanders,buffalo-sabres,Semyon Varlamov,Injured Reserve 1,ir1,Injured Reserve,ir,40.0,ir,False,2025-12-20,,
new-york-islanders,buffalo-sabres,Pierre Engvall,Injured Reserve 2,ir2,Injured Reserve,ir,18.0,ir,False,2025-12-20,,
new-york-islanders,buffalo-sabres,Ethan Bear,Injured Reserve 3,ir3,Injured Reserve,ir,,ir,False,2025-12-20,,
new-york-islanders,buffalo-sabres,Alexander Romanov,Injured Reserve 4,ir4,Injured Reserve,ir,28.0,ir,False,2025-12-20,,8481014.0
new-york-islanders,buffalo-sabres,Kyle Palmieri,Injured Reserve 6,ir6,Injured Reserve,ir,21.0,ir,False,2025-12-20,,8475151.0
new-york-islanders,buffalo-sabres,Bo Horvat,Injured Reserve 7,ir7,Injured Reserve,ir,14.0,out,False,2025-12-20,,8477500.0
new-york-rangers,philadelphia-flyers,Adam Fox,Injured Reserve 2,ir2,Injured Reserve,ir,23.0,ir,False,2025-12-20,,8479323.0
new-york-rangers,philadelphia-flyers,Adam Edstrom,Injured Reserve 3,ir3,Injured Reserve,ir,84.0,out,False,2025-12-20,,8481726.0
new-york-rangers,philadelphia-flyers,Artemi Panarin,Injured Reserve 4,ir4,Injured Reserve,ir,10.0,dtd,False,2025-12-20,,8478550.0
ottawa-senators,chicago-blackhawks,Thomas Chabot,Injured Reserve 1,ir1,Injured Reserve,ir,72.0,ir,False,2025-12-20,,8478469.0
ottawa-senators,chicago-blackhawks,Lars Eller,Injured Reserve 2,ir2,Injured Reserve,ir,89.0,ir,False,2025-12-20,,8474189.0
ottawa-senators,chicago-blackhawks,Shane Pinto,Injured Reserve 3,ir3,Injured Reserve,ir,12.0,ir,False,2025-12-20,,8481596.0
philadelphia-flyers,new-york-rangers,Tyson Foerster,Injured Reserve 2,ir2,Injured Reserve,ir,71.0,out,False,2025-12-20,,8482159.0
pittsburgh-penguins,montreal-canadiens,Filip Hallander,Injured Reserve 2,ir2,Injured Reserve,ir,11.0,ir,False,2025-12-20,,8480842.0
pittsburgh-penguins,montreal-canadiens,Evgeni Malkin,Injured Reserve 7,ir7,Injured Reserve,ir,71.0,ir,False,2025-12-20,,8471215.0
pittsburgh-penguins,montreal-canadiens,Blake Lizotte,Injured Reserve 8,ir8,Injured Reserve,ir,46.0,ir,False,2025-12-20,,8481481.0
san-jose-sharks,seattle-kraken,Carey Price,Injured Reserve 1,ir1,Injured Reserve,ir,31.0,ir,False,2025-12-20,,
san-jose-sharks,seattle-kraken,Ryan Ellis,Injured Reserve 2,ir2,Injured Reserve,ir,94.0,ir,False,2025-12-20,,
san-jose-sharks,seattle-kraken,Vincent Desharnais,Injured Reserve 3,ir3,Injured Reserve,ir,5.0,ir,False,2025-12-20,,8479576.0
san-jose-sharks,seattle-kraken,Philipp Kurashev,Injured Reserve 5,ir5,Injured Reserve,ir,96.0,ir,False,2025-12-20,,8480798.0
san-jose-sharks,seattle-kraken,Will Smith,Injured Reserve 6,ir6,Injured Reserve,ir,2.0,ir,False,2025-12-20,,8484227.0
san-jose-sharks,seattle-kraken,Ty Dellandrea,Injured Reserve 7,ir7,Injured Reserve,ir,10.0,dtd,False,2025-12-20,,8480848.0
seattle-kraken,san-jose-sharks,Jaden Schwartz,Injured Reserve 1,ir1,Injured Reserve,ir,17.0,ir,False,2025-12-20,,8475768.0
seattle-kraken,san-jose-sharks,Matt Murray,Injured Reserve 2,ir2,Injured Reserve,ir,30.0,ir,False,2025-12-20,,
seattle-kraken,san-jose-sharks,Berkly Catton,Injured Reserve 3,ir3,Injured Reserve,ir,77.0,out,False,2025-12-20,,8484800.0
seattle-kraken,san-jose-sharks,Jared McCann,Injured Reserve 4,ir4,Injured Reserve,ir,19.0,out,False,2025-12-20,,8477955.0
seattle-kraken,san-jose-sharks,Brandon Montour,Injured Reserve 5,ir5,Injured Reserve,ir,62.0,dtd,False,2025-12-20,,8477986.0
st-louis-blues,florida-panthers,Torey Krug,Injured Reserve 1,ir1,Injured Reserve,ir,47.0,ir,False,2025-12-20,,
st-louis-blues,florida-panthers,Alexey Toropchenko,Injured Reserve 2,ir2,Injured Reserve,ir,13.0,out,False,2025-12-20,,8480281.0
st-louis-blues,florida-panthers,Jimmy Snuggerud,Injured Reserve 3,ir3,Injured Reserve,ir,21.0,out,False,2025-12-20,,8483516.0
st-louis-blues,florida-panthers,Jordan Kyrou,Injured Reserve 4,ir4,Injured Reserve,ir,25.0,ir,False,2025-12-20,,8479385.0
st-louis-blues,florida-panthers,Nick Bjugstad,Injured Reserve 5,ir5,Injured Reserve,ir,77.0,ir,False,2025-12-20,,8475760.0
st-louis-blues,florida-panthers,Dylan Holloway,Injured Reserve 6,ir6,Injured Reserve,ir,81.0,out,False,2025-12-20,,8482077.0
tampa-bay-lightning,carolina-hurricanes,Erik Cernak,Injured Reserve 3,ir3,Injured Reserve,ir,81.0,out,False,2025-12-20,,8478416.0
tampa-bay-lightning,carolina-hurricanes,Emil Lilleberg,Injured Reserve 4,ir4,Injured Reserve,ir,,out,False,2025-12-20,,8482929.0
tampa-bay-lightning,carolina-hurricanes,Victor Hedman,Injured Reserve 5,ir5,Injured Reserve,ir,77.0,ir,False,2025-12-20,,8475167.0
tampa-bay-lightning,carolina-hurricanes,Brandon Hagel,Injured Reserve 6,ir6,Injured Reserve,ir,38.0,dtd,False,2025-12-20,,8479542.0
tampa-bay-lightning,carolina-hurricanes,Nikita Kucherov,Injured Reserve 7,ir7,Injured Reserve,ir,86.0,out,False,2025-12-20,,8476453.0
toronto-maple-leafs,nashville-predators,Anthony Stolarz,Injured Reserve 1,ir1,Injured Reserve,ir,41.0,ir,False,2025-12-20,,
toronto-maple-leafs,nashville-predators,Chris Tanev,Injured Reserve 2,ir2,Injured Reserve,ir,8.0,ir,False,2025-12-20,,8475690.0
toronto-maple-leafs,nashville-predators,Brandon Carlo,Injured Reserve 3,ir3,Injured Reserve,ir,25.0,ir,False,2025-12-20,,8478443.0
toronto-maple-leafs,nashville-predators,Dakota Joshua,Injured Reserve 4,ir4,Injured Reserve,ir,81.0,out,False,2025-12-20,,8478057.0
toronto-maple-leafs,nashville-predators,Dakota Mermis,Injured Reserve 7,ir7,Injured Reserve,ir,36.0,ir,False,2025-12-20,,8477541.0
vancouver-canucks,boston-bruins,Filip Chytil,Injured Reserve 1,ir1,Injured Reserve,ir,72.0,ir,False,2025-12-20,,8480078.0
vancouver-canucks,boston-bruins,Derek Forbort,Injured Reserve 2,ir2,Injured Reserve,ir,27.0,ir,False,2025-12-20,,8475762.0
vancouver-canucks,boston-bruins,Teddy Blueger,Injured Reserve 3,ir3,Injured Reserve,ir,53.0,ir,False,2025-12-20,,8476927.0
vancouver-canucks,boston-bruins,Pierre-Olivier Joseph,Injured Reserve 4,ir4,Injured Reserve,ir,7.0,dtd,False,2025-12-20,,
vancouver-canucks,boston-bruins,Elias Pettersson,Injured Reserve 5,ir5,Injured Reserve,ir,40.0,dtd,False,2025-12-20,,8483678.0
vegas-golden-knights,calgary-flames,Alex Pietrangelo,Injured Reserve 1,ir1,Injured Reserve,ir,7.0,ir,False,2025-12-20,,
vegas-golden-knights,calgary-flames,Adin Hill,Injured Reserve 3,ir3,Injured Reserve,ir,33.0,ir,False,2025-12-20,,
vegas-golden-knights,calgary-flames,William Karlsson,Injured Reserve 4,ir4,Injured Reserve,ir,71.0,ir,False,2025-12-20,,8476448.0
vegas-golden-knights,calgary-flames,Shea Theodore,Injured Reserve 6,ir6,Injured Reserve,ir,27.0,dtd,False,2025-12-20,,8477447.0
vegas-golden-knights,calgary-flames,Jack Eichel,Injured Reserve 7,ir7,Injured Reserve,ir,9.0,dtd,False,2025-12-20,,8478403.0
washington-capitals,detroit-red-wings,Pierre-Luc Dubois,Injured Reserve 1,ir1,Injured Reserve,ir,80.0,ir,False,2025-12-20,,8479400.0
washington-capitals,detroit-red-wings,Ryan Leonard,Injured Reserve 2,ir2,Injured Reserve,ir,9.0,ir,False,2025-12-20,,8484186.0
washington-capitals,detroit-red-wings,Hendrix Lapierre,Injured Reserve 3,ir3,Injured Reserve,ir,,out,False,2025-12-20,,8482148.0
boston-bruins,ottawa-senators,Jordan Harris,Injured Reserve 1,ir1,Injured Reserve,ir,43.0,ir,False,2025-12-21,,8480887.0
boston-bruins,ottawa-senators,Matej Blumel,Injured Reserve 2,ir2,Injured Reserve,ir,13.0,ir,False,2025-12-21,,
boston-bruins,ottawa-senators,Jonathan Aspirot,Injured Reserve 3,ir3,Injured Reserve,ir,45.0,ir,False,2025-12-21,,8481219.0
boston-bruins,ottawa-senators,Michael Callahan,Injured Reserve 4,ir4,Injured Reserve,ir,79.0,ir,False,2025-12-21,,8480828.0
boston-bruins,ottawa-senators,Henri Jokiharju,Injured Reserve 5,ir5,Injured Reserve,ir,20.0,ir,False,2025-12-21,,8480035.0
boston-bruins,ottawa-senators,Viktor Arvidsson,Injured Reserve 6,ir6,Injured Reserve,ir,71.0,out,False,2025-12-21,,8478042.0
buffalo-sabres,new-jersey-devils,Jason Zucker,Injured Reserve 1,ir1,Injured Reserve,ir,17.0,ir,False,2025-12-21,,8475722.0
buffalo-sabres,new-jersey-devils,Jiri Kulich,Injured Reserve 2,ir2,Injured Reserve,ir,20.0,ir,False,2025-12-21,,8483468.0
buffalo-sabres,new-jersey-devils,Justin Danforth,Injured Reserve 3,ir3,Injured Reserve,ir,15.0,ir,False,2025-12-21,,8479941.0
buffalo-sabres,new-jersey-devils,Colten Ellis,Injured Reserve 4,ir4,Injured Reserve,ir,92.0,ir,False,2025-12-21,,
buffalo-sabres,new-jersey-devils,Conor Timmins,Injured Reserve 5,ir5,Injured Reserve,ir,21.0,ir,False,2025-12-21,,8479982.0
buffalo-sabres,new-jersey-devils,Tyson Kozak,Injured Reserve 6,ir6,Injured Reserve,ir,48.0,dtd,False,2025-12-21,,8482896.0
colorado-avalanche,minnesota-wild,Logan O'Connor,Injured Reserve 1,ir1,Injured Reserve,ir,25.0,out,False,2025-12-21,,
dallas-stars,toronto-maple-leafs,Tyler Seguin,Injured Reserve 1,ir1,Injured Reserve,ir,91.0,ir,False,2025-12-21,,8475794.0
dallas-stars,toronto-maple-leafs,Lian Bichsel,Injured Reserve 2,ir2,Injured Reserve,ir,6.0,ir,False,2025-12-21,,8483425.0
detroit-red-wings,washington-capitals,Mason Appleton,Injured Reserve 1,ir1,Injured Reserve,ir,22.0,ir,False,2025-12-21,,8478891.0
detroit-red-wings,washington-capitals,Patrick Kane,Injured Reserve 2,ir2,Injured Reserve,ir,88.0,out,False,2025-12-21,,8474141.0
edmonton-oilers,vegas-golden-knights,Jake Walman,Injured Reserve 1,ir1,Injured Reserve,ir,96.0,ir,False,2025-12-21,,8478013.0
edmonton-oilers,vegas-golden-knights,Kasperi Kapanen,Injured Reserve 2,ir2,Injured Reserve,ir,42.0,ir,False,2025-12-21,,8477953.0
edmonton-oilers,vegas-golden-knights,Connor Clattenburg,Injured Reserve 3,ir3,Injured Reserve,ir,64.0,ir,False,2025-12-21,,8484529.0
edmonton-oilers,vegas-golden-knights,Jack Roslovic,Injured Reserve 4,ir4,Injured Reserve,ir,28.0,ir,False,2025-12-21,,8478458.0
edmonton-oilers,vegas-golden-knights,Tristan Jarry,Injured Reserve 5,ir5,Injured Reserve,ir,35.0,ir,False,2025-12-21,,
minnesota-wild,colorado-avalanche,Zach Bogosian,Injured Reserve 1,ir1,Injured Reserve,ir,24.0,ir,False,2025-12-21,,8474567.0
minnesota-wild,colorado-avalanche,Daemon Hunt,Injured Reserve 4,ir4,Injured Reserve,ir,48.0,ir,False,2025-12-21,,8482094.0
montreal-canadiens,pittsburgh-penguins,Kaiden Guhle,Injured Reserve 1,ir1,Injured Reserve,ir,21.0,ir,False,2025-12-21,,8482087.0
montreal-canadiens,pittsburgh-penguins,David Reinbacher,Injured Reserve 2,ir2,Injured Reserve,ir,64.0,out,False,2025-12-21,,
montreal-canadiens,pittsburgh-penguins,Patrik Laine,Injured Reserve 3,ir3,Injured Reserve,ir,92.0,out,False,2025-12-21,,8479339.0
montreal-canadiens,pittsburgh-penguins,Alex Newhook,Injured Reserve 4,ir4,Injured Reserve,ir,15.0,out,False,2025-12-21,,8481618.0
montreal-canadiens,pittsburgh-penguins,Sam Montembeault,Injured Reserve 6,ir6,Injured Reserve,ir,35.0,out,False,2025-12-21,,
montreal-canadiens,pittsburgh-penguins,Phillip Danault,Injured Reserve 8,ir8,Injured Reserve,ir,24.0,dtd,False,2025-12-21,,8476479.0
nashville-predators,new-york-rangers,Cole Smith,Injured Reserve 1,ir1,Injured Reserve,ir,36.0,ir,False,2025-12-21,,8482062.0
nashville-predators,new-york-rangers,Zachary L'Heureux,Injured Reserve 2,ir2,Injured Reserve,ir,68.0,out,False,2025-12-21,,
nashville-predators,new-york-rangers,Jonathan Marchessault,Injured Reserve 3,ir3,Injured Reserve,ir,81.0,dtd,False,2025-12-21,,8476539.0
nashville-predators,new-york-rangers,Ozzy Wiesblatt,Injured Reserve 4,ir4,Injured Reserve,ir,89.0,ir,False,2025-12-21,,8482103.0
nashville-predators,new-york-rangers,Justin Barron,Injured Reserve 5,ir5,Injured Reserve,ir,20.0,ir,False,2025-12-21,,8482111.0
new-jersey-devils,buffalo-sabres,Jack Hughes,Injured Reserve 1,ir1,Injured Reserve,ir,86.0,ir,False,2025-12-21,,8481559.0
new-jersey-devils,buffalo-sabres,Zack MacEwen,Injured Reserve 3,ir3,Injured Reserve,ir,,ir,False,2025-12-21,,8479772.0
new-jersey-devils,buffalo-sabres,Johnathan Kovacevic,Injured Reserve 4,ir4,Injured Reserve,ir,8.0,ir,False,2025-12-21,,
new-jersey-devils,buffalo-sabres,Evgenii Dadonov,Injured Reserve 5,ir5,Injured Reserve,ir,33.0,ir,False,2025-12-21,,8474149.0
new-jersey-devils,buffalo-sabres,Arseny Gritsyuk,Injured Reserve 7,ir7,Injured Reserve,ir,81.0,ir,False,2025-12-21,,8481721.0
new-jersey-devils,buffalo-sabres,Simon Nemec,Injured Reserve 8,ir8,Injured Reserve,ir,17.0,ir,False,2025-12-21,,8483495.0
new-york-rangers,nashville-predators,J.T. Miller,Injured Reserve 1,ir1,Injured Reserve,ir,9.0,dtd,False,2025-12-21,,8476468.0
new-york-rangers,nashville-predators,Adam Fox,Injured Reserve 2,ir2,Injured Reserve,ir,23.0,ir,False,2025-12-21,,8479323.0
new-york-rangers,nashville-predators,Adam Edstrom,Injured Reserve 3,ir3,Injured Reserve,ir,84.0,out,False,2025-12-21,,8481726.0
ottawa-senators,boston-bruins,Thomas Chabot,Injured Reserve 1,ir1,Injured Reserve,ir,72.0,ir,False,2025-12-21,,8478469.0
ottawa-senators,boston-bruins,Lars Eller,Injured Reserve 2,ir2,Injured Reserve,ir,89.0,ir,False,2025-12-21,,8474189.0
ottawa-senators,boston-bruins,Shane Pinto,Injured Reserve 3,ir3,Injured Reserve,ir,12.0,ir,False,2025-12-21,,8481596.0
ottawa-senators,boston-bruins,Tyler Kleven,Injured Reserve 4,ir4,Injured Reserve,ir,43.0,dtd,False,2025-12-21,,8482095.0
pittsburgh-penguins,montreal-canadiens,Filip Hallander,Injured Reserve 2,ir2,Injured Reserve,ir,11.0,ir,False,2025-12-21,,8480842.0
pittsburgh-penguins,montreal-canadiens,Evgeni Malkin,Injured Reserve 7,ir7,Injured Reserve,ir,71.0,ir,False,2025-12-21,,8471215.0
pittsburgh-penguins,montreal-canadiens,Blake Lizotte,Injured Reserve 8,ir8,Injured Reserve,ir,46.0,ir,False,2025-12-21,,8481481.0
toronto-maple-leafs,dallas-stars,Anthony Stolarz,Injured Reserve 1,ir1,Injured Reserve,ir,41.0,ir,False,2025-12-21,,
toronto-maple-leafs,dallas-stars,Chris Tanev,Injured Reserve 2,ir2,Injured Reserve,ir,8.0,ir,False,2025-12-21,,8475690.0
toronto-maple-leafs,dallas-stars,Brandon Carlo,Injured Reserve 3,ir3,Injured Reserve,ir,25.0,ir,False,2025-12-21,,8478443.0
toronto-maple-leafs,dallas-stars,Dakota Joshua,Injured Reserve 4,ir4,Injured Reserve,ir,81.0,out,False,2025-12-21,,8478057.0
toronto-maple-leafs,dallas-stars,Dakota Mermis,Injured Reserve 7,ir7,Injured Reserve,ir,36.0,ir,False,2025-12-21,,8477541.0
utah-hockey-club,winnipeg-jets,Juuso Valimaki,Injured Reserve 2,ir2,Injured Reserve,ir,4.0,ir,False,2025-12-21,,
utah-hockey-club,winnipeg-jets,Logan Cooley,Injured Reserve 3,ir3,Injured Reserve,ir,92.0,out,False,2025-12-21,,8483431.0
vegas-golden-knights,edmonton-oilers,Alex Pietrangelo,Injured Reserve 1,ir1,Injured Reserve,ir,7.0,ir,False,2025-12-21,,
vegas-golden-knights,edmonton-oilers,Adin Hill,Injured Reserve 3,ir3,Injured Reserve,ir,33.0,ir,False,2025-12-21,,
vegas-golden-knights,edmonton-oilers,William Karlsson,Injured Reserve 4,ir4,Injured Reserve,ir,71.0,ir,False,2025-12-21,,8476448.0
vegas-golden-knights,edmonton-oilers,Shea Theodore,Injured Reserve 6,ir6,Injured Reserve,ir,27.0,dtd,False,2025-12-21,,8477447.0
vegas-golden-knights,edmonton-oilers,Jack Eichel,Injured Reserve 7,ir7,Injured Reserve,ir,9.0,dtd,False,2025-12-21,,8478403.0
washington-capitals,detroit-red-wings,Pierre-Luc Dubois,Injured Reserve 1,ir1,Injured Reserve,ir,80.0,ir,False,2025-12-21,,8479400.0
washington-capitals,detroit-red-wings,Ryan Leonard,Injured Reserve 2,ir2,Injured Reserve,ir,9.0,ir,False,2025-12-21,,8484186.0
winnipeg-jets,utah-hockey-club,Haydn Fleury,Injured Reserve 1,ir1,Injured Reserve,ir,24.0,ir,False,2025-12-21,,8477938.0
columbus-blue-jackets,los-angeles-kings,Erik Gudbranson,Injured Reserve 1,ir1,Injured Reserve,ir,44.0,ir,False,2025-12-22,,8475790.0
columbus-blue-jackets,los-angeles-kings,Mathieu Olivier,Injured Reserve 2,ir2,Injured Reserve,ir,24.0,ir,False,2025-12-22,,8479671.0
columbus-blue-jackets,los-angeles-kings,Brendan Gaunce,Injured Reserve 3,ir3,Injured Reserve,ir,16.0,ir,False,2025-12-22,,8476867.0
columbus-blue-jackets,los-angeles-kings,Miles Wood,Injured Reserve 4,ir4,Injured Reserve,ir,28.0,dtd,False,2025-12-22,,8477425.0
columbus-blue-jackets,los-angeles-kings,Zach Werenski,Injured Reserve 5,ir5,Injured Reserve,ir,8.0,dtd,False,2025-12-22,,8478460.0
los-angeles-kings,columbus-blue-jackets,Darcy Kuemper,Injured Reserve 1,ir1,Injured Reserve,ir,35.0,ir,False,2025-12-22,,
philadelphia-flyers,vancouver-canucks,Tyson Foerster,Injured Reserve 1,ir1,Injured Reserve,ir,71.0,ir,False,2025-12-22,,8482159.0
philadelphia-flyers,vancouver-canucks,Dan Vladar,Injured Reserve 2,ir2,Injured Reserve,ir,80.0,dtd,False,2025-12-22,,
philadelphia-flyers,vancouver-canucks,Christian Dvorak,Injured Reserve 3,ir3,Injured Reserve,ir,22.0,dtd,False,2025-12-22,,8477989.0
seattle-kraken,anaheim-ducks,Jaden Schwartz,Injured Reserve 1,ir1,Injured Reserve,ir,17.0,ir,False,2025-12-22,,8475768.0
seattle-kraken,anaheim-ducks,Matt Murray,Injured Reserve 2,ir2,Injured Reserve,ir,30.0,ir,False,2025-12-22,,
seattle-kraken,anaheim-ducks,Berkly Catton,Injured Reserve 3,ir3,Injured Reserve,ir,77.0,out,False,2025-12-22,,8484800.0
seattle-kraken,anaheim-ducks,Jared McCann,Injured Reserve 4,ir4,Injured Reserve,ir,19.0,out,False,2025-12-22,,8477955.0
seattle-kraken,anaheim-ducks,Brandon Montour,Injured Reserve 5,ir5,Injured Reserve,ir,62.0,dtd,False,2025-12-22,,8477986.0
st-louis-blues,tampa-bay-lightning,Torey Krug,Injured Reserve 1,ir1,Injured Reserve,ir,47.0,ir,False,2025-12-22,,
st-louis-blues,tampa-bay-lightning,Alexey Toropchenko,Injured Reserve 2,ir2,Injured Reserve,ir,13.0,out,False,2025-12-22,,8480281.0
st-louis-blues,tampa-bay-lightning,Jimmy Snuggerud,Injured Reserve 3,ir3,Injured Reserve,ir,21.0,out,False,2025-12-22,,8483516.0
st-louis-blues,tampa-bay-lightning,Jordan Kyrou,Injured Reserve 4,ir4,Injured Reserve,ir,25.0,ir,False,2025-12-22,,8479385.0
st-louis-blues,tampa-bay-lightning,Nick Bjugstad,Injured Reserve 5,ir5,Injured Reserve,ir,77.0,ir,False,2025-12-22,,8475760.0
st-louis-blues,tampa-bay-lightning,Dylan Holloway,Injured Reserve 6,ir6,Injured Reserve,ir,81.0,out,False,2025-12-22,,8482077.0
tampa-bay-lightning,st-louis-blues,Erik Cernak,Injured Reserve 3,ir3,Injured Reserve,ir,81.0,out,False,2025-12-22,,8478416.0
tampa-bay-lightning,st-louis-blues,Emil Lilleberg,Injured Reserve 4,ir4,Injured Reserve,ir,,out,False,2025-12-22,,8482929.0
tampa-bay-lightning,st-louis-blues,Victor Hedman,Injured Reserve 5,ir5,Injured Reserve,ir,77.0,ir,False,2025-12-22,,8475167.0
tampa-bay-lightning,st-louis-blues,Brandon Hagel,Injured Reserve 6,ir6,Injured Reserve,ir,38.0,dtd,False,2025-12-22,,8479542.0
vancouver-canucks,philadelphia-flyers,Filip Chytil,Injured Reserve 1,ir1,Injured Reserve,ir,72.0,ir,False,2025-12-22,,8480078.0
vancouver-canucks,philadelphia-flyers,Derek Forbort,Injured Reserve 2,ir2,Injured Reserve,ir,27.0,ir,False,2025-12-22,,8475762.0
vancouver-canucks,philadelphia-flyers,Teddy Blueger,Injured Reserve 3,ir3,Injured Reserve,ir,53.0,ir,False,2025-12-22,,8476927.0
vancouver-canucks,philadelphia-flyers,Pierre-Olivier Joseph,Injured Reserve 4,ir4,Injured Reserve,ir,7.0,dtd,False,2025-12-22,,
vancouver-canucks,philadelphia-flyers,Elias Pettersson,Injured Reserve 5,ir5,Injured Reserve,ir,40.0,dtd,False,2025-12-22,,8483678.0
boston-bruins,montreal-canadiens,Jordan Harris,Injured Reserve 1,ir1,Injured Reserve,ir,43.0,ir,False,2025-12-23,,8480887.0
boston-bruins,montreal-canadiens,Matej Blumel,Injured Reserve 2,ir2,Injured Reserve,ir,13.0,ir,False,2025-12-23,,
boston-bruins,montreal-canadiens,Jonathan Aspirot,Injured Reserve 3,ir3,Injured Reserve,ir,45.0,ir,False,2025-12-23,,8481219.0
boston-bruins,montreal-canadiens,Michael Callahan,Injured Reserve 4,ir4,Injured Reserve,ir,79.0,ir,False,2025-12-23,,8480828.0
boston-bruins,montreal-canadiens,Henri Jokiharju,Injured Reserve 5,ir5,Injured Reserve,ir,20.0,ir,False,2025-12-23,,8480035.0
boston-bruins,montreal-canadiens,Viktor Arvidsson,Injured Reserve 6,ir6,Injured Reserve,ir,71.0,out,False,2025-12-23,,8478042.0
buffalo-sabres,ottawa-senators,Jason Zucker,Injured Reserve 1,ir1,Injured Reserve,ir,17.0,ir,False,2025-12-23,,8475722.0
buffalo-sabres,ottawa-senators,Jiri Kulich,Injured Reserve 2,ir2,Injured Reserve,ir,20.0,ir,False,2025-12-23,,8483468.0
buffalo-sabres,ottawa-senators,Justin Danforth,Injured Reserve 3,ir3,Injured Reserve,ir,15.0,ir,False,2025-12-23,,8479941.0
buffalo-sabres,ottawa-senators,Colten Ellis,Injured Reserve 4,ir4,Injured Reserve,ir,92.0,ir,False,2025-12-23,,
buffalo-sabres,ottawa-senators,Conor Timmins,Injured Reserve 5,ir5,Injured Reserve,ir,21.0,ir,False,2025-12-23,,8479982.0
buffalo-sabres,ottawa-senators,Tyson Kozak,Injured Reserve 6,ir6,Injured Reserve,ir,48.0,dtd,False,2025-12-23,,8482896.0
calgary-flames,edmonton-oilers,Martin Pospisil,Injured Reserve 1,ir1,Injured Reserve,ir,76.0,ir,False,2025-12-23,,
calgary-flames,edmonton-oilers,Jake Bean,Injured Reserve 2,ir2,Injured Reserve,ir,24.0,ir,False,2025-12-23,,8479402.0
calgary-flames,edmonton-oilers,Samuel Honzek,Injured Reserve 3,ir3,Injured Reserve,ir,29.0,ir,False,2025-12-23,,8484180.0
calgary-flames,edmonton-oilers,Zayne Parekh,Injured Reserve 4,ir4,Injured Reserve,ir,89.0,out,False,2025-12-23,,8484768.0
carolina-hurricanes,florida-panthers,Charles-Alexis Legault,Injured Reserve 1,ir1,Injured Reserve,ir,62.0,ir,False,2025-12-23,,
carolina-hurricanes,florida-panthers,Seth Jarvis,Injured Reserve 2,ir2,Injured Reserve,ir,24.0,ir,False,2025-12-23,,8482093.0
carolina-hurricanes,florida-panthers,Jordan Martinook,Injured Reserve 3,ir3,Injured Reserve,ir,48.0,out,False,2025-12-23,,8476921.0
carolina-hurricanes,florida-panthers,Jaccob Slavin,Injured Reserve 4,ir4,Injured Reserve,ir,74.0,out,False,2025-12-23,,8476958.0
chicago-blackhawks,philadelphia-flyers,Connor Bedard,Injured Reserve 1,ir1,Injured Reserve,ir,98.0,ir,False,2025-12-23,,8484144.0
chicago-blackhawks,philadelphia-flyers,Nick Foligno,Injured Reserve 2,ir2,Injured Reserve,ir,17.0,ir,False,2025-12-23,,8473422.0
chicago-blackhawks,philadelphia-flyers,Frank Nazar,Injured Reserve 3,ir3,Injured Reserve,ir,,out,False,2025-12-23,,8483493.0
colorado-avalanche,utah-hockey-club,Logan O'Connor,Injured Reserve 1,ir1,Injured Reserve,ir,25.0,out,False,2025-12-23,,
dallas-stars,detroit-red-wings,Tyler Seguin,Injured Reserve 1,ir1,Injured Reserve,ir,91.0,ir,False,2025-12-23,,8475794.0
dallas-stars,detroit-red-wings,Lian Bichsel,Injured Reserve 2,ir2,Injured Reserve,ir,6.0,ir,False,2025-12-23,,8483425.0
detroit-red-wings,dallas-stars,Patrick Kane,Injured Reserve 1,ir1,Injured Reserve,ir,88.0,dtd,False,2025-12-23,,8474141.0
edmonton-oilers,calgary-flames,Jake Walman,Injured Reserve 1,ir1,Injured Reserve,ir,96.0,ir,False,2025-12-23,,8478013.0
edmonton-oilers,calgary-flames,Kasperi Kapanen,Injured Reserve 2,ir2,Injured Reserve,ir,42.0,ir,False,2025-12-23,,8477953.0
edmonton-oilers,calgary-flames,Connor Clattenburg,Injured Reserve 3,ir3,Injured Reserve,ir,64.0,ir,False,2025-12-23,,8484529.0
edmonton-oilers,calgary-flames,Noah Philp,Injured Reserve 4,ir4,Injured Reserve,ir,48.0,ir,False,2025-12-23,,8481491.0
edmonton-oilers,calgary-flames,Tristan Jarry,Injured Reserve 5,ir5,Injured Reserve,ir,35.0,ir,False,2025-12-23,,
florida-panthers,carolina-hurricanes,Matthew Tkachuk,Injured Reserve 1,ir1,Injured Reserve,ir,19.0,ir,False,2025-12-23,,
florida-panthers,carolina-hurricanes,Aleksander Barkov,Injured Reserve 2,ir2,Injured Reserve,ir,16.0,ir,False,2025-12-23,,
florida-panthers,carolina-hurricanes,Dmitry Kulikov,Injured Reserve 3,ir3,Injured Reserve,ir,7.0,ir,False,2025-12-23,,8475179.0
florida-panthers,carolina-hurricanes,Jonah Gadjovich,Injured Reserve 4,ir4,Injured Reserve,ir,12.0,ir,False,2025-12-23,,8479981.0
florida-panthers,carolina-hurricanes,Tomas Nosek,Injured Reserve 5,ir5,Injured Reserve,ir,92.0,out,False,2025-12-23,,
florida-panthers,carolina-hurricanes,Cole Schwindt,Injured Reserve 6,ir6,Injured Reserve,ir,79.0,out,False,2025-12-23,,8481655.0
florida-panthers,carolina-hurricanes,Mackie Samoskevich,Injured Reserve 7,ir7,Injured Reserve,ir,11.0,dtd,False,2025-12-23,,8482713.0
los-angeles-kings,seattle-kraken,Darcy Kuemper,Injured Reserve 1,ir1,Injured Reserve,ir,35.0,ir,False,2025-12-23,,
minnesota-wild,nashville-predators,Zach Bogosian,Injured Reserve 1,ir1,Injured Reserve,ir,24.0,ir,False,2025-12-23,,8474567.0
minnesota-wild,nashville-predators,Daemon Hunt,Injured Reserve 2,ir2,Injured Reserve,ir,48.0,ir,False,2025-12-23,,8482094.0
montreal-canadiens,boston-bruins,Kaiden Guhle,Injured Reserve 1,ir1,Injured Reserve,ir,21.0,ir,False,2025-12-23,,8482087.0
montreal-canadiens,boston-bruins,Patrik Laine,Injured Reserve 2,ir2,Injured Reserve,ir,92.0,ir,False,2025-12-23,,8479339.0
montreal-canadiens,boston-bruins,Alex Newhook,Injured Reserve 3,ir3,Injured Reserve,ir,15.0,ir,False,2025-12-23,,8481618.0
montreal-canadiens,boston-bruins,David Reinbacher,Injured Reserve 4,ir4,Injured Reserve,ir,64.0,out,False,2025-12-23,,
montreal-canadiens,boston-bruins,Jake Evans,Injured Reserve 5,ir5,Injured Reserve,ir,71.0,dtd,False,2025-12-23,,8478133.0
montreal-canadiens,boston-bruins,Sam Montembeault,Injured Reserve 6,ir6,Injured Reserve,ir,35.0,dtd,False,2025-12-23,,
montreal-canadiens,boston-bruins,Phillip Danault,Injured Reserve 7,ir7,Injured Reserve,ir,24.0,dtd,False,2025-12-23,,8476479.0
nashville-predators,minnesota-wild,Cole Smith,Injured Reserve 1,ir1,Injured Reserve,ir,36.0,ir,False,2025-12-23,,8482062.0
nashville-predators,minnesota-wild,Zachary L'Heureux,Injured Reserve 2,ir2,Injured Reserve,ir,68.0,out,False,2025-12-23,,
nashville-predators,minnesota-wild,Jonathan Marchessault,Injured Reserve 3,ir3,Injured Reserve,ir,81.0,dtd,False,2025-12-23,,8476539.0
nashville-predators,minnesota-wild,Ozzy Wiesblatt,Injured Reserve 4,ir4,Injured Reserve,ir,89.0,ir,False,2025-12-23,,8482103.0
nashville-predators,minnesota-wild,Justin Barron,Injured Reserve 5,ir5,Injured Reserve,ir,20.0,ir,False,2025-12-23,,8482111.0
new-jersey-devils,new-york-islanders,Zack MacEwen,Injured Reserve 1,ir1,Injured Reserve,ir,,ir,False,2025-12-23,,8479772.0
new-jersey-devils,new-york-islanders,Johnathan Kovacevic,Injured Reserve 2,ir2,Injured Reserve,ir,8.0,ir,False,2025-12-23,,
new-jersey-devils,new-york-islanders,Evgenii Dadonov,Injured Reserve 3,ir3,Injured Reserve,ir,33.0,ir,False,2025-12-23,,8474149.0
new-jersey-devils,new-york-islanders,Simon Nemec,Injured Reserve 4,ir4,Injured Reserve,ir,17.0,ir,False,2025-12-23,,8483495.0
new-york-islanders,new-jersey-devils,Semyon Varlamov,Injured Reserve 1,ir1,Injured Reserve,ir,40.0,ir,False,2025-12-23,,
new-york-islanders,new-jersey-devils,Pierre Engvall,Injured Reserve 2,ir2,Injured Reserve,ir,18.0,ir,False,2025-12-23,,
new-york-islanders,new-jersey-devils,Ethan Bear,Injured Reserve 3,ir3,Injured Reserve,ir,,ir,False,2025-12-23,,
new-york-islanders,new-jersey-devils,Alexander Romanov,Injured Reserve 4,ir4,Injured Reserve,ir,28.0,ir,False,2025-12-23,,8481014.0
new-york-islanders,new-jersey-devils,Kyle Palmieri,Injured Reserve 5,ir5,Injured Reserve,ir,21.0,ir,False,2025-12-23,,8475151.0
new-york-islanders,new-jersey-devils,Bo Horvat,Injured Reserve 6,ir6,Injured Reserve,ir,14.0,out,False,2025-12-23,,8477500.0
new-york-islanders,new-jersey-devils,Ilya Sorokin,Injured Reserve 7,ir7,Injured Reserve,ir,30.0,dtd,False,2025-12-23,,
new-york-rangers,washington-capitals,Adam Fox,Injured Reserve 1,ir1,Injured Reserve,ir,23.0,ir,False,2025-12-23,,8479323.0
new-york-rangers,washington-capitals,Adam Edstrom,Injured Reserve 2,ir2,Injured Reserve,ir,84.0,ir,False,2025-12-23,,8481726.0
new-york-rangers,washington-capitals,J.T. Miller,Injured Reserve 3,ir3,Injured Reserve,ir,9.0,ir,False,2025-12-23,,8476468.0
new-york-rangers,washington-capitals,Gabriel Perreault,Injured Reserve 4,ir4,Injured Reserve,ir,94.0,dtd,False,2025-12-23,,
new-york-rangers,washington-capitals,Matt Rempe,Injured Reserve 5,ir5,Injured Reserve,ir,73.0,dtd,False,2025-12-23,,8482460.0
ottawa-senators,buffalo-sabres,Shane Pinto,Injured Reserve 1,ir1,Injured Reserve,ir,12.0,ir,False,2025-12-23,,8481596.0
ottawa-senators,buffalo-sabres,Lars Eller,Injured Reserve 2,ir2,Injured Reserve,ir,89.0,out,False,2025-12-23,,8474189.0
ottawa-senators,buffalo-sabres,Tyler Kleven,Injured Reserve 3,ir3,Injured Reserve,ir,43.0,out,False,2025-12-23,,8482095.0
philadelphia-flyers,chicago-blackhawks,Tyson Foerster,Injured Reserve 1,ir1,Injured Reserve,ir,71.0,ir,False,2025-12-23,,8482159.0
pittsburgh-penguins,toronto-maple-leafs,Filip Hallander,Injured Reserve 2,ir2,Injured Reserve,ir,11.0,ir,False,2025-12-23,,8480842.0
pittsburgh-penguins,toronto-maple-leafs,Evgeni Malkin,Injured Reserve 7,ir7,Injured Reserve,ir,71.0,ir,False,2025-12-23,,8471215.0
pittsburgh-penguins,toronto-maple-leafs,Blake Lizotte,Injured Reserve 8,ir8,Injured Reserve,ir,46.0,ir,False,2025-12-23,,8481481.0
san-jose-sharks,vegas-golden-knights,Carey Price,Injured Reserve 1,ir1,Injured Reserve,ir,31.0,ir,False,2025-12-23,,
san-jose-sharks,vegas-golden-knights,Ryan Ellis,Injured Reserve 2,ir2,Injured Reserve,ir,94.0,ir,False,2025-12-23,,
san-jose-sharks,vegas-golden-knights,Vincent Desharnais,Injured Reserve 3,ir3,Injured Reserve,ir,5.0,ir,False,2025-12-23,,8479576.0
san-jose-sharks,vegas-golden-knights,Timothy Liljegren,Injured Reserve 4,ir4,Injured Reserve,ir,37.0,dtd,False,2025-12-23,,8480043.0
san-jose-sharks,vegas-golden-knights,Philipp Kurashev,Injured Reserve 5,ir5,Injured Reserve,ir,96.0,ir,False,2025-12-23,,8480798.0
san-jose-sharks,vegas-golden-knights,Will Smith,Injured Reserve 6,ir6,Injured Reserve,ir,2.0,ir,False,2025-12-23,,8484227.0
san-jose-sharks,vegas-golden-knights,Ty Dellandrea,Injured Reserve 7,ir7,Injured Reserve,ir,10.0,dtd,False,2025-12-23,,8480848.0
san-jose-sharks,vegas-golden-knights,Collin Graf,Injured Reserve 8,ir8,Injured Reserve,ir,51.0,dtd,False,2025-12-23,,8484911.0
seattle-kraken,los-angeles-kings,Jaden Schwartz,Injured Reserve 1,ir1,Injured Reserve,ir,17.0,ir,False,2025-12-23,,8475768.0
seattle-kraken,los-angeles-kings,Matt Murray,Injured Reserve 2,ir2,Injured Reserve,ir,30.0,ir,False,2025-12-23,,
seattle-kraken,los-angeles-kings,Berkly Catton,Injured Reserve 3,ir3,Injured Reserve,ir,77.0,out,False,2025-12-23,,8484800.0
seattle-kraken,los-angeles-kings,Jared McCann,Injured Reserve 4,ir4,Injured Reserve,ir,19.0,out,False,2025-12-23,,8477955.0
seattle-kraken,los-angeles-kings,Brandon Montour,Injured Reserve 5,ir5,Injured Reserve,ir,62.0,dtd,False,2025-12-23,,8477986.0
seattle-kraken,los-angeles-kings,Vince Dunn,Injured Reserve 6,ir6,Injured Reserve,ir,29.0,dtd,False,2025-12-23,,8478407.0
toronto-maple-leafs,pittsburgh-penguins,Anthony Stolarz,Injured Reserve 1,ir1,Injured Reserve,ir,41.0,ir,False,2025-12-23,,
toronto-maple-leafs,pittsburgh-penguins,Chris Tanev,Injured Reserve 2,ir2,Injured Reserve,ir,8.0,ir,False,2025-12-23,,8475690.0
toronto-maple-leafs,pittsburgh-penguins,Brandon Carlo,Injured Reserve 3,ir3,Injured Reserve,ir,25.0,ir,False,2025-12-23,,8478443.0
toronto-maple-leafs,pittsburgh-penguins,Dakota Joshua,Injured Reserve 4,ir4,Injured Reserve,ir,81.0,out,False,2025-12-23,,8478057.0
toronto-maple-leafs,pittsburgh-penguins,Dakota Mermis,Injured Reserve 7,ir7,Injured Reserve,ir,36.0,ir,False,2025-12-23,,8477541.0
utah-hockey-club,colorado-avalanche,Juuso Valimaki,Injured Reserve 2,ir2,Injured Reserve,ir,4.0,ir,False,2025-12-23,,
utah-hockey-club,colorado-avalanche,Logan Cooley,Injured Reserve 3,ir3,Injured Reserve,ir,92.0,out,False,2025-12-23,,8483431.0
vegas-golden-knights,san-jose-sharks,Alex Pietrangelo,Injured Reserve 1,ir1,Injured Reserve,ir,7.0,ir,False,2025-12-23,,
vegas-golden-knights,san-jose-sharks,Adin Hill,Injured Reserve 3,ir3,Injured Reserve,ir,33.0,ir,False,2025-12-23,,
vegas-golden-knights,san-jose-sharks,William Karlsson,Injured Reserve 4,ir4,Injured Reserve,ir,71.0,ir,False,2025-12-23,,8476448.0
vegas-golden-knights,san-jose-sharks,Shea Theodore,Injured Reserve 6,ir6,Injured Reserve,ir,27.0,dtd,False,2025-12-23,,8477447.0
vegas-golden-knights,san-jose-sharks,Jack Eichel,Injured Reserve 7,ir7,Injured Reserve,ir,9.0,dtd,False,2025-12-23,,8478403.0
washington-capitals,new-york-rangers,Pierre-Luc Dubois,Injured Reserve 1,ir1,Injured Reserve,ir,80.0,ir,False,2025-12-23,,8479400.0
washington-capitals,new-york-rangers,Ryan Leonard,Injured Reserve 2,ir2,Injured Reserve,ir,9.0,ir,False,2025-12-23,,8484186.0
anaheim-ducks,los-angeles-kings,Leo Carlsson,Injured Reserve 1,ir1,Injured Reserve,ir,91.0,dtd,False,2025-12-27,,8484153.0
boston-bruins,buffalo-sabres,Jordan Harris,Injured Reserve 1,ir1,Injured Reserve,ir,43.0,ir,False,2025-12-27,,8480887.0
boston-bruins,buffalo-sabres,Matej Blumel,Injured Reserve 2,ir2,Injured Reserve,ir,13.0,ir,False,2025-12-27,,
boston-bruins,buffalo-sabres,Jonathan Aspirot,Injured Reserve 3,ir3,Injured Reserve,ir,45.0,ir,False,2025-12-27,,8481219.0
boston-bruins,buffalo-sabres,Michael Callahan,Injured Reserve 4,ir4,Injured Reserve,ir,79.0,ir,False,2025-12-27,,8480828.0
boston-bruins,buffalo-sabres,Henri Jokiharju,Injured Reserve 5,ir5,Injured Reserve,ir,20.0,ir,False,2025-12-27,,8480035.0
buffalo-sabres,boston-bruins,Jason Zucker,Injured Reserve 1,ir1,Injured Reserve,ir,17.0,ir,False,2025-12-27,,8475722.0
buffalo-sabres,boston-bruins,Jiri Kulich,Injured Reserve 2,ir2,Injured Reserve,ir,20.0,ir,False,2025-12-27,,8483468.0
buffalo-sabres,boston-bruins,Justin Danforth,Injured Reserve 3,ir3,Injured Reserve,ir,15.0,ir,False,2025-12-27,,8479941.0
buffalo-sabres,boston-bruins,Colten Ellis,Injured Reserve 4,ir4,Injured Reserve,ir,92.0,ir,False,2025-12-27,,
buffalo-sabres,boston-bruins,Conor Timmins,Injured Reserve 5,ir5,Injured Reserve,ir,21.0,ir,False,2025-12-27,,8479982.0
buffalo-sabres,boston-bruins,Tyson Kozak,Injured Reserve 6,ir6,Injured Reserve,ir,48.0,dtd,False,2025-12-27,,8482896.0
calgary-flames,edmonton-oilers,Martin Pospisil,Injured Reserve 1,ir1,Injured Reserve,ir,76.0,ir,False,2025-12-27,,
calgary-flames,edmonton-oilers,Jake Bean,Injured Reserve 2,ir2,Injured Reserve,ir,24.0,ir,False,2025-12-27,,8479402.0
calgary-flames,edmonton-oilers,Samuel Honzek,Injured Reserve 3,ir3,Injured Reserve,ir,29.0,ir,False,2025-12-27,,8484180.0
calgary-flames,edmonton-oilers,Zayne Parekh,Injured Reserve 4,ir4,Injured Reserve,ir,89.0,out,False,2025-12-27,,8484768.0
carolina-hurricanes,detroit-red-wings,Charles-Alexis Legault,Injured Reserve 1,ir1,Injured Reserve,ir,62.0,ir,False,2025-12-27,,
carolina-hurricanes,detroit-red-wings,Seth Jarvis,Injured Reserve 2,ir2,Injured Reserve,ir,24.0,ir,False,2025-12-27,,8482093.0
carolina-hurricanes,detroit-red-wings,Jordan Martinook,Injured Reserve 3,ir3,Injured Reserve,ir,48.0,out,False,2025-12-27,,8476921.0
carolina-hurricanes,detroit-red-wings,Jaccob Slavin,Injured Reserve 4,ir4,Injured Reserve,ir,74.0,out,False,2025-12-27,,8476958.0
chicago-blackhawks,dallas-stars,Connor Bedard,Injured Reserve 1,ir1,Injured Reserve,ir,98.0,ir,False,2025-12-27,,8484144.0
chicago-blackhawks,dallas-stars,Nick Foligno,Injured Reserve 2,ir2,Injured Reserve,ir,17.0,ir,False,2025-12-27,,8473422.0
chicago-blackhawks,dallas-stars,Frank Nazar,Injured Reserve 3,ir3,Injured Reserve,ir,,out,False,2025-12-27,,8483493.0
colorado-avalanche,vegas-golden-knights,Logan O'Connor,Injured Reserve 1,ir1,Injured Reserve,ir,25.0,out,False,2025-12-27,,
dallas-stars,chicago-blackhawks,Tyler Seguin,Injured Reserve 1,ir1,Injured Reserve,ir,91.0,ir,False,2025-12-27,,8475794.0
dallas-stars,chicago-blackhawks,Lian Bichsel,Injured Reserve 2,ir2,Injured Reserve,ir,6.0,ir,False,2025-12-27,,8483425.0
detroit-red-wings,carolina-hurricanes,Patrick Kane,Injured Reserve 1,ir1,Injured Reserve,ir,88.0,dtd,False,2025-12-27,,8474141.0
detroit-red-wings,carolina-hurricanes,Elmer Soderblom,Injured Reserve 2,ir2,Injured Reserve,ir,,dtd,False,2025-12-27,,8481725.0
edmonton-oilers,calgary-flames,Jake Walman,Injured Reserve 1,ir1,Injured Reserve,ir,96.0,ir,False,2025-12-27,,8478013.0
edmonton-oilers,calgary-flames,Kasperi Kapanen,Injured Reserve 2,ir2,Injured Reserve,ir,42.0,ir,False,2025-12-27,,8477953.0
edmonton-oilers,calgary-flames,Connor Clattenburg,Injured Reserve 3,ir3,Injured Reserve,ir,64.0,ir,False,2025-12-27,,8484529.0
edmonton-oilers,calgary-flames,Noah Philp,Injured Reserve 4,ir4,Injured Reserve,ir,48.0,ir,False,2025-12-27,,8481491.0
edmonton-oilers,calgary-flames,Tristan Jarry,Injured Reserve 5,ir5,Injured Reserve,ir,35.0,ir,False,2025-12-27,,
florida-panthers,tampa-bay-lightning,Matthew Tkachuk,Injured Reserve 1,ir1,Injured Reserve,ir,19.0,ir,False,2025-12-27,,
florida-panthers,tampa-bay-lightning,Aleksander Barkov,Injured Reserve 2,ir2,Injured Reserve,ir,16.0,ir,False,2025-12-27,,
florida-panthers,tampa-bay-lightning,Dmitry Kulikov,Injured Reserve 3,ir3,Injured Reserve,ir,7.0,ir,False,2025-12-27,,8475179.0
florida-panthers,tampa-bay-lightning,Jonah Gadjovich,Injured Reserve 4,ir4,Injured Reserve,ir,12.0,ir,False,2025-12-27,,8479981.0
florida-panthers,tampa-bay-lightning,Tomas Nosek,Injured Reserve 5,ir5,Injured Reserve,ir,92.0,out,False,2025-12-27,,
florida-panthers,tampa-bay-lightning,Cole Schwindt,Injured Reserve 6,ir6,Injured Reserve,ir,79.0,out,False,2025-12-27,,8481655.0
florida-panthers,tampa-bay-lightning,Mackie Samoskevich,Injured Reserve 7,ir7,Injured Reserve,ir,11.0,dtd,False,2025-12-27,,8482713.0
los-angeles-kings,anaheim-ducks,Darcy Kuemper,Injured Reserve 1,ir1,Injured Reserve,ir,35.0,ir,False,2025-12-27,,
minnesota-wild,winnipeg-jets,Daemon Hunt,Injured Reserve 1,ir1,Injured Reserve,ir,48.0,ir,False,2025-12-27,,8482094.0
nashville-predators,st-louis-blues,Cole Smith,Injured Reserve 1,ir1,Injured Reserve,ir,36.0,ir,False,2025-12-27,,8482062.0
nashville-predators,st-louis-blues,Zachary L'Heureux,Injured Reserve 2,ir2,Injured Reserve,ir,68.0,out,False,2025-12-27,,
nashville-predators,st-louis-blues,Jonathan Marchessault,Injured Reserve 3,ir3,Injured Reserve,ir,81.0,dtd,False,2025-12-27,,8476539.0
nashville-predators,st-louis-blues,Ozzy Wiesblatt,Injured Reserve 4,ir4,Injured Reserve,ir,89.0,ir,False,2025-12-27,,8482103.0
nashville-predators,st-louis-blues,Justin Barron,Injured Reserve 5,ir5,Injured Reserve,ir,20.0,ir,False,2025-12-27,,8482111.0
new-jersey-devils,washington-capitals,Zack MacEwen,Injured Reserve 1,ir1,Injured Reserve,ir,,ir,False,2025-12-27,,8479772.0
new-jersey-devils,washington-capitals,Johnathan Kovacevic,Injured Reserve 2,ir2,Injured Reserve,ir,8.0,ir,False,2025-12-27,,
new-jersey-devils,washington-capitals,Evgenii Dadonov,Injured Reserve 3,ir3,Injured Reserve,ir,33.0,ir,False,2025-12-27,,8474149.0
new-jersey-devils,washington-capitals,Simon Nemec,Injured Reserve 4,ir4,Injured Reserve,ir,17.0,ir,False,2025-12-27,,8483495.0
new-york-islanders,new-york-rangers,Semyon Varlamov,Injured Reserve 1,ir1,Injured Reserve,ir,40.0,ir,False,2025-12-27,,
new-york-islanders,new-york-rangers,Pierre Engvall,Injured Reserve 2,ir2,Injured Reserve,ir,18.0,ir,False,2025-12-27,,
new-york-islanders,new-york-rangers,Ethan Bear,Injured Reserve 3,ir3,Injured Reserve,ir,,ir,False,2025-12-27,,
new-york-islanders,new-york-rangers,Alexander Romanov,Injured Reserve 4,ir4,Injured Reserve,ir,28.0,ir,False,2025-12-27,,8481014.0
new-york-islanders,new-york-rangers,Kyle Palmieri,Injured Reserve 5,ir5,Injured Reserve,ir,21.0,ir,False,2025-12-27,,8475151.0
new-york-islanders,new-york-rangers,Bo Horvat,Injured Reserve 6,ir6,Injured Reserve,ir,14.0,out,False,2025-12-27,,8477500.0
new-york-islanders,new-york-rangers,Ilya Sorokin,Injured Reserve 7,ir7,Injured Reserve,ir,30.0,dtd,False,2025-12-27,,
new-york-rangers,new-york-islanders,Adam Fox,Injured Reserve 1,ir1,Injured Reserve,ir,23.0,ir,False,2025-12-27,,8479323.0
new-york-rangers,new-york-islanders,Adam Edstrom,Injured Reserve 2,ir2,Injured Reserve,ir,84.0,ir,False,2025-12-27,,8481726.0
new-york-rangers,new-york-islanders,J.T. Miller,Injured Reserve 3,ir3,Injured Reserve,ir,9.0,ir,False,2025-12-27,,8476468.0
ottawa-senators,toronto-maple-leafs,Shane Pinto,Injured Reserve 1,ir1,Injured Reserve,ir,12.0,ir,False,2025-12-27,,8481596.0
ottawa-senators,toronto-maple-leafs,Lars Eller,Injured Reserve 2,ir2,Injured Reserve,ir,89.0,out,False,2025-12-27,,8474189.0
ottawa-senators,toronto-maple-leafs,Tyler Kleven,Injured Reserve 3,ir3,Injured Reserve,ir,43.0,out,False,2025-12-27,,8482095.0
san-jose-sharks,vancouver-canucks,Carey Price,Injured Reserve 1,ir1,Injured Reserve,ir,31.0,ir,False,2025-12-27,,
san-jose-sharks,vancouver-canucks,Ryan Ellis,Injured Reserve 2,ir2,Injured Reserve,ir,94.0,ir,False,2025-12-27,,
san-jose-sharks,vancouver-canucks,Vincent Desharnais,Injured Reserve 3,ir3,Injured Reserve,ir,5.0,ir,False,2025-12-27,,8479576.0
san-jose-sharks,vancouver-canucks,Timothy Liljegren,Injured Reserve 4,ir4,Injured Reserve,ir,37.0,dtd,False,2025-12-27,,8480043.0
san-jose-sharks,vancouver-canucks,Philipp Kurashev,Injured Reserve 5,ir5,Injured Reserve,ir,96.0,ir,False,2025-12-27,,8480798.0
san-jose-sharks,vancouver-canucks,Will Smith,Injured Reserve 6,ir6,Injured Reserve,ir,2.0,ir,False,2025-12-27,,8484227.0
san-jose-sharks,vancouver-canucks,Ty Dellandrea,Injured Reserve 7,ir7,Injured Reserve,ir,10.0,dtd,False,2025-12-27,,8480848.0
st-louis-blues,nashville-predators,Torey Krug,Injured Reserve 1,ir1,Injured Reserve,ir,47.0,ir,False,2025-12-27,,
st-louis-blues,nashville-predators,Alexey Toropchenko,Injured Reserve 2,ir2,Injured Reserve,ir,13.0,out,False,2025-12-27,,8480281.0
st-louis-blues,nashville-predators,Jimmy Snuggerud,Injured Reserve 3,ir3,Injured Reserve,ir,21.0,out,False,2025-12-27,,8483516.0
st-louis-blues,nashville-predators,Jordan Kyrou,Injured Reserve 4,ir4,Injured Reserve,ir,25.0,ir,False,2025-12-27,,8479385.0
st-louis-blues,nashville-predators,Nick Bjugstad,Injured Reserve 5,ir5,Injured Reserve,ir,77.0,ir,False,2025-12-27,,8475760.0
st-louis-blues,nashville-predators,Dylan Holloway,Injured Reserve 6,ir6,Injured Reserve,ir,81.0,out,False,2025-12-27,,8482077.0
tampa-bay-lightning,florida-panthers,Erik Cernak,Injured Reserve 3,ir3,Injured Reserve,ir,81.0,out,False,2025-12-27,,8478416.0
tampa-bay-lightning,florida-panthers,Emil Lilleberg,Injured Reserve 4,ir4,Injured Reserve,ir,,out,False,2025-12-27,,8482929.0
tampa-bay-lightning,florida-panthers,Victor Hedman,Injured Reserve 5,ir5,Injured Reserve,ir,77.0,ir,False,2025-12-27,,8475167.0
tampa-bay-lightning,florida-panthers,Brandon Hagel,Injured Reserve 6,ir6,Injured Reserve,ir,38.0,dtd,False,2025-12-27,,8479542.0
toronto-maple-leafs,ottawa-senators,Anthony Stolarz,Injured Reserve 1,ir1,Injured Reserve,ir,41.0,ir,False,2025-12-27,,
toronto-maple-leafs,ottawa-senators,Brandon Carlo,Injured Reserve 3,ir3,Injured Reserve,ir,25.0,ir,False,2025-12-27,,8478443.0
toronto-maple-leafs,ottawa-senators,Dakota Joshua,Injured Reserve 4,ir4,Injured Reserve,ir,81.0,out,False,2025-12-27,,8478057.0
toronto-maple-leafs,ottawa-senators,Dakota Mermis,Injured Reserve 7,ir7,Injured Reserve,ir,36.0,ir,False,2025-12-27,,8477541.0
vancouver-canucks,san-jose-sharks,Filip Chytil,Injured Reserve 1,ir1,Injured Reserve,ir,72.0,ir,False,2025-12-27,,8480078.0
vancouver-canucks,san-jose-sharks,Derek Forbort,Injured Reserve 2,ir2,Injured Reserve,ir,27.0,ir,False,2025-12-27,,8475762.0
vancouver-canucks,san-jose-sharks,Teddy Blueger,Injured Reserve 3,ir3,Injured Reserve,ir,53.0,ir,False,2025-12-27,,8476927.0
vancouver-canucks,san-jose-sharks,Pierre-Olivier Joseph,Injured Reserve 4,ir4,Injured Reserve,ir,7.0,dtd,False,2025-12-27,,
vancouver-canucks,san-jose-sharks,Elias Pettersson,Injured Reserve 5,ir5,Injured Reserve,ir,40.0,dtd,False,2025-12-27,,8483678.0
vegas-golden-knights,colorado-avalanche,Alex Pietrangelo,Injured Reserve 1,ir1,Injured Reserve,ir,7.0,ir,False,2025-12-27,,
vegas-golden-knights,colorado-avalanche,Adin Hill,Injured Reserve 3,ir3,Injured Reserve,ir,33.0,ir,False,2025-12-27,,
vegas-golden-knights,colorado-avalanche,William Karlsson,Injured Reserve 4,ir4,Injured Reserve,ir,71.0,ir,False,2025-12-27,,8476448.0
vegas-golden-knights,colorado-avalanche,Shea Theodore,Injured Reserve 6,ir6,Injured Reserve,ir,27.0,dtd,False,2025-12-27,,8477447.0
vegas-golden-knights,colorado-avalanche,Jack Eichel,Injured Reserve 7,ir7,Injured Reserve,ir,9.0,dtd,False,2025-12-27,,8478403.0
washington-capitals,new-jersey-devils,Pierre-Luc Dubois,Injured Reserve 1,ir1,Injured Reserve,ir,80.0,ir,False,2025-12-27,,8479400.0
washington-capitals,new-jersey-devils,Rasmus Sandin,Injured Reserve 2,ir2,Injured Reserve,ir,38.0,dtd,False,2025-12-27,,8480873.0
washington-capitals,new-jersey-devils,Tom Wilson,Injured Reserve 3,ir3,Injured Reserve,ir,43.0,dtd,False,2025-12-27,,8476880.0
winnipeg-jets,minnesota-wild,Haydn Fleury,Injured Reserve 1,ir1,Injured Reserve,ir,24.0,ir,False,2025-12-27,,8477938.0
chicago-blackhawks,pittsburgh-penguins,Connor Bedard,Injured Reserve 1,ir1,Injured Reserve,ir,98.0,ir,False,2025-12-28,,8484144.0
chicago-blackhawks,pittsburgh-penguins,Nick Foligno,Injured Reserve 2,ir2,Injured Reserve,ir,17.0,ir,False,2025-12-28,,8473422.0
chicago-blackhawks,pittsburgh-penguins,Frank Nazar,Injured Reserve 3,ir3,Injured Reserve,ir,,out,False,2025-12-28,,8483493.0
columbus-blue-jackets,new-york-islanders,Erik Gudbranson,Injured Reserve 1,ir1,Injured Reserve,ir,44.0,ir,False,2025-12-28,,8475790.0
columbus-blue-jackets,new-york-islanders,Mathieu Olivier,Injured Reserve 2,ir2,Injured Reserve,ir,24.0,ir,False,2025-12-28,,8479671.0
columbus-blue-jackets,new-york-islanders,Brendan Gaunce,Injured Reserve 3,ir3,Injured Reserve,ir,16.0,ir,False,2025-12-28,,8476867.0
columbus-blue-jackets,new-york-islanders,Zach Werenski,Injured Reserve 4,ir4,Injured Reserve,ir,8.0,dtd,False,2025-12-28,,8478460.0
detroit-red-wings,toronto-maple-leafs,Patrick Kane,Injured Reserve 1,ir1,Injured Reserve,ir,88.0,dtd,False,2025-12-28,,8474141.0
montreal-canadiens,tampa-bay-lightning,Kaiden Guhle,Injured Reserve 1,ir1,Injured Reserve,ir,21.0,ir,False,2025-12-28,,8482087.0
montreal-canadiens,tampa-bay-lightning,Patrik Laine,Injured Reserve 2,ir2,Injured Reserve,ir,92.0,ir,False,2025-12-28,,8479339.0
montreal-canadiens,tampa-bay-lightning,Alex Newhook,Injured Reserve 3,ir3,Injured Reserve,ir,15.0,ir,False,2025-12-28,,8481618.0
montreal-canadiens,tampa-bay-lightning,David Reinbacher,Injured Reserve 4,ir4,Injured Reserve,ir,64.0,out,False,2025-12-28,,
montreal-canadiens,tampa-bay-lightning,Jake Evans,Injured Reserve 5,ir5,Injured Reserve,ir,71.0,dtd,False,2025-12-28,,8478133.0
montreal-canadiens,tampa-bay-lightning,Sam Montembeault,Injured Reserve 6,ir6,Injured Reserve,ir,35.0,dtd,False,2025-12-28,,
montreal-canadiens,tampa-bay-lightning,Alexandre Texier,Injured Reserve 7,ir7,Injured Reserve,ir,85.0,out,False,2025-12-28,,8480074.0
new-york-islanders,columbus-blue-jackets,Semyon Varlamov,Injured Reserve 1,ir1,Injured Reserve,ir,40.0,ir,False,2025-12-28,,
new-york-islanders,columbus-blue-jackets,Pierre Engvall,Injured Reserve 2,ir2,Injured Reserve,ir,18.0,ir,False,2025-12-28,,
new-york-islanders,columbus-blue-jackets,Ethan Bear,Injured Reserve 3,ir3,Injured Reserve,ir,,ir,False,2025-12-28,,
new-york-islanders,columbus-blue-jackets,Alexander Romanov,Injured Reserve 4,ir4,Injured Reserve,ir,28.0,ir,False,2025-12-28,,8481014.0
new-york-islanders,columbus-blue-jackets,Kyle Palmieri,Injured Reserve 5,ir5,Injured Reserve,ir,21.0,ir,False,2025-12-28,,8475151.0
new-york-islanders,columbus-blue-jackets,Ilya Sorokin,Injured Reserve 6,ir6,Injured Reserve,ir,30.0,ir,False,2025-12-28,,
philadelphia-flyers,seattle-kraken,Tyson Foerster,Injured Reserve 1,ir1,Injured Reserve,ir,71.0,ir,False,2025-12-28,,8482159.0
pittsburgh-penguins,chicago-blackhawks,Filip Hallander,Injured Reserve 2,ir2,Injured Reserve,ir,11.0,ir,False,2025-12-28,,8480842.0
pittsburgh-penguins,chicago-blackhawks,Evgeni Malkin,Injured Reserve 7,ir7,Injured Reserve,ir,71.0,ir,False,2025-12-28,,8471215.0
pittsburgh-penguins,chicago-blackhawks,Blake Lizotte,Injured Reserve 8,ir8,Injured Reserve,ir,46.0,ir,False,2025-12-28,,8481481.0
seattle-kraken,philadelphia-flyers,Jaden Schwartz,Injured Reserve 1,ir1,Injured Reserve,ir,17.0,ir,False,2025-12-28,,8475768.0
seattle-kraken,philadelphia-flyers,Matt Murray,Injured Reserve 2,ir2,Injured Reserve,ir,30.0,ir,False,2025-12-28,,
seattle-kraken,philadelphia-flyers,Jared McCann,Injured Reserve 4,ir4,Injured Reserve,ir,19.0,out,False,2025-12-28,,8477955.0
seattle-kraken,philadelphia-flyers,Brandon Montour,Injured Reserve 5,ir5,Injured Reserve,ir,62.0,dtd,False,2025-12-28,,8477986.0
seattle-kraken,philadelphia-flyers,Vince Dunn,Injured Reserve 6,ir6,Injured Reserve,ir,29.0,dtd,False,2025-12-28,,8478407.0
tampa-bay-lightning,montreal-canadiens,Erik Cernak,Injured Reserve 3,ir3,Injured Reserve,ir,81.0,out,False,2025-12-28,,8478416.0
tampa-bay-lightning,montreal-canadiens,Emil Lilleberg,Injured Reserve 4,ir4,Injured Reserve,ir,,out,False,2025-12-28,,8482929.0
tampa-bay-lightning,montreal-canadiens,Victor Hedman,Injured Reserve 5,ir5,Injured Reserve,ir,77.0,ir,False,2025-12-28,,8475167.0
tampa-bay-lightning,montreal-canadiens,Brandon Hagel,Injured Reserve 6,ir6,Injured Reserve,ir,38.0,dtd,False,2025-12-28,,8479542.0
tampa-bay-lightning,montreal-canadiens,Ryan McDonagh,Injured Reserve 7,ir7,Injured Reserve,ir,27.0,dtd,False,2025-12-28,,8474151.0
toronto-maple-leafs,detroit-red-wings,Anthony Stolarz,Injured Reserve 1,ir1,Injured Reserve,ir,41.0,ir,False,2025-12-28,,
toronto-maple-leafs,detroit-red-wings,Brandon Carlo,Injured Reserve 3,ir3,Injured Reserve,ir,25.0,ir,False,2025-12-28,,8478443.0
toronto-maple-leafs,detroit-red-wings,Dakota Joshua,Injured Reserve 4,ir4,Injured Reserve,ir,81.0,out,False,2025-12-28,,8478057.0
toronto-maple-leafs,detroit-red-wings,Dakota Mermis,Injured Reserve 7,ir7,Injured Reserve,ir,36.0,ir,False,2025-12-28,,8477541.0
anaheim-ducks,san-jose-sharks,Frank Vatrano,Injured Reserve 1,ir1,Injured Reserve,ir,77.0,dtd,False,2025-12-29,,8478366.0
boston-bruins,calgary-flames,Jordan Harris,Injured Reserve 1,ir1,Injured Reserve,ir,43.0,ir,False,2025-12-29,,8480887.0
boston-bruins,calgary-flames,Matej Blumel,Injured Reserve 2,ir2,Injured Reserve,ir,13.0,ir,False,2025-12-29,,
boston-bruins,calgary-flames,Jonathan Aspirot,Injured Reserve 3,ir3,Injured Reserve,ir,45.0,ir,False,2025-12-29,,8481219.0
boston-bruins,calgary-flames,Michael Callahan,Injured Reserve 4,ir4,Injured Reserve,ir,79.0,ir,False,2025-12-29,,8480828.0
boston-bruins,calgary-flames,Henri Jokiharju,Injured Reserve 5,ir5,Injured Reserve,ir,20.0,ir,False,2025-12-29,,8480035.0
boston-bruins,calgary-flames,Tanner Jeannot,Injured Reserve 6,ir6,Injured Reserve,ir,84.0,dtd,False,2025-12-29,,8479661.0
buffalo-sabres,st-louis-blues,Jason Zucker,Injured Reserve 1,ir1,Injured Reserve,ir,17.0,ir,False,2025-12-29,,8475722.0
buffalo-sabres,st-louis-blues,Jiri Kulich,Injured Reserve 2,ir2,Injured Reserve,ir,20.0,ir,False,2025-12-29,,8483468.0
buffalo-sabres,st-louis-blues,Justin Danforth,Injured Reserve 3,ir3,Injured Reserve,ir,15.0,ir,False,2025-12-29,,8479941.0
buffalo-sabres,st-louis-blues,Colten Ellis,Injured Reserve 4,ir4,Injured Reserve,ir,92.0,ir,False,2025-12-29,,
buffalo-sabres,st-louis-blues,Conor Timmins,Injured Reserve 5,ir5,Injured Reserve,ir,21.0,ir,False,2025-12-29,,8479982.0
buffalo-sabres,st-louis-blues,Tyson Kozak,Injured Reserve 6,ir6,Injured Reserve,ir,48.0,dtd,False,2025-12-29,,8482896.0
buffalo-sabres,st-louis-blues,Rasmus Dahlin,Injured Reserve 7,ir7,Injured Reserve,ir,26.0,dtd,False,2025-12-29,,8480839.0
calgary-flames,boston-bruins,Martin Pospisil,Injured Reserve 1,ir1,Injured Reserve,ir,76.0,ir,False,2025-12-29,,
calgary-flames,boston-bruins,Jake Bean,Injured Reserve 2,ir2,Injured Reserve,ir,24.0,ir,False,2025-12-29,,8479402.0
calgary-flames,boston-bruins,Samuel Honzek,Injured Reserve 3,ir3,Injured Reserve,ir,29.0,ir,False,2025-12-29,,8484180.0
carolina-hurricanes,new-york-rangers,Charles-Alexis Legault,Injured Reserve 1,ir1,Injured Reserve,ir,62.0,ir,False,2025-12-29,,
carolina-hurricanes,new-york-rangers,Seth Jarvis,Injured Reserve 2,ir2,Injured Reserve,ir,24.0,ir,False,2025-12-29,,8482093.0
carolina-hurricanes,new-york-rangers,Jaccob Slavin,Injured Reserve 3,ir3,Injured Reserve,ir,74.0,out,False,2025-12-29,,8476958.0
carolina-hurricanes,new-york-rangers,K'Andre Miller,Injured Reserve 4,ir4,Injured Reserve,ir,79.0,dtd,False,2025-12-29,,8480817.0
colorado-avalanche,los-angeles-kings,Logan O'Connor,Injured Reserve 1,ir1,Injured Reserve,ir,25.0,out,False,2025-12-29,,
columbus-blue-jackets,ottawa-senators,Erik Gudbranson,Injured Reserve 1,ir1,Injured Reserve,ir,44.0,ir,False,2025-12-29,,8475790.0
columbus-blue-jackets,ottawa-senators,Isac Lundestrom,Injured Reserve 3,ir3,Injured Reserve,ir,21.0,dtd,False,2025-12-29,,
columbus-blue-jackets,ottawa-senators,Zach Werenski,Injured Reserve 4,ir4,Injured Reserve,ir,8.0,ir,False,2025-12-29,,8478460.0
edmonton-oilers,winnipeg-jets,Jake Walman,Injured Reserve 1,ir1,Injured Reserve,ir,96.0,ir,False,2025-12-29,,8478013.0
edmonton-oilers,winnipeg-jets,Kasperi Kapanen,Injured Reserve 2,ir2,Injured Reserve,ir,42.0,ir,False,2025-12-29,,8477953.0
edmonton-oilers,winnipeg-jets,Connor Clattenburg,Injured Reserve 3,ir3,Injured Reserve,ir,64.0,ir,False,2025-12-29,,8484529.0
edmonton-oilers,winnipeg-jets,Noah Philp,Injured Reserve 4,ir4,Injured Reserve,ir,48.0,ir,False,2025-12-29,,8481491.0
edmonton-oilers,winnipeg-jets,Tristan Jarry,Injured Reserve 5,ir5,Injured Reserve,ir,35.0,ir,False,2025-12-29,,
florida-panthers,washington-capitals,Matthew Tkachuk,Injured Reserve 1,ir1,Injured Reserve,ir,19.0,ir,False,2025-12-29,,
florida-panthers,washington-capitals,Aleksander Barkov,Injured Reserve 2,ir2,Injured Reserve,ir,16.0,ir,False,2025-12-29,,
florida-panthers,washington-capitals,Dmitry Kulikov,Injured Reserve 3,ir3,Injured Reserve,ir,7.0,ir,False,2025-12-29,,8475179.0
florida-panthers,washington-capitals,Jonah Gadjovich,Injured Reserve 4,ir4,Injured Reserve,ir,12.0,ir,False,2025-12-29,,8479981.0
florida-panthers,washington-capitals,Tomas Nosek,Injured Reserve 5,ir5,Injured Reserve,ir,92.0,out,False,2025-12-29,,
florida-panthers,washington-capitals,Cole Schwindt,Injured Reserve 6,ir6,Injured Reserve,ir,79.0,out,False,2025-12-29,,8481655.0
florida-panthers,washington-capitals,Mackie Samoskevich,Injured Reserve 7,ir7,Injured Reserve,ir,11.0,dtd,False,2025-12-29,,8482713.0
los-angeles-kings,colorado-avalanche,Darcy Kuemper,Injured Reserve 1,ir1,Injured Reserve,ir,35.0,ir,False,2025-12-29,,
minnesota-wild,vegas-golden-knights,Daemon Hunt,Injured Reserve 1,ir1,Injured Reserve,ir,48.0,ir,False,2025-12-29,,8482094.0
nashville-predators,utah-hockey-club,Cole Smith,Injured Reserve 1,ir1,Injured Reserve,ir,36.0,ir,False,2025-12-29,,8482062.0
nashville-predators,utah-hockey-club,Zachary L'Heureux,Injured Reserve 2,ir2,Injured Reserve,ir,68.0,out,False,2025-12-29,,
nashville-predators,utah-hockey-club,Jonathan Marchessault,Injured Reserve 3,ir3,Injured Reserve,ir,81.0,dtd,False,2025-12-29,,8476539.0
nashville-predators,utah-hockey-club,Ozzy Wiesblatt,Injured Reserve 4,ir4,Injured Reserve,ir,89.0,ir,False,2025-12-29,,8482103.0
nashville-predators,utah-hockey-club,Justin Barron,Injured Reserve 5,ir5,Injured Reserve,ir,20.0,ir,False,2025-12-29,,8482111.0
new-york-rangers,carolina-hurricanes,Adam Fox,Injured Reserve 1,ir1,Injured Reserve,ir,23.0,ir,False,2025-12-29,,8479323.0
new-york-rangers,carolina-hurricanes,Adam Edstrom,Injured Reserve 2,ir2,Injured Reserve,ir,84.0,ir,False,2025-12-29,,8481726.0
new-york-rangers,carolina-hurricanes,J.T. Miller,Injured Reserve 3,ir3,Injured Reserve,ir,9.0,ir,False,2025-12-29,,8476468.0
new-york-rangers,carolina-hurricanes,Sam Carrick,Injured Reserve 4,ir4,Injured Reserve,ir,39.0,dtd,False,2025-12-29,,8475842.0
ottawa-senators,columbus-blue-jackets,Shane Pinto,Injured Reserve 1,ir1,Injured Reserve,ir,12.0,ir,False,2025-12-29,,8481596.0
ottawa-senators,columbus-blue-jackets,Lars Eller,Injured Reserve 2,ir2,Injured Reserve,ir,89.0,ir,False,2025-12-29,,8474189.0
ottawa-senators,columbus-blue-jackets,Tyler Kleven,Injured Reserve 3,ir3,Injured Reserve,ir,43.0,out,False,2025-12-29,,8482095.0
ottawa-senators,columbus-blue-jackets,Linus Ullmark,Injured Reserve 4,ir4,Injured Reserve,ir,35.0,out,False,2025-12-29,,
san-jose-sharks,anaheim-ducks,Carey Price,Injured Reserve 1,ir1,Injured Reserve,ir,31.0,ir,False,2025-12-29,,
san-jose-sharks,anaheim-ducks,Ryan Ellis,Injured Reserve 2,ir2,Injured Reserve,ir,94.0,ir,False,2025-12-29,,
san-jose-sharks,anaheim-ducks,Vincent Desharnais,Injured Reserve 3,ir3,Injured Reserve,ir,5.0,ir,False,2025-12-29,,8479576.0
san-jose-sharks,anaheim-ducks,Timothy Liljegren,Injured Reserve 4,ir4,Injured Reserve,ir,37.0,dtd,False,2025-12-29,,8480043.0
san-jose-sharks,anaheim-ducks,Philipp Kurashev,Injured Reserve 5,ir5,Injured Reserve,ir,96.0,ir,False,2025-12-29,,8480798.0
san-jose-sharks,anaheim-ducks,Will Smith,Injured Reserve 6,ir6,Injured Reserve,ir,2.0,ir,False,2025-12-29,,8484227.0
san-jose-sharks,anaheim-ducks,Ty Dellandrea,Injured Reserve 7,ir7,Injured Reserve,ir,10.0,dtd,False,2025-12-29,,8480848.0
seattle-kraken,vancouver-canucks,Jaden Schwartz,Injured Reserve 1,ir1,Injured Reserve,ir,17.0,ir,False,2025-12-29,,8475768.0
seattle-kraken,vancouver-canucks,Matt Murray,Injured Reserve 2,ir2,Injured Reserve,ir,30.0,ir,False,2025-12-29,,
seattle-kraken,vancouver-canucks,Brandon Montour,Injured Reserve 5,ir5,Injured Reserve,ir,62.0,dtd,False,2025-12-29,,8477986.0
st-louis-blues,buffalo-sabres,Torey Krug,Injured Reserve 1,ir1,Injured Reserve,ir,47.0,ir,False,2025-12-29,,
st-louis-blues,buffalo-sabres,Pius Suter,Injured Reserve 2,ir2,Injured Reserve,ir,24.0,dtd,False,2025-12-29,,8480459.0
st-louis-blues,buffalo-sabres,Nick Bjugstad,Injured Reserve 5,ir5,Injured Reserve,ir,77.0,ir,False,2025-12-29,,8475760.0
st-louis-blues,buffalo-sabres,Dylan Holloway,Injured Reserve 6,ir6,Injured Reserve,ir,81.0,out,False,2025-12-29,,8482077.0
utah-hockey-club,nashville-predators,Karel Vejmelka,Injured Reserve 1,ir1,Injured Reserve,ir,70.0,dtd,False,2025-12-29,,
utah-hockey-club,nashville-predators,Juuso Valimaki,Injured Reserve 2,ir2,Injured Reserve,ir,4.0,ir,False,2025-12-29,,
utah-hockey-club,nashville-predators,Logan Cooley,Injured Reserve 3,ir3,Injured Reserve,ir,92.0,out,False,2025-12-29,,8483431.0
vancouver-canucks,seattle-kraken,Filip Chytil,Injured Reserve 1,ir1,Injured Reserve,ir,72.0,ir,False,2025-12-29,,8480078.0
vancouver-canucks,seattle-kraken,Derek Forbort,Injured Reserve 2,ir2,Injured Reserve,ir,27.0,ir,False,2025-12-29,,8475762.0
vancouver-canucks,seattle-kraken,Teddy Blueger,Injured Reserve 3,ir3,Injured Reserve,ir,53.0,ir,False,2025-12-29,,8476927.0
vancouver-canucks,seattle-kraken,Pierre-Olivier Joseph,Injured Reserve 4,ir4,Injured Reserve,ir,7.0,dtd,False,2025-12-29,,
vegas-golden-knights,minnesota-wild,Alex Pietrangelo,Injured Reserve 1,ir1,Injured Reserve,ir,7.0,ir,False,2025-12-29,,
vegas-golden-knights,minnesota-wild,Adin Hill,Injured Reserve 3,ir3,Injured Reserve,ir,33.0,ir,False,2025-12-29,,
vegas-golden-knights,minnesota-wild,William Karlsson,Injured Reserve 4,ir4,Injured Reserve,ir,71.0,ir,False,2025-12-29,,8476448.0
vegas-golden-knights,minnesota-wild,Shea Theodore,Injured Reserve 6,ir6,Injured Reserve,ir,27.0,dtd,False,2025-12-29,,8477447.0
vegas-golden-knights,minnesota-wild,Jack Eichel,Injured Reserve 7,ir7,Injured Reserve,ir,9.0,dtd,False,2025-12-29,,8478403.0
washington-capitals,florida-panthers,Pierre-Luc Dubois,Injured Reserve 1,ir1,Injured Reserve,ir,80.0,ir,False,2025-12-29,,8479400.0
winnipeg-jets,edmonton-oilers,Haydn Fleury,Injured Reserve 1,ir1,Injured Reserve,ir,24.0,ir,False,2025-12-29,,8477938.0
winnipeg-jets,edmonton-oilers,Josh Morrissey,Injured Reserve 2,ir2,Injured Reserve,ir,44.0,dtd,False,2025-12-29,,8477504.0
carolina-hurricanes,pittsburgh-penguins,Charles-Alexis Legault,Injured Reserve 1,ir1,Injured Reserve,ir,62.0,ir,False,2025-12-30,,
carolina-hurricanes,pittsburgh-penguins,Seth Jarvis,Injured Reserve 2,ir2,Injured Reserve,ir,24.0,ir,False,2025-12-30,,8482093.0
carolina-hurricanes,pittsburgh-penguins,Jaccob Slavin,Injured Reserve 3,ir3,Injured Reserve,ir,74.0,out,False,2025-12-30,,8476958.0
carolina-hurricanes,pittsburgh-penguins,Pyotr Kochetkov,Injured Reserve 5,ir5,Injured Reserve,ir,52.0,ir,False,2025-12-30,,
carolina-hurricanes,pittsburgh-penguins,Shayne Gostisbehere,Injured Reserve 6,ir6,Injured Reserve,ir,4.0,out,False,2025-12-30,,8476906.0
chicago-blackhawks,new-york-islanders,Connor Bedard,Injured Reserve 1,ir1,Injured Reserve,ir,98.0,ir,False,2025-12-30,,8484144.0
chicago-blackhawks,new-york-islanders,Frank Nazar,Injured Reserve 3,ir3,Injured Reserve,ir,,out,False,2025-12-30,,8483493.0
florida-panthers,montreal-canadiens,Matthew Tkachuk,Injured Reserve 1,ir1,Injured Reserve,ir,19.0,ir,False,2025-12-30,,
florida-panthers,montreal-canadiens,Aleksander Barkov,Injured Reserve 2,ir2,Injured Reserve,ir,16.0,ir,False,2025-12-30,,
florida-panthers,montreal-canadiens,Dmitry Kulikov,Injured Reserve 3,ir3,Injured Reserve,ir,7.0,ir,False,2025-12-30,,8475179.0
florida-panthers,montreal-canadiens,Jonah Gadjovich,Injured Reserve 4,ir4,Injured Reserve,ir,12.0,ir,False,2025-12-30,,8479981.0
florida-panthers,montreal-canadiens,Tomas Nosek,Injured Reserve 5,ir5,Injured Reserve,ir,92.0,out,False,2025-12-30,,
florida-panthers,montreal-canadiens,Cole Schwindt,Injured Reserve 6,ir6,Injured Reserve,ir,79.0,out,False,2025-12-30,,8481655.0
florida-panthers,montreal-canadiens,Mackie Samoskevich,Injured Reserve 7,ir7,Injured Reserve,ir,11.0,dtd,False,2025-12-30,,8482713.0
montreal-canadiens,florida-panthers,Kaiden Guhle,Injured Reserve 1,ir1,Injured Reserve,ir,21.0,ir,False,2025-12-30,,8482087.0
montreal-canadiens,florida-panthers,Patrik Laine,Injured Reserve 2,ir2,Injured Reserve,ir,92.0,ir,False,2025-12-30,,8479339.0
montreal-canadiens,florida-panthers,Alex Newhook,Injured Reserve 3,ir3,Injured Reserve,ir,15.0,ir,False,2025-12-30,,8481618.0
montreal-canadiens,florida-panthers,David Reinbacher,Injured Reserve 4,ir4,Injured Reserve,ir,64.0,out,False,2025-12-30,,
montreal-canadiens,florida-panthers,Jake Evans,Injured Reserve 5,ir5,Injured Reserve,ir,71.0,dtd,False,2025-12-30,,8478133.0
new-jersey-devils,toronto-maple-leafs,Zack MacEwen,Injured Reserve 1,ir1,Injured Reserve,ir,,ir,False,2025-12-30,,8479772.0
new-jersey-devils,toronto-maple-leafs,Johnathan Kovacevic,Injured Reserve 2,ir2,Injured Reserve,ir,8.0,ir,False,2025-12-30,,
new-jersey-devils,toronto-maple-leafs,Evgenii Dadonov,Injured Reserve 3,ir3,Injured Reserve,ir,33.0,ir,False,2025-12-30,,8474149.0
new-jersey-devils,toronto-maple-leafs,Simon Nemec,Injured Reserve 4,ir4,Injured Reserve,ir,17.0,ir,False,2025-12-30,,8483495.0
new-york-islanders,chicago-blackhawks,Semyon Varlamov,Injured Reserve 1,ir1,Injured Reserve,ir,40.0,ir,False,2025-12-30,,
new-york-islanders,chicago-blackhawks,Pierre Engvall,Injured Reserve 2,ir2,Injured Reserve,ir,18.0,ir,False,2025-12-30,,
new-york-islanders,chicago-blackhawks,Ethan Bear,Injured Reserve 3,ir3,Injured Reserve,ir,,ir,False,2025-12-30,,
new-york-islanders,chicago-blackhawks,Alexander Romanov,Injured Reserve 4,ir4,Injured Reserve,ir,28.0,ir,False,2025-12-30,,8481014.0
new-york-islanders,chicago-blackhawks,Kyle Palmieri,Injured Reserve 5,ir5,Injured Reserve,ir,21.0,ir,False,2025-12-30,,8475151.0
new-york-islanders,chicago-blackhawks,Ilya Sorokin,Injured Reserve 6,ir6,Injured Reserve,ir,30.0,ir,False,2025-12-30,,
philadelphia-flyers,vancouver-canucks,Tyson Foerster,Injured Reserve 1,ir1,Injured Reserve,ir,71.0,ir,False,2025-12-30,,8482159.0
pittsburgh-penguins,carolina-hurricanes,Filip Hallander,Injured Reserve 2,ir2,Injured Reserve,ir,11.0,ir,False,2025-12-30,,8480842.0
pittsburgh-penguins,carolina-hurricanes,Evgeni Malkin,Injured Reserve 7,ir7,Injured Reserve,ir,71.0,ir,False,2025-12-30,,8471215.0
toronto-maple-leafs,new-jersey-devils,Anthony Stolarz,Injured Reserve 1,ir1,Injured Reserve,ir,41.0,ir,False,2025-12-30,,
toronto-maple-leafs,new-jersey-devils,William Nylander,Injured Reserve 2,ir2,Injured Reserve,ir,88.0,dtd,False,2025-12-30,,8477939.0
toronto-maple-leafs,new-jersey-devils,Brandon Carlo,Injured Reserve 3,ir3,Injured Reserve,ir,25.0,ir,False,2025-12-30,,8478443.0
toronto-maple-leafs,new-jersey-devils,Dakota Mermis,Injured Reserve 7,ir7,Injured Reserve,ir,36.0,ir,False,2025-12-30,,8477541.0
vancouver-canucks,philadelphia-flyers,Filip Chytil,Injured Reserve 1,ir1,Injured Reserve,ir,72.0,ir,False,2025-12-30,,8480078.0
vancouver-canucks,philadelphia-flyers,Derek Forbort,Injured Reserve 2,ir2,Injured Reserve,ir,27.0,ir,False,2025-12-30,,8475762.0
vancouver-canucks,philadelphia-flyers,Teddy Blueger,Injured Reserve 3,ir3,Injured Reserve,ir,53.0,ir,False,2025-12-30,,8476927.0
vancouver-canucks,philadelphia-flyers,Pierre-Olivier Joseph,Injured Reserve 4,ir4,Injured Reserve,ir,7.0,dtd,False,2025-12-30,,
anaheim-ducks,tampa-bay-lightning,Frank Vatrano,Injured Reserve 1,ir1,Injured Reserve,ir,77.0,dtd,False,2025-12-31,,8478366.0
anaheim-ducks,tampa-bay-lightning,Radko Gudas,Injured Reserve 2,ir2,Injured Reserve,ir,7.0,dtd,False,2025-12-31,,8475462.0
boston-bruins,edmonton-oilers,Jordan Harris,Injured Reserve 1,ir1,Injured Reserve,ir,43.0,ir,False,2025-12-31,,8480887.0
boston-bruins,edmonton-oilers,Matej Blumel,Injured Reserve 2,ir2,Injured Reserve,ir,13.0,ir,False,2025-12-31,,
boston-bruins,edmonton-oilers,Michael Callahan,Injured Reserve 4,ir4,Injured Reserve,ir,79.0,ir,False,2025-12-31,,8480828.0
boston-bruins,edmonton-oilers,Henri Jokiharju,Injured Reserve 5,ir5,Injured Reserve,ir,20.0,ir,False,2025-12-31,,8480035.0
boston-bruins,edmonton-oilers,Tanner Jeannot,Injured Reserve 6,ir6,Injured Reserve,ir,84.0,dtd,False,2025-12-31,,8479661.0
buffalo-sabres,dallas-stars,Jason Zucker,Injured Reserve 1,ir1,Injured Reserve,ir,17.0,ir,False,2025-12-31,,8475722.0
buffalo-sabres,dallas-stars,Jiri Kulich,Injured Reserve 2,ir2,Injured Reserve,ir,20.0,ir,False,2025-12-31,,8483468.0
buffalo-sabres,dallas-stars,Justin Danforth,Injured Reserve 3,ir3,Injured Reserve,ir,15.0,ir,False,2025-12-31,,8479941.0
buffalo-sabres,dallas-stars,Colten Ellis,Injured Reserve 4,ir4,Injured Reserve,ir,92.0,ir,False,2025-12-31,,
buffalo-sabres,dallas-stars,Conor Timmins,Injured Reserve 5,ir5,Injured Reserve,ir,21.0,ir,False,2025-12-31,,8479982.0
buffalo-sabres,dallas-stars,Tyson Kozak,Injured Reserve 6,ir6,Injured Reserve,ir,48.0,dtd,False,2025-12-31,,8482896.0
calgary-flames,philadelphia-flyers,Martin Pospisil,Injured Reserve 1,ir1,Injured Reserve,ir,76.0,ir,False,2025-12-31,,
calgary-flames,philadelphia-flyers,Jake Bean,Injured Reserve 2,ir2,Injured Reserve,ir,24.0,ir,False,2025-12-31,,8479402.0
calgary-flames,philadelphia-flyers,Samuel Honzek,Injured Reserve 3,ir3,Injured Reserve,ir,29.0,ir,False,2025-12-31,,8484180.0
colorado-avalanche,st-louis-blues,Logan O'Connor,Injured Reserve 1,ir1,Injured Reserve,ir,25.0,out,False,2025-12-31,,
columbus-blue-jackets,new-jersey-devils,Erik Gudbranson,Injured Reserve 1,ir1,Injured Reserve,ir,44.0,ir,False,2025-12-31,,8475790.0
columbus-blue-jackets,new-jersey-devils,Isac Lundestrom,Injured Reserve 3,ir3,Injured Reserve,ir,21.0,dtd,False,2025-12-31,,
columbus-blue-jackets,new-jersey-devils,Zach Werenski,Injured Reserve 4,ir4,Injured Reserve,ir,8.0,ir,False,2025-12-31,,8478460.0
columbus-blue-jackets,new-jersey-devils,Sean Monahan,Injured Reserve 5,ir5,Injured Reserve,ir,23.0,out,False,2025-12-31,,8477497.0
dallas-stars,buffalo-sabres,Tyler Seguin,Injured Reserve 1,ir1,Injured Reserve,ir,91.0,ir,False,2025-12-31,,8475794.0
dallas-stars,buffalo-sabres,Lian Bichsel,Injured Reserve 2,ir2,Injured Reserve,ir,6.0,ir,False,2025-12-31,,8483425.0
dallas-stars,buffalo-sabres,Ilya Lyubushkin,Injured Reserve 3,ir3,Injured Reserve,ir,46.0,dtd,False,2025-12-31,,8480950.0
edmonton-oilers,boston-bruins,Jake Walman,Injured Reserve 1,ir1,Injured Reserve,ir,96.0,ir,False,2025-12-31,,8478013.0
edmonton-oilers,boston-bruins,Kasperi Kapanen,Injured Reserve 2,ir2,Injured Reserve,ir,42.0,ir,False,2025-12-31,,8477953.0
edmonton-oilers,boston-bruins,Tristan Jarry,Injured Reserve 5,ir5,Injured Reserve,ir,35.0,ir,False,2025-12-31,,
minnesota-wild,san-jose-sharks,Daemon Hunt,Injured Reserve 1,ir1,Injured Reserve,ir,48.0,ir,False,2025-12-31,,8482094.0
nashville-predators,vegas-golden-knights,Cole Smith,Injured Reserve 1,ir1,Injured Reserve,ir,36.0,ir,False,2025-12-31,,8482062.0
nashville-predators,vegas-golden-knights,Zachary L'Heureux,Injured Reserve 2,ir2,Injured Reserve,ir,68.0,out,False,2025-12-31,,
nashville-predators,vegas-golden-knights,Jonathan Marchessault,Injured Reserve 3,ir3,Injured Reserve,ir,81.0,dtd,False,2025-12-31,,8476539.0
nashville-predators,vegas-golden-knights,Ozzy Wiesblatt,Injured Reserve 4,ir4,Injured Reserve,ir,89.0,ir,False,2025-12-31,,8482103.0
nashville-predators,vegas-golden-knights,Justin Barron,Injured Reserve 5,ir5,Injured Reserve,ir,20.0,ir,False,2025-12-31,,8482111.0
new-jersey-devils,columbus-blue-jackets,Zack MacEwen,Injured Reserve 1,ir1,Injured Reserve,ir,,ir,False,2025-12-31,,8479772.0
new-jersey-devils,columbus-blue-jackets,Johnathan Kovacevic,Injured Reserve 2,ir2,Injured Reserve,ir,8.0,ir,False,2025-12-31,,
new-jersey-devils,columbus-blue-jackets,Evgenii Dadonov,Injured Reserve 3,ir3,Injured Reserve,ir,33.0,ir,False,2025-12-31,,8474149.0
new-jersey-devils,columbus-blue-jackets,Simon Nemec,Injured Reserve 4,ir4,Injured Reserve,ir,17.0,ir,False,2025-12-31,,8483495.0
new-york-rangers,washington-capitals,Adam Fox,Injured Reserve 1,ir1,Injured Reserve,ir,23.0,ir,False,2025-12-31,,8479323.0
new-york-rangers,washington-capitals,Adam Edstrom,Injured Reserve 2,ir2,Injured Reserve,ir,84.0,ir,False,2025-12-31,,8481726.0
new-york-rangers,washington-capitals,J.T. Miller,Injured Reserve 3,ir3,Injured Reserve,ir,9.0,ir,False,2025-12-31,,8476468.0
philadelphia-flyers,calgary-flames,Tyson Foerster,Injured Reserve 1,ir1,Injured Reserve,ir,71.0,ir,False,2025-12-31,,8482159.0
san-jose-sharks,minnesota-wild,Carey Price,Injured Reserve 1,ir1,Injured Reserve,ir,31.0,ir,False,2025-12-31,,
san-jose-sharks,minnesota-wild,Ryan Ellis,Injured Reserve 2,ir2,Injured Reserve,ir,94.0,ir,False,2025-12-31,,
san-jose-sharks,minnesota-wild,Vincent Desharnais,Injured Reserve 3,ir3,Injured Reserve,ir,5.0,ir,False,2025-12-31,,8479576.0
san-jose-sharks,minnesota-wild,Timothy Liljegren,Injured Reserve 4,ir4,Injured Reserve,ir,37.0,dtd,False,2025-12-31,,8480043.0
san-jose-sharks,minnesota-wild,Philipp Kurashev,Injured Reserve 5,ir5,Injured Reserve,ir,96.0,ir,False,2025-12-31,,8480798.0
san-jose-sharks,minnesota-wild,Will Smith,Injured Reserve 6,ir6,Injured Reserve,ir,2.0,ir,False,2025-12-31,,8484227.0
san-jose-sharks,minnesota-wild,Ty Dellandrea,Injured Reserve 7,ir7,Injured Reserve,ir,10.0,dtd,False,2025-12-31,,8480848.0
st-louis-blues,colorado-avalanche,Torey Krug,Injured Reserve 1,ir1,Injured Reserve,ir,47.0,ir,False,2025-12-31,,
st-louis-blues,colorado-avalanche,Pius Suter,Injured Reserve 2,ir2,Injured Reserve,ir,24.0,dtd,False,2025-12-31,,8480459.0
st-louis-blues,colorado-avalanche,Nick Bjugstad,Injured Reserve 5,ir5,Injured Reserve,ir,77.0,ir,False,2025-12-31,,8475760.0
st-louis-blues,colorado-avalanche,Dylan Holloway,Injured Reserve 6,ir6,Injured Reserve,ir,81.0,out,False,2025-12-31,,8482077.0
tampa-bay-lightning,anaheim-ducks,Erik Cernak,Injured Reserve 3,ir3,Injured Reserve,ir,81.0,out,False,2025-12-31,,8478416.0
tampa-bay-lightning,anaheim-ducks,Emil Lilleberg,Injured Reserve 4,ir4,Injured Reserve,ir,,out,False,2025-12-31,,8482929.0
tampa-bay-lightning,anaheim-ducks,Victor Hedman,Injured Reserve 5,ir5,Injured Reserve,ir,77.0,ir,False,2025-12-31,,8475167.0
tampa-bay-lightning,anaheim-ducks,Scott Sabourin,Injured Reserve 6,ir6,Injured Reserve,ir,,dtd,False,2025-12-31,,8477149.0
tampa-bay-lightning,anaheim-ducks,Ryan McDonagh,Injured Reserve 7,ir7,Injured Reserve,ir,27.0,ir,False,2025-12-31,,8474151.0
vegas-golden-knights,nashville-predators,Alex Pietrangelo,Injured Reserve 1,ir1,Injured Reserve,ir,7.0,ir,False,2025-12-31,,
vegas-golden-knights,nashville-predators,Adin Hill,Injured Reserve 3,ir3,Injured Reserve,ir,33.0,ir,False,2025-12-31,,
vegas-golden-knights,nashville-predators,William Karlsson,Injured Reserve 4,ir4,Injured Reserve,ir,71.0,ir,False,2025-12-31,,8476448.0
vegas-golden-knights,nashville-predators,Shea Theodore,Injured Reserve 6,ir6,Injured Reserve,ir,27.0,dtd,False,2025-12-31,,8477447.0
vegas-golden-knights,nashville-predators,Jack Eichel,Injured Reserve 7,ir7,Injured Reserve,ir,9.0,dtd,False,2025-12-31,,8478403.0
washington-capitals,new-york-rangers,Pierre-Luc Dubois,Injured Reserve 1,ir1,Injured Reserve,ir,80.0,ir,False,2025-12-31,,8479400.0
winnipeg-jets,detroit-red-wings,Haydn Fleury,Injured Reserve 1,ir1,Injured Reserve,ir,24.0,ir,False,2025-12-31,,8477938.0
carolina-hurricanes,montreal-canadiens,Charles-Alexis Legault,Injured Reserve 1,ir1,Injured Reserve,ir,62.0,ir,False,2026-01-01,,
carolina-hurricanes,montreal-canadiens,Seth Jarvis,Injured Reserve 2,ir2,Injured Reserve,ir,24.0,ir,False,2026-01-01,,8482093.0
carolina-hurricanes,montreal-canadiens,Jaccob Slavin,Injured Reserve 3,ir3,Injured Reserve,ir,74.0,out,False,2026-01-01,,8476958.0
carolina-hurricanes,montreal-canadiens,Pyotr Kochetkov,Injured Reserve 5,ir5,Injured Reserve,ir,52.0,ir,False,2026-01-01,,
carolina-hurricanes,montreal-canadiens,Shayne Gostisbehere,Injured Reserve 6,ir6,Injured Reserve,ir,4.0,out,False,2026-01-01,,8476906.0
chicago-blackhawks,dallas-stars,Connor Bedard,Injured Reserve 1,ir1,Injured Reserve,ir,98.0,ir,False,2026-01-01,,8484144.0
chicago-blackhawks,dallas-stars,Frank Nazar,Injured Reserve 3,ir3,Injured Reserve,ir,,out,False,2026-01-01,,8483493.0
dallas-stars,chicago-blackhawks,Tyler Seguin,Injured Reserve 1,ir1,Injured Reserve,ir,91.0,ir,False,2026-01-01,,8475794.0
dallas-stars,chicago-blackhawks,Lian Bichsel,Injured Reserve 2,ir2,Injured Reserve,ir,6.0,ir,False,2026-01-01,,8483425.0
montreal-canadiens,carolina-hurricanes,Kaiden Guhle,Injured Reserve 1,ir1,Injured Reserve,ir,21.0,ir,False,2026-01-01,,8482087.0
montreal-canadiens,carolina-hurricanes,Patrik Laine,Injured Reserve 2,ir2,Injured Reserve,ir,92.0,ir,False,2026-01-01,,8479339.0
montreal-canadiens,carolina-hurricanes,Alex Newhook,Injured Reserve 3,ir3,Injured Reserve,ir,15.0,ir,False,2026-01-01,,8481618.0
montreal-canadiens,carolina-hurricanes,David Reinbacher,Injured Reserve 4,ir4,Injured Reserve,ir,64.0,out,False,2026-01-01,,
montreal-canadiens,carolina-hurricanes,Jake Evans,Injured Reserve 5,ir5,Injured Reserve,ir,71.0,dtd,False,2026-01-01,,8478133.0
nashville-predators,seattle-kraken,Cole Smith,Injured Reserve 1,ir1,Injured Reserve,ir,36.0,ir,False,2026-01-01,,8482062.0
nashville-predators,seattle-kraken,Zachary L'Heureux,Injured Reserve 2,ir2,Injured Reserve,ir,68.0,out,False,2026-01-01,,
nashville-predators,seattle-kraken,Jonathan Marchessault,Injured Reserve 3,ir3,Injured Reserve,ir,81.0,dtd,False,2026-01-01,,8476539.0
nashville-predators,seattle-kraken,Ozzy Wiesblatt,Injured Reserve 4,ir4,Injured Reserve,ir,89.0,ir,False,2026-01-01,,8482103.0
nashville-predators,seattle-kraken,Justin Barron,Injured Reserve 5,ir5,Injured Reserve,ir,20.0,ir,False,2026-01-01,,8482111.0
new-york-islanders,utah-hockey-club,Semyon Varlamov,Injured Reserve 1,ir1,Injured Reserve,ir,40.0,ir,False,2026-01-01,,
new-york-islanders,utah-hockey-club,Pierre Engvall,Injured Reserve 2,ir2,Injured Reserve,ir,18.0,ir,False,2026-01-01,,
new-york-islanders,utah-hockey-club,Ethan Bear,Injured Reserve 3,ir3,Injured Reserve,ir,,ir,False,2026-01-01,,
new-york-islanders,utah-hockey-club,Alexander Romanov,Injured Reserve 4,ir4,Injured Reserve,ir,28.0,ir,False,2026-01-01,,8481014.0
new-york-islanders,utah-hockey-club,Kyle Palmieri,Injured Reserve 5,ir5,Injured Reserve,ir,21.0,ir,False,2026-01-01,,8475151.0
new-york-islanders,utah-hockey-club,Ilya Sorokin,Injured Reserve 6,ir6,Injured Reserve,ir,30.0,ir,False,2026-01-01,,
ottawa-senators,washington-capitals,Lars Eller,Injured Reserve 2,ir2,Injured Reserve,ir,89.0,ir,False,2026-01-01,,8474189.0
ottawa-senators,washington-capitals,Linus Ullmark,Injured Reserve 4,ir4,Injured Reserve,ir,35.0,out,False,2026-01-01,,
pittsburgh-penguins,detroit-red-wings,Filip Hallander,Injured Reserve 2,ir2,Injured Reserve,ir,11.0,ir,False,2026-01-01,,8480842.0
pittsburgh-penguins,detroit-red-wings,Evgeni Malkin,Injured Reserve 7,ir7,Injured Reserve,ir,71.0,ir,False,2026-01-01,,8471215.0
seattle-kraken,nashville-predators,Jaden Schwartz,Injured Reserve 1,ir1,Injured Reserve,ir,17.0,ir,False,2026-01-01,,8475768.0
seattle-kraken,nashville-predators,Matt Murray,Injured Reserve 2,ir2,Injured Reserve,ir,30.0,ir,False,2026-01-01,,
seattle-kraken,nashville-predators,Brandon Montour,Injured Reserve 5,ir5,Injured Reserve,ir,62.0,dtd,False,2026-01-01,,8477986.0
tampa-bay-lightning,los-angeles-kings,Emil Lilleberg,Injured Reserve 4,ir4,Injured Reserve,ir,,out,False,2026-01-01,,8482929.0
tampa-bay-lightning,los-angeles-kings,Victor Hedman,Injured Reserve 5,ir5,Injured Reserve,ir,77.0,ir,False,2026-01-01,,8475167.0
tampa-bay-lightning,los-angeles-kings,Scott Sabourin,Injured Reserve 6,ir6,Injured Reserve,ir,,dtd,False,2026-01-01,,8477149.0
tampa-bay-lightning,los-angeles-kings,Ryan McDonagh,Injured Reserve 7,ir7,Injured Reserve,ir,27.0,ir,False,2026-01-01,,8474151.0
toronto-maple-leafs,winnipeg-jets,Anthony Stolarz,Injured Reserve 1,ir1,Injured Reserve,ir,41.0,ir,False,2026-01-01,,
toronto-maple-leafs,winnipeg-jets,Dakota Mermis,Injured Reserve 2,ir2,Injured Reserve,ir,36.0,ir,False,2026-01-01,,8477541.0
toronto-maple-leafs,winnipeg-jets,Brandon Carlo,Injured Reserve 3,ir3,Injured Reserve,ir,25.0,ir,False,2026-01-01,,8478443.0
toronto-maple-leafs,winnipeg-jets,William Nylander,Injured Reserve 4,ir4,Injured Reserve,ir,88.0,dtd,False,2026-01-01,,8477939.0
toronto-maple-leafs,winnipeg-jets,Chris Tanev,Injured Reserve 5,ir5,Injured Reserve,ir,8.0,dtd,False,2026-01-01,,8475690.0
toronto-maple-leafs,winnipeg-jets,Dakota Joshua,Injured Reserve 6,ir6,Injured Reserve,ir,81.0,dtd,False,2026-01-01,,8478057.0
toronto-maple-leafs,winnipeg-jets,Auston Matthews,Injured Reserve 7,ir7,Injured Reserve,ir,34.0,dtd,False,2026-01-01,,8479318.0
utah-hockey-club,new-york-islanders,Karel Vejmelka,Injured Reserve 1,ir1,Injured Reserve,ir,70.0,ir,False,2026-01-01,,
utah-hockey-club,new-york-islanders,Juuso Valimaki,Injured Reserve 2,ir2,Injured Reserve,ir,4.0,ir,False,2026-01-01,,
utah-hockey-club,new-york-islanders,Logan Cooley,Injured Reserve 3,ir3,Injured Reserve,ir,92.0,out,False,2026-01-01,,8483431.0
washington-capitals,ottawa-senators,Pierre-Luc Dubois,Injured Reserve 1,ir1,Injured Reserve,ir,80.0,ir,False,2026-01-01,,8479400.0
winnipeg-jets,toronto-maple-leafs,Haydn Fleury,Injured Reserve 1,ir1,Injured Reserve,ir,24.0,ir,False,2026-01-01,,8477938.0
anaheim-ducks,minnesota-wild,Frank Vatrano,Injured Reserve 1,ir1,Injured Reserve,ir,77.0,dtd,False,2026-01-02,,8478366.0
anaheim-ducks,minnesota-wild,Radko Gudas,Injured Reserve 2,ir2,Injured Reserve,ir,7.0,dtd,False,2026-01-02,,8475462.0
florida-panthers,new-york-rangers,Matthew Tkachuk,Injured Reserve 1,ir1,Injured Reserve,ir,19.0,ir,False,2026-01-02,,
florida-panthers,new-york-rangers,Aleksander Barkov,Injured Reserve 2,ir2,Injured Reserve,ir,16.0,ir,False,2026-01-02,,
florida-panthers,new-york-rangers,Dmitry Kulikov,Injured Reserve 3,ir3,Injured Reserve,ir,7.0,ir,False,2026-01-02,,8475179.0
florida-panthers,new-york-rangers,Jonah Gadjovich,Injured Reserve 4,ir4,Injured Reserve,ir,12.0,ir,False,2026-01-02,,8479981.0
florida-panthers,new-york-rangers,Tomas Nosek,Injured Reserve 5,ir5,Injured Reserve,ir,92.0,out,False,2026-01-02,,
florida-panthers,new-york-rangers,Cole Schwindt,Injured Reserve 6,ir6,Injured Reserve,ir,79.0,out,False,2026-01-02,,8481655.0
minnesota-wild,anaheim-ducks,Daemon Hunt,Injured Reserve 1,ir1,Injured Reserve,ir,48.0,ir,False,2026-01-02,,8482094.0
new-york-rangers,florida-panthers,Noah Laba,Injured Reserve 1,ir1,Injured Reserve,ir,42.0,dtd,False,2026-01-02,,8483690.0
new-york-rangers,florida-panthers,Adam Edstrom,Injured Reserve 2,ir2,Injured Reserve,ir,84.0,ir,False,2026-01-02,,8481726.0
new-york-rangers,florida-panthers,J.T. Miller,Injured Reserve 3,ir3,Injured Reserve,ir,9.0,ir,False,2026-01-02,,8476468.0
new-york-rangers,florida-panthers,Conor Sheary,Injured Reserve 4,ir4,Injured Reserve,ir,,dtd,False,2026-01-02,,8477839.0
seattle-kraken,vancouver-canucks,Jaden Schwartz,Injured Reserve 1,ir1,Injured Reserve,ir,17.0,ir,False,2026-01-02,,8475768.0
seattle-kraken,vancouver-canucks,Matt Murray,Injured Reserve 2,ir2,Injured Reserve,ir,30.0,ir,False,2026-01-02,,
seattle-kraken,vancouver-canucks,Brandon Montour,Injured Reserve 5,ir5,Injured Reserve,ir,62.0,dtd,False,2026-01-02,,8477986.0
st-louis-blues,vegas-golden-knights,Torey Krug,Injured Reserve 1,ir1,Injured Reserve,ir,47.0,ir,False,2026-01-02,,
st-louis-blues,vegas-golden-knights,Pius Suter,Injured Reserve 2,ir2,Injured Reserve,ir,24.0,dtd,False,2026-01-02,,8480459.0
st-louis-blues,vegas-golden-knights,Nick Bjugstad,Injured Reserve 5,ir5,Injured Reserve,ir,77.0,ir,False,2026-01-02,,8475760.0
st-louis-blues,vegas-golden-knights,Dylan Holloway,Injured Reserve 6,ir6,Injured Reserve,ir,81.0,out,False,2026-01-02,,8482077.0
vancouver-canucks,seattle-kraken,Filip Chytil,Injured Reserve 1,ir1,Injured Reserve,ir,72.0,ir,False,2026-01-02,,8480078.0
vancouver-canucks,seattle-kraken,Derek Forbort,Injured Reserve 2,ir2,Injured Reserve,ir,27.0,ir,False,2026-01-02,,8475762.0
vancouver-canucks,seattle-kraken,Teddy Blueger,Injured Reserve 3,ir3,Injured Reserve,ir,53.0,ir,False,2026-01-02,,8476927.0
vegas-golden-knights,st-louis-blues,Alex Pietrangelo,Injured Reserve 1,ir1,Injured Reserve,ir,7.0,ir,False,2026-01-02,,
vegas-golden-knights,st-louis-blues,Adin Hill,Injured Reserve 3,ir3,Injured Reserve,ir,33.0,ir,False,2026-01-02,,
vegas-golden-knights,st-louis-blues,William Karlsson,Injured Reserve 4,ir4,Injured Reserve,ir,71.0,ir,False,2026-01-02,,8476448.0
vegas-golden-knights,st-louis-blues,Shea Theodore,Injured Reserve 6,ir6,Injured Reserve,ir,27.0,dtd,False,2026-01-02,,8477447.0
vegas-golden-knights,st-louis-blues,Jack Eichel,Injured Reserve 7,ir7,Injured Reserve,ir,9.0,dtd,False,2026-01-02,,8478403.0
boston-bruins,vancouver-canucks,Jordan Harris,Injured Reserve 1,ir1,Injured Reserve,ir,43.0,ir,False,2026-01-03,,8480887.0
boston-bruins,vancouver-canucks,Matej Blumel,Injured Reserve 2,ir2,Injured Reserve,ir,13.0,ir,False,2026-01-03,,
boston-bruins,vancouver-canucks,Michael Callahan,Injured Reserve 4,ir4,Injured Reserve,ir,79.0,ir,False,2026-01-03,,8480828.0
boston-bruins,vancouver-canucks,Henri Jokiharju,Injured Reserve 5,ir5,Injured Reserve,ir,20.0,ir,False,2026-01-03,,8480035.0
boston-bruins,vancouver-canucks,Tanner Jeannot,Injured Reserve 6,ir6,Injured Reserve,ir,84.0,dtd,False,2026-01-03,,8479661.0
buffalo-sabres,columbus-blue-jackets,Jason Zucker,Injured Reserve 1,ir1,Injured Reserve,ir,17.0,ir,False,2026-01-03,,8475722.0
buffalo-sabres,columbus-blue-jackets,Jiri Kulich,Injured Reserve 2,ir2,Injured Reserve,ir,20.0,ir,False,2026-01-03,,8483468.0
buffalo-sabres,columbus-blue-jackets,Justin Danforth,Injured Reserve 3,ir3,Injured Reserve,ir,15.0,ir,False,2026-01-03,,8479941.0
buffalo-sabres,columbus-blue-jackets,Colten Ellis,Injured Reserve 4,ir4,Injured Reserve,ir,92.0,ir,False,2026-01-03,,
buffalo-sabres,columbus-blue-jackets,Conor Timmins,Injured Reserve 5,ir5,Injured Reserve,ir,21.0,ir,False,2026-01-03,,8479982.0
buffalo-sabres,columbus-blue-jackets,Tyson Kozak,Injured Reserve 6,ir6,Injured Reserve,ir,48.0,dtd,False,2026-01-03,,8482896.0
buffalo-sabres,columbus-blue-jackets,Alex Lyon,Injured Reserve 7,ir7,Injured Reserve,ir,34.0,dtd,False,2026-01-03,,
calgary-flames,nashville-predators,Martin Pospisil,Injured Reserve 1,ir1,Injured Reserve,ir,76.0,ir,False,2026-01-03,,
calgary-flames,nashville-predators,Jake Bean,Injured Reserve 2,ir2,Injured Reserve,ir,24.0,ir,False,2026-01-03,,8479402.0
calgary-flames,nashville-predators,Samuel Honzek,Injured Reserve 3,ir3,Injured Reserve,ir,29.0,ir,False,2026-01-03,,8484180.0
carolina-hurricanes,colorado-avalanche,Charles-Alexis Legault,Injured Reserve 1,ir1,Injured Reserve,ir,62.0,ir,False,2026-01-03,,
carolina-hurricanes,colorado-avalanche,Seth Jarvis,Injured Reserve 2,ir2,Injured Reserve,ir,24.0,ir,False,2026-01-03,,8482093.0
carolina-hurricanes,colorado-avalanche,Jaccob Slavin,Injured Reserve 3,ir3,Injured Reserve,ir,74.0,out,False,2026-01-03,,8476958.0
carolina-hurricanes,colorado-avalanche,Pyotr Kochetkov,Injured Reserve 5,ir5,Injured Reserve,ir,52.0,ir,False,2026-01-03,,
carolina-hurricanes,colorado-avalanche,Shayne Gostisbehere,Injured Reserve 6,ir6,Injured Reserve,ir,4.0,out,False,2026-01-03,,8476906.0
chicago-blackhawks,washington-capitals,Connor Bedard,Injured Reserve 1,ir1,Injured Reserve,ir,98.0,ir,False,2026-01-03,,8484144.0
chicago-blackhawks,washington-capitals,Frank Nazar,Injured Reserve 3,ir3,Injured Reserve,ir,,out,False,2026-01-03,,8483493.0
colorado-avalanche,carolina-hurricanes,Logan O'Connor,Injured Reserve 1,ir1,Injured Reserve,ir,25.0,out,False,2026-01-03,,
colorado-avalanche,carolina-hurricanes,Gavin Brindley,Injured Reserve 2,ir2,Injured Reserve,ir,54.0,dtd,False,2026-01-03,,8484149.0
colorado-avalanche,carolina-hurricanes,Joel Kiviranta,Injured Reserve 3,ir3,Injured Reserve,ir,94.0,dtd,False,2026-01-03,,8481641.0
colorado-avalanche,carolina-hurricanes,Mackenzie Blackwood,Injured Reserve 4,ir4,Injured Reserve,ir,39.0,ir,False,2026-01-03,,
columbus-blue-jackets,buffalo-sabres,Erik Gudbranson,Injured Reserve 1,ir1,Injured Reserve,ir,44.0,ir,False,2026-01-03,,8475790.0
columbus-blue-jackets,buffalo-sabres,Brendan Smith,Injured Reserve 2,ir2,Injured Reserve,ir,2.0,ir,False,2026-01-03,,
columbus-blue-jackets,buffalo-sabres,Isac Lundestrom,Injured Reserve 3,ir3,Injured Reserve,ir,21.0,out,False,2026-01-03,,
columbus-blue-jackets,buffalo-sabres,Zach Werenski,Injured Reserve 4,ir4,Injured Reserve,ir,8.0,ir,False,2026-01-03,,8478460.0
columbus-blue-jackets,buffalo-sabres,Sean Monahan,Injured Reserve 5,ir5,Injured Reserve,ir,23.0,out,False,2026-01-03,,8477497.0
columbus-blue-jackets,buffalo-sabres,Miles Wood,Injured Reserve 6,ir6,Injured Reserve,ir,28.0,ir,False,2026-01-03,,8477425.0
edmonton-oilers,philadelphia-flyers,Jake Walman,Injured Reserve 1,ir1,Injured Reserve,ir,96.0,ir,False,2026-01-03,,8478013.0
edmonton-oilers,philadelphia-flyers,Kasperi Kapanen,Injured Reserve 2,ir2,Injured Reserve,ir,42.0,ir,False,2026-01-03,,8477953.0
edmonton-oilers,philadelphia-flyers,Tristan Jarry,Injured Reserve 3,ir3,Injured Reserve,ir,35.0,ir,False,2026-01-03,,
edmonton-oilers,philadelphia-flyers,Vasily Podkolzin,Injured Reserve 4,ir4,Injured Reserve,ir,92.0,dtd,False,2026-01-03,,8481617.0
los-angeles-kings,minnesota-wild,Trevor Moore,Injured Reserve 1,ir1,Injured Reserve,ir,12.0,dtd,False,2026-01-03,,8479675.0
minnesota-wild,los-angeles-kings,Daemon Hunt,Injured Reserve 1,ir1,Injured Reserve,ir,48.0,ir,False,2026-01-03,,8482094.0
montreal-canadiens,st-louis-blues,Kaiden Guhle,Injured Reserve 1,ir1,Injured Reserve,ir,21.0,ir,False,2026-01-03,,8482087.0
montreal-canadiens,st-louis-blues,Patrik Laine,Injured Reserve 2,ir2,Injured Reserve,ir,92.0,ir,False,2026-01-03,,8479339.0
montreal-canadiens,st-louis-blues,Alex Newhook,Injured Reserve 3,ir3,Injured Reserve,ir,15.0,ir,False,2026-01-03,,8481618.0
montreal-canadiens,st-louis-blues,David Reinbacher,Injured Reserve 4,ir4,Injured Reserve,ir,64.0,out,False,2026-01-03,,
montreal-canadiens,st-louis-blues,Jake Evans,Injured Reserve 5,ir5,Injured Reserve,ir,71.0,dtd,False,2026-01-03,,8478133.0
montreal-canadiens,st-louis-blues,Mike Matheson,Injured Reserve 6,ir6,Injured Reserve,ir,8.0,out,False,2026-01-03,,8476875.0
nashville-predators,calgary-flames,Cole Smith,Injured Reserve 1,ir1,Injured Reserve,ir,36.0,ir,False,2026-01-03,,8482062.0
nashville-predators,calgary-flames,Zachary L'Heureux,Injured Reserve 2,ir2,Injured Reserve,ir,68.0,out,False,2026-01-03,,
nashville-predators,calgary-flames,Jonathan Marchessault,Injured Reserve 3,ir3,Injured Reserve,ir,81.0,dtd,False,2026-01-03,,8476539.0
nashville-predators,calgary-flames,Ozzy Wiesblatt,Injured Reserve 4,ir4,Injured Reserve,ir,89.0,ir,False,2026-01-03,,8482103.0
nashville-predators,calgary-flames,Justin Barron,Injured Reserve 5,ir5,Injured Reserve,ir,20.0,ir,False,2026-01-03,,8482111.0
new-jersey-devils,utah-hockey-club,Zack MacEwen,Injured Reserve 1,ir1,Injured Reserve,ir,,ir,False,2026-01-03,,8479772.0
new-jersey-devils,utah-hockey-club,Johnathan Kovacevic,Injured Reserve 2,ir2,Injured Reserve,ir,8.0,ir,False,2026-01-03,,
new-jersey-devils,utah-hockey-club,Evgenii Dadonov,Injured Reserve 3,ir3,Injured Reserve,ir,33.0,ir,False,2026-01-03,,8474149.0
new-jersey-devils,utah-hockey-club,Simon Nemec,Injured Reserve 4,ir4,Injured Reserve,ir,17.0,ir,False,2026-01-03,,8483495.0
new-york-islanders,toronto-maple-leafs,Semyon Varlamov,Injured Reserve 1,ir1,Injured Reserve,ir,40.0,ir,False,2026-01-03,,
new-york-islanders,toronto-maple-leafs,Pierre Engvall,Injured Reserve 2,ir2,Injured Reserve,ir,18.0,ir,False,2026-01-03,,
new-york-islanders,toronto-maple-leafs,Ethan Bear,Injured Reserve 3,ir3,Injured Reserve,ir,,ir,False,2026-01-03,,
new-york-islanders,toronto-maple-leafs,Alexander Romanov,Injured Reserve 4,ir4,Injured Reserve,ir,28.0,ir,False,2026-01-03,,8481014.0
new-york-islanders,toronto-maple-leafs,Kyle Palmieri,Injured Reserve 5,ir5,Injured Reserve,ir,21.0,ir,False,2026-01-03,,8475151.0
new-york-islanders,toronto-maple-leafs,Ilya Sorokin,Injured Reserve 6,ir6,Injured Reserve,ir,30.0,ir,False,2026-01-03,,
new-york-islanders,toronto-maple-leafs,Bo Horvat,Injured Reserve 7,ir7,Injured Reserve,ir,14.0,out,False,2026-01-03,,8477500.0
ottawa-senators,winnipeg-jets,Lars Eller,Injured Reserve 2,ir2,Injured Reserve,ir,89.0,ir,False,2026-01-03,,8474189.0
ottawa-senators,winnipeg-jets,Linus Ullmark,Injured Reserve 4,ir4,Injured Reserve,ir,35.0,out,False,2026-01-03,,
philadelphia-flyers,edmonton-oilers,Tyson Foerster,Injured Reserve 1,ir1,Injured Reserve,ir,71.0,ir,False,2026-01-03,,8482159.0
pittsburgh-penguins,detroit-red-wings,Filip Hallander,Injured Reserve 2,ir2,Injured Reserve,ir,11.0,ir,False,2026-01-03,,8480842.0
pittsburgh-penguins,detroit-red-wings,Evgeni Malkin,Injured Reserve 7,ir7,Injured Reserve,ir,71.0,ir,False,2026-01-03,,8471215.0
san-jose-sharks,tampa-bay-lightning,Carey Price,Injured Reserve 1,ir1,Injured Reserve,ir,31.0,ir,False,2026-01-03,,
san-jose-sharks,tampa-bay-lightning,Ryan Ellis,Injured Reserve 2,ir2,Injured Reserve,ir,94.0,ir,False,2026-01-03,,
san-jose-sharks,tampa-bay-lightning,Vincent Desharnais,Injured Reserve 3,ir3,Injured Reserve,ir,5.0,ir,False,2026-01-03,,8479576.0
san-jose-sharks,tampa-bay-lightning,Philipp Kurashev,Injured Reserve 5,ir5,Injured Reserve,ir,96.0,ir,False,2026-01-03,,8480798.0
san-jose-sharks,tampa-bay-lightning,Will Smith,Injured Reserve 6,ir6,Injured Reserve,ir,2.0,ir,False,2026-01-03,,8484227.0
san-jose-sharks,tampa-bay-lightning,Adam Gaudette,Injured Reserve 7,ir7,Injured Reserve,ir,81.0,dtd,False,2026-01-03,,8478874.0
san-jose-sharks,tampa-bay-lightning,John Klingberg,Injured Reserve 8,ir8,Injured Reserve,ir,3.0,dtd,False,2026-01-03,,8475906.0
st-louis-blues,montreal-canadiens,Torey Krug,Injured Reserve 1,ir1,Injured Reserve,ir,47.0,ir,False,2026-01-03,,
st-louis-blues,montreal-canadiens,Pius Suter,Injured Reserve 2,ir2,Injured Reserve,ir,24.0,dtd,False,2026-01-03,,8480459.0
st-louis-blues,montreal-canadiens,Nick Bjugstad,Injured Reserve 5,ir5,Injured Reserve,ir,77.0,ir,False,2026-01-03,,8475760.0
st-louis-blues,montreal-canadiens,Dylan Holloway,Injured Reserve 6,ir6,Injured Reserve,ir,81.0,out,False,2026-01-03,,8482077.0
tampa-bay-lightning,san-jose-sharks,Emil Lilleberg,Injured Reserve 4,ir4,Injured Reserve,ir,,out,False,2026-01-03,,8482929.0
tampa-bay-lightning,san-jose-sharks,Victor Hedman,Injured Reserve 5,ir5,Injured Reserve,ir,77.0,ir,False,2026-01-03,,8475167.0
tampa-bay-lightning,san-jose-sharks,Scott Sabourin,Injured Reserve 6,ir6,Injured Reserve,ir,46.0,dtd,False,2026-01-03,,8477149.0
tampa-bay-lightning,san-jose-sharks,Ryan McDonagh,Injured Reserve 7,ir7,Injured Reserve,ir,27.0,ir,False,2026-01-03,,8474151.0
toronto-maple-leafs,new-york-islanders,Anthony Stolarz,Injured Reserve 1,ir1,Injured Reserve,ir,41.0,ir,False,2026-01-03,,
toronto-maple-leafs,new-york-islanders,Dakota Mermis,Injured Reserve 2,ir2,Injured Reserve,ir,36.0,ir,False,2026-01-03,,8477541.0
toronto-maple-leafs,new-york-islanders,Brandon Carlo,Injured Reserve 3,ir3,Injured Reserve,ir,25.0,ir,False,2026-01-03,,8478443.0
toronto-maple-leafs,new-york-islanders,William Nylander,Injured Reserve 4,ir4,Injured Reserve,ir,88.0,dtd,False,2026-01-03,,8477939.0
toronto-maple-leafs,new-york-islanders,Chris Tanev,Injured Reserve 5,ir5,Injured Reserve,ir,8.0,out,False,2026-01-03,,8475690.0
toronto-maple-leafs,new-york-islanders,Dakota Joshua,Injured Reserve 6,ir6,Injured Reserve,ir,81.0,out,False,2026-01-03,,8478057.0
utah-hockey-club,new-jersey-devils,Juuso Valimaki,Injured Reserve 2,ir2,Injured Reserve,ir,4.0,ir,False,2026-01-03,,
utah-hockey-club,new-jersey-devils,Logan Cooley,Injured Reserve 3,ir3,Injured Reserve,ir,92.0,out,False,2026-01-03,,8483431.0
vancouver-canucks,boston-bruins,Filip Chytil,Injured Reserve 1,ir1,Injured Reserve,ir,72.0,ir,False,2026-01-03,,8480078.0
vancouver-canucks,boston-bruins,Derek Forbort,Injured Reserve 2,ir2,Injured Reserve,ir,27.0,ir,False,2026-01-03,,8475762.0
vancouver-canucks,boston-bruins,Teddy Blueger,Injured Reserve 3,ir3,Injured Reserve,ir,53.0,ir,False,2026-01-03,,8476927.0
vancouver-canucks,boston-bruins,Conor Garland,Injured Reserve 4,ir4,Injured Reserve,ir,8.0,out,False,2026-01-03,,8478856.0
vancouver-canucks,boston-bruins,Marco Rossi,Injured Reserve 5,ir5,Injured Reserve,ir,93.0,out,False,2026-01-03,,8482079.0
washington-capitals,chicago-blackhawks,Pierre-Luc Dubois,Injured Reserve 1,ir1,Injured Reserve,ir,80.0,ir,False,2026-01-03,,8479400.0
winnipeg-jets,ottawa-senators,Haydn Fleury,Injured Reserve 1,ir1,Injured Reserve,ir,24.0,ir,False,2026-01-03,,8477938.0
carolina-hurricanes,new-jersey-devils,Charles-Alexis Legault,Injured Reserve 1,ir1,Injured Reserve,ir,62.0,ir,False,2026-01-04,,
carolina-hurricanes,new-jersey-devils,Seth Jarvis,Injured Reserve 2,ir2,Injured Reserve,ir,24.0,ir,False,2026-01-04,,8482093.0
carolina-hurricanes,new-jersey-devils,Jaccob Slavin,Injured Reserve 3,ir3,Injured Reserve,ir,74.0,out,False,2026-01-04,,8476958.0
carolina-hurricanes,new-jersey-devils,Pyotr Kochetkov,Injured Reserve 5,ir5,Injured Reserve,ir,52.0,ir,False,2026-01-04,,
chicago-blackhawks,vegas-golden-knights,Connor Bedard,Injured Reserve 1,ir1,Injured Reserve,ir,98.0,ir,False,2026-01-04,,8484144.0
chicago-blackhawks,vegas-golden-knights,Frank Nazar,Injured Reserve 3,ir3,Injured Reserve,ir,,out,False,2026-01-04,,8483493.0
colorado-avalanche,florida-panthers,Logan O'Connor,Injured Reserve 1,ir1,Injured Reserve,ir,25.0,out,False,2026-01-04,,
colorado-avalanche,florida-panthers,Gavin Brindley,Injured Reserve 2,ir2,Injured Reserve,ir,54.0,dtd,False,2026-01-04,,8484149.0
colorado-avalanche,florida-panthers,Joel Kiviranta,Injured Reserve 3,ir3,Injured Reserve,ir,94.0,dtd,False,2026-01-04,,8481641.0
colorado-avalanche,florida-panthers,Mackenzie Blackwood,Injured Reserve 4,ir4,Injured Reserve,ir,39.0,ir,False,2026-01-04,,
columbus-blue-jackets,pittsburgh-penguins,Erik Gudbranson,Injured Reserve 1,ir1,Injured Reserve,ir,44.0,ir,False,2026-01-04,,8475790.0
columbus-blue-jackets,pittsburgh-penguins,Brendan Smith,Injured Reserve 2,ir2,Injured Reserve,ir,2.0,ir,False,2026-01-04,,
columbus-blue-jackets,pittsburgh-penguins,Isac Lundestrom,Injured Reserve 3,ir3,Injured Reserve,ir,21.0,out,False,2026-01-04,,
columbus-blue-jackets,pittsburgh-penguins,Sean Monahan,Injured Reserve 5,ir5,Injured Reserve,ir,23.0,out,False,2026-01-04,,8477497.0
columbus-blue-jackets,pittsburgh-penguins,Miles Wood,Injured Reserve 6,ir6,Injured Reserve,ir,28.0,ir,False,2026-01-04,,8477425.0
dallas-stars,montreal-canadiens,Tyler Seguin,Injured Reserve 1,ir1,Injured Reserve,ir,91.0,ir,False,2026-01-04,,8475794.0
dallas-stars,montreal-canadiens,Lian Bichsel,Injured Reserve 2,ir2,Injured Reserve,ir,6.0,ir,False,2026-01-04,,8483425.0
dallas-stars,montreal-canadiens,Casey DeSmith,Injured Reserve 3,ir3,Injured Reserve,ir,1.0,out,False,2026-01-04,,
florida-panthers,colorado-avalanche,Matthew Tkachuk,Injured Reserve 1,ir1,Injured Reserve,ir,19.0,ir,False,2026-01-04,,
florida-panthers,colorado-avalanche,Aleksander Barkov,Injured Reserve 2,ir2,Injured Reserve,ir,16.0,ir,False,2026-01-04,,
florida-panthers,colorado-avalanche,Dmitry Kulikov,Injured Reserve 3,ir3,Injured Reserve,ir,7.0,ir,False,2026-01-04,,8475179.0
florida-panthers,colorado-avalanche,Jonah Gadjovich,Injured Reserve 4,ir4,Injured Reserve,ir,12.0,ir,False,2026-01-04,,8479981.0
florida-panthers,colorado-avalanche,Tomas Nosek,Injured Reserve 5,ir5,Injured Reserve,ir,92.0,out,False,2026-01-04,,
florida-panthers,colorado-avalanche,Cole Schwindt,Injured Reserve 6,ir6,Injured Reserve,ir,79.0,out,False,2026-01-04,,8481655.0
florida-panthers,colorado-avalanche,Seth Jones,Injured Reserve 7,ir7,Injured Reserve,ir,3.0,dtd,False,2026-01-04,,8477495.0
montreal-canadiens,dallas-stars,Kaiden Guhle,Injured Reserve 1,ir1,Injured Reserve,ir,21.0,ir,False,2026-01-04,,8482087.0
montreal-canadiens,dallas-stars,Patrik Laine,Injured Reserve 2,ir2,Injured Reserve,ir,92.0,ir,False,2026-01-04,,8479339.0
montreal-canadiens,dallas-stars,Alex Newhook,Injured Reserve 3,ir3,Injured Reserve,ir,15.0,ir,False,2026-01-04,,8481618.0
montreal-canadiens,dallas-stars,David Reinbacher,Injured Reserve 4,ir4,Injured Reserve,ir,64.0,out,False,2026-01-04,,
montreal-canadiens,dallas-stars,Jake Evans,Injured Reserve 5,ir5,Injured Reserve,ir,71.0,dtd,False,2026-01-04,,8478133.0
new-jersey-devils,carolina-hurricanes,Zack MacEwen,Injured Reserve 1,ir1,Injured Reserve,ir,,ir,False,2026-01-04,,8479772.0
new-jersey-devils,carolina-hurricanes,Johnathan Kovacevic,Injured Reserve 2,ir2,Injured Reserve,ir,8.0,ir,False,2026-01-04,,
new-jersey-devils,carolina-hurricanes,Evgenii Dadonov,Injured Reserve 3,ir3,Injured Reserve,ir,33.0,ir,False,2026-01-04,,8474149.0
new-jersey-devils,carolina-hurricanes,Simon Nemec,Injured Reserve 4,ir4,Injured Reserve,ir,17.0,ir,False,2026-01-04,,8483495.0
pittsburgh-penguins,columbus-blue-jackets,Filip Hallander,Injured Reserve 2,ir2,Injured Reserve,ir,11.0,ir,False,2026-01-04,,8480842.0
pittsburgh-penguins,columbus-blue-jackets,Evgeni Malkin,Injured Reserve 7,ir7,Injured Reserve,ir,71.0,ir,False,2026-01-04,,8471215.0
vegas-golden-knights,chicago-blackhawks,Alex Pietrangelo,Injured Reserve 1,ir1,Injured Reserve,ir,7.0,ir,False,2026-01-04,,
vegas-golden-knights,chicago-blackhawks,Adin Hill,Injured Reserve 3,ir3,Injured Reserve,ir,33.0,ir,False,2026-01-04,,
vegas-golden-knights,chicago-blackhawks,William Karlsson,Injured Reserve 4,ir4,Injured Reserve,ir,71.0,ir,False,2026-01-04,,8476448.0
vegas-golden-knights,chicago-blackhawks,Shea Theodore,Injured Reserve 6,ir6,Injured Reserve,ir,27.0,dtd,False,2026-01-04,,8477447.0
anaheim-ducks,washington-capitals,Frank Vatrano,Injured Reserve 1,ir1,Injured Reserve,ir,77.0,ir,False,2026-01-05,,8478366.0
calgary-flames,seattle-kraken,Martin Pospisil,Injured Reserve 1,ir1,Injured Reserve,ir,76.0,ir,False,2026-01-05,,
calgary-flames,seattle-kraken,Jake Bean,Injured Reserve 2,ir2,Injured Reserve,ir,24.0,ir,False,2026-01-05,,8479402.0
calgary-flames,seattle-kraken,Samuel Honzek,Injured Reserve 3,ir3,Injured Reserve,ir,29.0,ir,False,2026-01-05,,8484180.0
los-angeles-kings,minnesota-wild,Trevor Moore,Injured Reserve 1,ir1,Injured Reserve,ir,12.0,dtd,False,2026-01-05,,8479675.0
minnesota-wild,los-angeles-kings,Daemon Hunt,Injured Reserve 1,ir1,Injured Reserve,ir,48.0,ir,False,2026-01-05,,8482094.0
new-york-rangers,utah-hockey-club,J.T. Miller,Injured Reserve 1,ir1,Injured Reserve,ir,9.0,ir,False,2026-01-05,,8476468.0
new-york-rangers,utah-hockey-club,Conor Sheary,Injured Reserve 2,ir2,Injured Reserve,ir,,ir,False,2026-01-05,,8477839.0
new-york-rangers,utah-hockey-club,Adam Edstrom,Injured Reserve 3,ir3,Injured Reserve,ir,84.0,ir,False,2026-01-05,,8481726.0
new-york-rangers,utah-hockey-club,Noah Laba,Injured Reserve 4,ir4,Injured Reserve,ir,42.0,out,False,2026-01-05,,8483690.0
ottawa-senators,detroit-red-wings,Lars Eller,Injured Reserve 2,ir2,Injured Reserve,ir,89.0,ir,False,2026-01-05,,8474189.0
ottawa-senators,detroit-red-wings,Linus Ullmark,Injured Reserve 4,ir4,Injured Reserve,ir,35.0,out,False,2026-01-05,,
seattle-kraken,calgary-flames,Jaden Schwartz,Injured Reserve 1,ir1,Injured Reserve,ir,17.0,ir,False,2026-01-05,,8475768.0
seattle-kraken,calgary-flames,Matt Murray,Injured Reserve 2,ir2,Injured Reserve,ir,30.0,ir,False,2026-01-05,,
seattle-kraken,calgary-flames,Brandon Montour,Injured Reserve 3,ir3,Injured Reserve,ir,62.0,ir,False,2026-01-05,,8477986.0
utah-hockey-club,new-york-rangers,Juuso Valimaki,Injured Reserve 1,ir1,Injured Reserve,ir,4.0,ir,False,2026-01-05,,
utah-hockey-club,new-york-rangers,Logan Cooley,Injured Reserve 2,ir2,Injured Reserve,ir,92.0,ir,False,2026-01-05,,8483431.0
washington-capitals,anaheim-ducks,Pierre-Luc Dubois,Injured Reserve 1,ir1,Injured Reserve,ir,80.0,ir,False,2026-01-05,,8479400.0
washington-capitals,anaheim-ducks,Aliaksei Protas,Injured Reserve 2,ir2,Injured Reserve,ir,21.0,dtd,False,2026-01-05,,8481656.0
washington-capitals,anaheim-ducks,Tom Wilson,Injured Reserve 3,ir3,Injured Reserve,ir,43.0,dtd,False,2026-01-05,,8476880.0
anaheim-ducks,philadelphia-flyers,Frank Vatrano,Injured Reserve 1,ir1,Injured Reserve,ir,77.0,ir,False,2026-01-06,,8478366.0
boston-bruins,seattle-kraken,Jordan Harris,Injured Reserve 1,ir1,Injured Reserve,ir,43.0,ir,False,2026-01-06,,8480887.0
boston-bruins,seattle-kraken,Matej Blumel,Injured Reserve 2,ir2,Injured Reserve,ir,13.0,ir,False,2026-01-06,,
boston-bruins,seattle-kraken,Hampus Lindholm,Injured Reserve 3,ir3,Injured Reserve,ir,27.0,out,False,2026-01-06,,8476854.0
boston-bruins,seattle-kraken,Michael Callahan,Injured Reserve 4,ir4,Injured Reserve,ir,79.0,ir,False,2026-01-06,,8480828.0
boston-bruins,seattle-kraken,Henri Jokiharju,Injured Reserve 5,ir5,Injured Reserve,ir,20.0,ir,False,2026-01-06,,8480035.0
boston-bruins,seattle-kraken,Tanner Jeannot,Injured Reserve 6,ir6,Injured Reserve,ir,84.0,dtd,False,2026-01-06,,8479661.0
buffalo-sabres,vancouver-canucks,Conor Timmins,Injured Reserve 1,ir1,Injured Reserve,ir,21.0,ir,False,2026-01-06,,8479982.0
buffalo-sabres,vancouver-canucks,Jiri Kulich,Injured Reserve 2,ir2,Injured Reserve,ir,20.0,ir,False,2026-01-06,,8483468.0
buffalo-sabres,vancouver-canucks,Justin Danforth,Injured Reserve 3,ir3,Injured Reserve,ir,15.0,ir,False,2026-01-06,,8479941.0
buffalo-sabres,vancouver-canucks,Alex Lyon,Injured Reserve 4,ir4,Injured Reserve,ir,34.0,out,False,2026-01-06,,
buffalo-sabres,vancouver-canucks,Tyson Kozak,Injured Reserve 5,ir5,Injured Reserve,ir,48.0,out,False,2026-01-06,,8482896.0
buffalo-sabres,vancouver-canucks,Michael Kesselring,Injured Reserve 6,ir6,Injured Reserve,ir,8.0,dtd,False,2026-01-06,,8480891.0
carolina-hurricanes,dallas-stars,Charles-Alexis Legault,Injured Reserve 1,ir1,Injured Reserve,ir,62.0,ir,False,2026-01-06,,
carolina-hurricanes,dallas-stars,Seth Jarvis,Injured Reserve 2,ir2,Injured Reserve,ir,24.0,ir,False,2026-01-06,,8482093.0
carolina-hurricanes,dallas-stars,Jaccob Slavin,Injured Reserve 3,ir3,Injured Reserve,ir,74.0,ir,False,2026-01-06,,8476958.0
carolina-hurricanes,dallas-stars,Pyotr Kochetkov,Injured Reserve 4,ir4,Injured Reserve,ir,52.0,ir,False,2026-01-06,,
colorado-avalanche,tampa-bay-lightning,Logan O'Connor,Injured Reserve 1,ir1,Injured Reserve,ir,25.0,out,False,2026-01-06,,
colorado-avalanche,tampa-bay-lightning,Mackenzie Blackwood,Injured Reserve 2,ir2,Injured Reserve,ir,39.0,ir,False,2026-01-06,,
colorado-avalanche,tampa-bay-lightning,Joel Kiviranta,Injured Reserve 3,ir3,Injured Reserve,ir,94.0,dtd,False,2026-01-06,,8481641.0
colorado-avalanche,tampa-bay-lightning,Devon Toews,Injured Reserve 4,ir4,Injured Reserve,ir,7.0,dtd,False,2026-01-06,,8478038.0
colorado-avalanche,tampa-bay-lightning,Gabriel Landeskog,Injured Reserve 5,ir5,Injured Reserve,ir,92.0,out,False,2026-01-06,,8476455.0
columbus-blue-jackets,san-jose-sharks,Erik Gudbranson,Injured Reserve 1,ir1,Injured Reserve,ir,44.0,ir,False,2026-01-06,,8475790.0
columbus-blue-jackets,san-jose-sharks,Brendan Smith,Injured Reserve 2,ir2,Injured Reserve,ir,2.0,ir,False,2026-01-06,,
columbus-blue-jackets,san-jose-sharks,Isac Lundestrom,Injured Reserve 3,ir3,Injured Reserve,ir,21.0,ir,False,2026-01-06,,
columbus-blue-jackets,san-jose-sharks,Miles Wood,Injured Reserve 4,ir4,Injured Reserve,ir,28.0,ir,False,2026-01-06,,8477425.0
columbus-blue-jackets,san-jose-sharks,Sean Monahan,Injured Reserve 5,ir5,Injured Reserve,ir,23.0,dtd,False,2026-01-06,,8477497.0
dallas-stars,carolina-hurricanes,Tyler Seguin,Injured Reserve 1,ir1,Injured Reserve,ir,91.0,ir,False,2026-01-06,,8475794.0
dallas-stars,carolina-hurricanes,Lian Bichsel,Injured Reserve 2,ir2,Injured Reserve,ir,6.0,ir,False,2026-01-06,,8483425.0
dallas-stars,carolina-hurricanes,Jamie Benn,Injured Reserve 3,ir3,Injured Reserve,ir,14.0,dtd,False,2026-01-06,,8473994.0
edmonton-oilers,nashville-predators,Jake Walman,Injured Reserve 1,ir1,Injured Reserve,ir,96.0,ir,False,2026-01-06,,8478013.0
edmonton-oilers,nashville-predators,Kasperi Kapanen,Injured Reserve 2,ir2,Injured Reserve,ir,42.0,ir,False,2026-01-06,,8477953.0
edmonton-oilers,nashville-predators,Tristan Jarry,Injured Reserve 3,ir3,Injured Reserve,ir,35.0,ir,False,2026-01-06,,
florida-panthers,toronto-maple-leafs,Matthew Tkachuk,Injured Reserve 1,ir1,Injured Reserve,ir,19.0,ir,False,2026-01-06,,
florida-panthers,toronto-maple-leafs,Aleksander Barkov,Injured Reserve 2,ir2,Injured Reserve,ir,16.0,ir,False,2026-01-06,,
florida-panthers,toronto-maple-leafs,Dmitry Kulikov,Injured Reserve 3,ir3,Injured Reserve,ir,7.0,ir,False,2026-01-06,,8475179.0
florida-panthers,toronto-maple-leafs,Jonah Gadjovich,Injured Reserve 4,ir4,Injured Reserve,ir,12.0,ir,False,2026-01-06,,8479981.0
florida-panthers,toronto-maple-leafs,Cole Schwindt,Injured Reserve 5,ir5,Injured Reserve,ir,79.0,ir,False,2026-01-06,,8481655.0
florida-panthers,toronto-maple-leafs,Tomas Nosek,Injured Reserve 6,ir6,Injured Reserve,ir,92.0,out,False,2026-01-06,,
florida-panthers,toronto-maple-leafs,Seth Jones,Injured Reserve 7,ir7,Injured Reserve,ir,3.0,dtd,False,2026-01-06,,8477495.0
nashville-predators,edmonton-oilers,Cole Smith,Injured Reserve 1,ir1,Injured Reserve,ir,36.0,ir,False,2026-01-06,,8482062.0
nashville-predators,edmonton-oilers,Zachary L'Heureux,Injured Reserve 2,ir2,Injured Reserve,ir,68.0,out,False,2026-01-06,,
nashville-predators,edmonton-oilers,Jonathan Marchessault,Injured Reserve 3,ir3,Injured Reserve,ir,81.0,dtd,False,2026-01-06,,8476539.0
nashville-predators,edmonton-oilers,Ozzy Wiesblatt,Injured Reserve 4,ir4,Injured Reserve,ir,89.0,ir,False,2026-01-06,,8482103.0
nashville-predators,edmonton-oilers,Justin Barron,Injured Reserve 5,ir5,Injured Reserve,ir,20.0,ir,False,2026-01-06,,8482111.0
new-jersey-devils,new-york-islanders,Zack MacEwen,Injured Reserve 1,ir1,Injured Reserve,ir,,ir,False,2026-01-06,,8479772.0
new-jersey-devils,new-york-islanders,Johnathan Kovacevic,Injured Reserve 2,ir2,Injured Reserve,ir,8.0,ir,False,2026-01-06,,
new-jersey-devils,new-york-islanders,Evgenii Dadonov,Injured Reserve 3,ir3,Injured Reserve,ir,33.0,ir,False,2026-01-06,,8474149.0
new-jersey-devils,new-york-islanders,Simon Nemec,Injured Reserve 4,ir4,Injured Reserve,ir,17.0,ir,False,2026-01-06,,8483495.0
new-york-islanders,new-jersey-devils,Semyon Varlamov,Injured Reserve 1,ir1,Injured Reserve,ir,40.0,ir,False,2026-01-06,,
new-york-islanders,new-jersey-devils,Pierre Engvall,Injured Reserve 2,ir2,Injured Reserve,ir,18.0,ir,False,2026-01-06,,
new-york-islanders,new-jersey-devils,Ethan Bear,Injured Reserve 3,ir3,Injured Reserve,ir,,ir,False,2026-01-06,,
new-york-islanders,new-jersey-devils,Alexander Romanov,Injured Reserve 4,ir4,Injured Reserve,ir,28.0,ir,False,2026-01-06,,8481014.0
new-york-islanders,new-jersey-devils,Kyle Palmieri,Injured Reserve 5,ir5,Injured Reserve,ir,21.0,ir,False,2026-01-06,,8475151.0
new-york-islanders,new-jersey-devils,Bo Horvat,Injured Reserve 6,ir6,Injured Reserve,ir,14.0,out,False,2026-01-06,,8477500.0
new-york-islanders,new-jersey-devils,Matthew Schaefer,Injured Reserve 7,ir7,Injured Reserve,ir,48.0,dtd,False,2026-01-06,,8485366.0
philadelphia-flyers,anaheim-ducks,Tyson Foerster,Injured Reserve 1,ir1,Injured Reserve,ir,71.0,ir,False,2026-01-06,,8482159.0
san-jose-sharks,columbus-blue-jackets,Carey Price,Injured Reserve 1,ir1,Injured Reserve,ir,31.0,ir,False,2026-01-06,,
san-jose-sharks,columbus-blue-jackets,Ryan Ellis,Injured Reserve 2,ir2,Injured Reserve,ir,94.0,ir,False,2026-01-06,,
san-jose-sharks,columbus-blue-jackets,Vincent Desharnais,Injured Reserve 3,ir3,Injured Reserve,ir,5.0,ir,False,2026-01-06,,8479576.0
san-jose-sharks,columbus-blue-jackets,Shakir Mukhamadullin,Injured Reserve 4,ir4,Injured Reserve,ir,,dtd,False,2026-01-06,,8482166.0
san-jose-sharks,columbus-blue-jackets,Philipp Kurashev,Injured Reserve 5,ir5,Injured Reserve,ir,96.0,ir,False,2026-01-06,,8480798.0
san-jose-sharks,columbus-blue-jackets,Will Smith,Injured Reserve 6,ir6,Injured Reserve,ir,2.0,ir,False,2026-01-06,,8484227.0
san-jose-sharks,columbus-blue-jackets,Adam Gaudette,Injured Reserve 7,ir7,Injured Reserve,ir,81.0,dtd,False,2026-01-06,,8478874.0
san-jose-sharks,columbus-blue-jackets,John Klingberg,Injured Reserve 8,ir8,Injured Reserve,ir,3.0,dtd,False,2026-01-06,,8475906.0
seattle-kraken,boston-bruins,Jaden Schwartz,Injured Reserve 1,ir1,Injured Reserve,ir,17.0,ir,False,2026-01-06,,8475768.0
seattle-kraken,boston-bruins,Matt Murray,Injured Reserve 2,ir2,Injured Reserve,ir,30.0,ir,False,2026-01-06,,
seattle-kraken,boston-bruins,Brandon Montour,Injured Reserve 3,ir3,Injured Reserve,ir,62.0,ir,False,2026-01-06,,8477986.0
tampa-bay-lightning,colorado-avalanche,Victor Hedman,Injured Reserve 1,ir1,Injured Reserve,ir,77.0,ir,False,2026-01-06,,8475167.0
tampa-bay-lightning,colorado-avalanche,Ryan McDonagh,Injured Reserve 2,ir2,Injured Reserve,ir,27.0,ir,False,2026-01-06,,8474151.0
tampa-bay-lightning,colorado-avalanche,Emil Lilleberg,Injured Reserve 3,ir3,Injured Reserve,ir,,ir,False,2026-01-06,,8482929.0
tampa-bay-lightning,colorado-avalanche,Scott Sabourin,Injured Reserve 4,ir4,Injured Reserve,ir,46.0,ir,False,2026-01-06,,8477149.0
toronto-maple-leafs,florida-panthers,Anthony Stolarz,Injured Reserve 1,ir1,Injured Reserve,ir,41.0,ir,False,2026-01-06,,
toronto-maple-leafs,florida-panthers,Dakota Mermis,Injured Reserve 2,ir2,Injured Reserve,ir,36.0,ir,False,2026-01-06,,8477541.0
toronto-maple-leafs,florida-panthers,Brandon Carlo,Injured Reserve 3,ir3,Injured Reserve,ir,25.0,ir,False,2026-01-06,,8478443.0
toronto-maple-leafs,florida-panthers,William Nylander,Injured Reserve 4,ir4,Injured Reserve,ir,88.0,dtd,False,2026-01-06,,8477939.0
toronto-maple-leafs,florida-panthers,Chris Tanev,Injured Reserve 5,ir5,Injured Reserve,ir,8.0,out,False,2026-01-06,,8475690.0
toronto-maple-leafs,florida-panthers,Dakota Joshua,Injured Reserve 6,ir6,Injured Reserve,ir,81.0,out,False,2026-01-06,,8478057.0
toronto-maple-leafs,florida-panthers,Jake McCabe,Injured Reserve 7,ir7,Injured Reserve,ir,22.0,dtd,False,2026-01-06,,8476931.0
vancouver-canucks,buffalo-sabres,Filip Chytil,Injured Reserve 1,ir1,Injured Reserve,ir,72.0,ir,False,2026-01-06,,8480078.0
vancouver-canucks,buffalo-sabres,Derek Forbort,Injured Reserve 2,ir2,Injured Reserve,ir,27.0,ir,False,2026-01-06,,8475762.0
vancouver-canucks,buffalo-sabres,Teddy Blueger,Injured Reserve 3,ir3,Injured Reserve,ir,53.0,ir,False,2026-01-06,,8476927.0
vancouver-canucks,buffalo-sabres,Conor Garland,Injured Reserve 4,ir4,Injured Reserve,ir,8.0,out,False,2026-01-06,,8478856.0
vancouver-canucks,buffalo-sabres,Marco Rossi,Injured Reserve 5,ir5,Injured Reserve,ir,93.0,out,False,2026-01-06,,8482079.0
vegas-golden-knights,winnipeg-jets,Alex Pietrangelo,Injured Reserve 1,ir1,Injured Reserve,ir,7.0,ir,False,2026-01-06,,
vegas-golden-knights,winnipeg-jets,Shea Theodore,Injured Reserve 2,ir2,Injured Reserve,ir,27.0,ir,False,2026-01-06,,8477447.0
vegas-golden-knights,winnipeg-jets,William Karlsson,Injured Reserve 3,ir3,Injured Reserve,ir,71.0,ir,False,2026-01-06,,8476448.0
vegas-golden-knights,winnipeg-jets,Adin Hill,Injured Reserve 4,ir4,Injured Reserve,ir,33.0,ir,False,2026-01-06,,
vegas-golden-knights,winnipeg-jets,Brayden McNabb,Injured Reserve 5,ir5,Injured Reserve,ir,3.0,out,False,2026-01-06,,8475188.0
winnipeg-jets,vegas-golden-knights,Haydn Fleury,Injured Reserve 1,ir1,Injured Reserve,ir,24.0,ir,False,2026-01-06,,8477938.0
calgary-flames,montreal-canadiens,Martin Pospisil,Injured Reserve 1,ir1,Injured Reserve,ir,76.0,ir,False,2026-01-07,,
calgary-flames,montreal-canadiens,Jake Bean,Injured Reserve 2,ir2,Injured Reserve,ir,24.0,ir,False,2026-01-07,,8479402.0
calgary-flames,montreal-canadiens,Samuel Honzek,Injured Reserve 3,ir3,Injured Reserve,ir,29.0,ir,False,2026-01-07,,8484180.0
calgary-flames,montreal-canadiens,John Beecher,Injured Reserve 4,ir4,Injured Reserve,ir,18.0,ir,False,2026-01-07,,8481556.0
calgary-flames,montreal-canadiens,Devin Cooley,Injured Reserve 5,ir5,Injured Reserve,ir,,dtd,False,2026-01-07,,
chicago-blackhawks,st-louis-blues,Connor Bedard,Injured Reserve 1,ir1,Injured Reserve,ir,98.0,ir,False,2026-01-07,,8484144.0
chicago-blackhawks,st-louis-blues,Frank Nazar,Injured Reserve 2,ir2,Injured Reserve,ir,,ir,False,2026-01-07,,8483493.0
dallas-stars,washington-capitals,Tyler Seguin,Injured Reserve 1,ir1,Injured Reserve,ir,91.0,ir,False,2026-01-07,,8475794.0
dallas-stars,washington-capitals,Lian Bichsel,Injured Reserve 2,ir2,Injured Reserve,ir,6.0,ir,False,2026-01-07,,8483425.0
dallas-stars,washington-capitals,Jamie Benn,Injured Reserve 3,ir3,Injured Reserve,ir,14.0,dtd,False,2026-01-07,,8473994.0
los-angeles-kings,san-jose-sharks,Trevor Moore,Injured Reserve 1,ir1,Injured Reserve,ir,12.0,dtd,False,2026-01-07,,8479675.0
los-angeles-kings,san-jose-sharks,Anze Kopitar,Injured Reserve 2,ir2,Injured Reserve,ir,11.0,dtd,False,2026-01-07,,8471685.0
los-angeles-kings,san-jose-sharks,Joel Armia,Injured Reserve 3,ir3,Injured Reserve,ir,40.0,dtd,False,2026-01-07,,8476469.0
montreal-canadiens,calgary-flames,Kaiden Guhle,Injured Reserve 1,ir1,Injured Reserve,ir,21.0,ir,False,2026-01-07,,8482087.0
montreal-canadiens,calgary-flames,Patrik Laine,Injured Reserve 2,ir2,Injured Reserve,ir,92.0,ir,False,2026-01-07,,8479339.0
montreal-canadiens,calgary-flames,Kirby Dach,Injured Reserve 3,ir3,Injured Reserve,ir,77.0,ir,False,2026-01-07,,8481523.0
montreal-canadiens,calgary-flames,Alex Newhook,Injured Reserve 4,ir4,Injured Reserve,ir,15.0,ir,False,2026-01-07,,8481618.0
montreal-canadiens,calgary-flames,Jake Evans,Injured Reserve 5,ir5,Injured Reserve,ir,71.0,ir,False,2026-01-07,,8478133.0
montreal-canadiens,calgary-flames,David Reinbacher,Injured Reserve 6,ir6,Injured Reserve,ir,64.0,out,False,2026-01-07,,
montreal-canadiens,calgary-flames,Josh Anderson,Injured Reserve 7,ir7,Injured Reserve,ir,17.0,dtd,False,2026-01-07,,8476981.0
ottawa-senators,utah-hockey-club,Lars Eller,Injured Reserve 2,ir2,Injured Reserve,ir,89.0,ir,False,2026-01-07,,8474189.0
ottawa-senators,utah-hockey-club,Linus Ullmark,Injured Reserve 4,ir4,Injured Reserve,ir,35.0,out,False,2026-01-07,,
san-jose-sharks,los-angeles-kings,Carey Price,Injured Reserve 1,ir1,Injured Reserve,ir,31.0,ir,False,2026-01-07,,
san-jose-sharks,los-angeles-kings,Ryan Ellis,Injured Reserve 2,ir2,Injured Reserve,ir,94.0,ir,False,2026-01-07,,
san-jose-sharks,los-angeles-kings,Vincent Desharnais,Injured Reserve 3,ir3,Injured Reserve,ir,5.0,ir,False,2026-01-07,,8479576.0
san-jose-sharks,los-angeles-kings,Shakir Mukhamadullin,Injured Reserve 4,ir4,Injured Reserve,ir,,ir,False,2026-01-07,,8482166.0
san-jose-sharks,los-angeles-kings,Philipp Kurashev,Injured Reserve 5,ir5,Injured Reserve,ir,96.0,ir,False,2026-01-07,,8480798.0
san-jose-sharks,los-angeles-kings,Will Smith,Injured Reserve 6,ir6,Injured Reserve,ir,2.0,ir,False,2026-01-07,,8484227.0
san-jose-sharks,los-angeles-kings,Adam Gaudette,Injured Reserve 7,ir7,Injured Reserve,ir,81.0,dtd,False,2026-01-07,,8478874.0
san-jose-sharks,los-angeles-kings,John Klingberg,Injured Reserve 8,ir8,Injured Reserve,ir,3.0,dtd,False,2026-01-07,,8475906.0
st-louis-blues,chicago-blackhawks,Torey Krug,Injured Reserve 1,ir1,Injured Reserve,ir,47.0,ir,False,2026-01-07,,
st-louis-blues,chicago-blackhawks,Dylan Holloway,Injured Reserve 2,ir2,Injured Reserve,ir,81.0,ir,False,2026-01-07,,8482077.0
st-louis-blues,chicago-blackhawks,Nathan Walker,Injured Reserve 3,ir3,Injured Reserve,ir,26.0,ir,False,2026-01-07,,8477573.0
st-louis-blues,chicago-blackhawks,Nick Bjugstad,Injured Reserve 4,ir4,Injured Reserve,ir,77.0,ir,False,2026-01-07,,8475760.0
st-louis-blues,chicago-blackhawks,Pius Suter,Injured Reserve 5,ir5,Injured Reserve,ir,24.0,out,False,2026-01-07,,8480459.0
utah-hockey-club,ottawa-senators,Logan Cooley,Injured Reserve 2,ir2,Injured Reserve,ir,92.0,ir,False,2026-01-07,,8483431.0
washington-capitals,dallas-stars,Pierre-Luc Dubois,Injured Reserve 1,ir1,Injured Reserve,ir,80.0,ir,False,2026-01-07,,8479400.0
washington-capitals,dallas-stars,Aliaksei Protas,Injured Reserve 2,ir2,Injured Reserve,ir,21.0,dtd,False,2026-01-07,,8481656.0
washington-capitals,dallas-stars,Tom Wilson,Injured Reserve 3,ir3,Injured Reserve,ir,43.0,dtd,False,2026-01-07,,8476880.0
anaheim-ducks,carolina-hurricanes,Frank Vatrano,Injured Reserve 1,ir1,Injured Reserve,ir,77.0,ir,False,2026-01-08,,8478366.0
anaheim-ducks,carolina-hurricanes,Petr Mrazek,Injured Reserve 2,ir2,Injured Reserve,ir,34.0,ir,False,2026-01-08,,
boston-bruins,calgary-flames,Jordan Harris,Injured Reserve 1,ir1,Injured Reserve,ir,43.0,ir,False,2026-01-08,,8480887.0
boston-bruins,calgary-flames,Matej Blumel,Injured Reserve 2,ir2,Injured Reserve,ir,13.0,ir,False,2026-01-08,,
boston-bruins,calgary-flames,Hampus Lindholm,Injured Reserve 3,ir3,Injured Reserve,ir,27.0,ir,False,2026-01-08,,8476854.0
boston-bruins,calgary-flames,Michael Callahan,Injured Reserve 4,ir4,Injured Reserve,ir,79.0,ir,False,2026-01-08,,8480828.0
buffalo-sabres,new-york-rangers,Conor Timmins,Injured Reserve 1,ir1,Injured Reserve,ir,21.0,ir,False,2026-01-08,,8479982.0
buffalo-sabres,new-york-rangers,Jiri Kulich,Injured Reserve 2,ir2,Injured Reserve,ir,20.0,ir,False,2026-01-08,,8483468.0
buffalo-sabres,new-york-rangers,Justin Danforth,Injured Reserve 3,ir3,Injured Reserve,ir,15.0,ir,False,2026-01-08,,8479941.0
buffalo-sabres,new-york-rangers,Alex Lyon,Injured Reserve 4,ir4,Injured Reserve,ir,34.0,ir,False,2026-01-08,,
buffalo-sabres,new-york-rangers,Tyson Kozak,Injured Reserve 5,ir5,Injured Reserve,ir,48.0,out,False,2026-01-08,,8482896.0
buffalo-sabres,new-york-rangers,Michael Kesselring,Injured Reserve 6,ir6,Injured Reserve,ir,8.0,ir,False,2026-01-08,,8480891.0
calgary-flames,boston-bruins,Martin Pospisil,Injured Reserve 1,ir1,Injured Reserve,ir,76.0,ir,False,2026-01-08,,
calgary-flames,boston-bruins,Jake Bean,Injured Reserve 2,ir2,Injured Reserve,ir,24.0,ir,False,2026-01-08,,8479402.0
calgary-flames,boston-bruins,Samuel Honzek,Injured Reserve 3,ir3,Injured Reserve,ir,29.0,ir,False,2026-01-08,,8484180.0
calgary-flames,boston-bruins,John Beecher,Injured Reserve 4,ir4,Injured Reserve,ir,18.0,ir,False,2026-01-08,,8481556.0
carolina-hurricanes,anaheim-ducks,Charles-Alexis Legault,Injured Reserve 1,ir1,Injured Reserve,ir,62.0,ir,False,2026-01-08,,
carolina-hurricanes,anaheim-ducks,Pyotr Kochetkov,Injured Reserve 2,ir2,Injured Reserve,ir,52.0,ir,False,2026-01-08,,
carolina-hurricanes,anaheim-ducks,Jaccob Slavin,Injured Reserve 3,ir3,Injured Reserve,ir,74.0,ir,False,2026-01-08,,8476958.0
colorado-avalanche,ottawa-senators,Logan O'Connor,Injured Reserve 1,ir1,Injured Reserve,ir,25.0,out,False,2026-01-08,,
colorado-avalanche,ottawa-senators,Mackenzie Blackwood,Injured Reserve 2,ir2,Injured Reserve,ir,39.0,ir,False,2026-01-08,,
colorado-avalanche,ottawa-senators,Joel Kiviranta,Injured Reserve 3,ir3,Injured Reserve,ir,94.0,out,False,2026-01-08,,8481641.0
colorado-avalanche,ottawa-senators,Devon Toews,Injured Reserve 4,ir4,Injured Reserve,ir,7.0,out,False,2026-01-08,,8478038.0
colorado-avalanche,ottawa-senators,Gabriel Landeskog,Injured Reserve 5,ir5,Injured Reserve,ir,92.0,out,False,2026-01-08,,8476455.0
columbus-blue-jackets,vegas-golden-knights,Erik Gudbranson,Injured Reserve 1,ir1,Injured Reserve,ir,44.0,ir,False,2026-01-08,,8475790.0
columbus-blue-jackets,vegas-golden-knights,Brendan Smith,Injured Reserve 2,ir2,Injured Reserve,ir,2.0,ir,False,2026-01-08,,
columbus-blue-jackets,vegas-golden-knights,Isac Lundestrom,Injured Reserve 3,ir3,Injured Reserve,ir,21.0,ir,False,2026-01-08,,
columbus-blue-jackets,vegas-golden-knights,Miles Wood,Injured Reserve 4,ir4,Injured Reserve,ir,28.0,ir,False,2026-01-08,,8477425.0
columbus-blue-jackets,vegas-golden-knights,Kirill Marchenko,Injured Reserve 5,ir5,Injured Reserve,ir,86.0,dtd,False,2026-01-08,,8480893.0
edmonton-oilers,winnipeg-jets,Jake Walman,Injured Reserve 1,ir1,Injured Reserve,ir,96.0,ir,False,2026-01-08,,8478013.0
edmonton-oilers,winnipeg-jets,Adam Henrique,Injured Reserve 2,ir2,Injured Reserve,ir,19.0,out,False,2026-01-08,,8474641.0
edmonton-oilers,winnipeg-jets,Tristan Jarry,Injured Reserve 3,ir3,Injured Reserve,ir,35.0,ir,False,2026-01-08,,
florida-panthers,montreal-canadiens,Matthew Tkachuk,Injured Reserve 1,ir1,Injured Reserve,ir,19.0,ir,False,2026-01-08,,
florida-panthers,montreal-canadiens,Aleksander Barkov,Injured Reserve 2,ir2,Injured Reserve,ir,16.0,ir,False,2026-01-08,,
florida-panthers,montreal-canadiens,Dmitry Kulikov,Injured Reserve 3,ir3,Injured Reserve,ir,7.0,ir,False,2026-01-08,,8475179.0
florida-panthers,montreal-canadiens,Jonah Gadjovich,Injured Reserve 4,ir4,Injured Reserve,ir,12.0,ir,False,2026-01-08,,8479981.0
florida-panthers,montreal-canadiens,Cole Schwindt,Injured Reserve 5,ir5,Injured Reserve,ir,79.0,ir,False,2026-01-08,,8481655.0
florida-panthers,montreal-canadiens,Tomas Nosek,Injured Reserve 6,ir6,Injured Reserve,ir,92.0,out,False,2026-01-08,,
florida-panthers,montreal-canadiens,Seth Jones,Injured Reserve 7,ir7,Injured Reserve,ir,3.0,dtd,False,2026-01-08,,8477495.0
florida-panthers,montreal-canadiens,Brad Marchand,Injured Reserve 8,ir8,Injured Reserve,ir,63.0,dtd,False,2026-01-08,,8473419.0
minnesota-wild,seattle-kraken,Daemon Hunt,Injured Reserve 1,ir1,Injured Reserve,ir,48.0,ir,False,2026-01-08,,8482094.0
minnesota-wild,seattle-kraken,Zach Bogosian,Injured Reserve 2,ir2,Injured Reserve,ir,24.0,dtd,False,2026-01-08,,8474567.0
minnesota-wild,seattle-kraken,Marcus Johansson,Injured Reserve 3,ir3,Injured Reserve,ir,90.0,dtd,False,2026-01-08,,8475149.0
montreal-canadiens,florida-panthers,Kaiden Guhle,Injured Reserve 1,ir1,Injured Reserve,ir,21.0,ir,False,2026-01-08,,8482087.0
montreal-canadiens,florida-panthers,Patrik Laine,Injured Reserve 2,ir2,Injured Reserve,ir,92.0,ir,False,2026-01-08,,8479339.0
montreal-canadiens,florida-panthers,Kirby Dach,Injured Reserve 3,ir3,Injured Reserve,ir,77.0,ir,False,2026-01-08,,8481523.0
montreal-canadiens,florida-panthers,Alex Newhook,Injured Reserve 4,ir4,Injured Reserve,ir,15.0,ir,False,2026-01-08,,8481618.0
montreal-canadiens,florida-panthers,Jake Evans,Injured Reserve 5,ir5,Injured Reserve,ir,71.0,ir,False,2026-01-08,,8478133.0
montreal-canadiens,florida-panthers,David Reinbacher,Injured Reserve 6,ir6,Injured Reserve,ir,64.0,out,False,2026-01-08,,
montreal-canadiens,florida-panthers,Josh Anderson,Injured Reserve 7,ir7,Injured Reserve,ir,17.0,dtd,False,2026-01-08,,8476981.0
nashville-predators,new-york-islanders,Cole Smith,Injured Reserve 1,ir1,Injured Reserve,ir,36.0,ir,False,2026-01-08,,8482062.0
nashville-predators,new-york-islanders,Zachary L'Heureux,Injured Reserve 2,ir2,Injured Reserve,ir,68.0,out,False,2026-01-08,,
nashville-predators,new-york-islanders,Jonathan Marchessault,Injured Reserve 3,ir3,Injured Reserve,ir,81.0,dtd,False,2026-01-08,,8476539.0
nashville-predators,new-york-islanders,Ozzy Wiesblatt,Injured Reserve 4,ir4,Injured Reserve,ir,89.0,ir,False,2026-01-08,,8482103.0
nashville-predators,new-york-islanders,Justin Barron,Injured Reserve 5,ir5,Injured Reserve,ir,20.0,ir,False,2026-01-08,,8482111.0
new-jersey-devils,pittsburgh-penguins,Zack MacEwen,Injured Reserve 1,ir1,Injured Reserve,ir,,ir,False,2026-01-08,,8479772.0
new-jersey-devils,pittsburgh-penguins,Johnathan Kovacevic,Injured Reserve 2,ir2,Injured Reserve,ir,8.0,ir,False,2026-01-08,,
new-jersey-devils,pittsburgh-penguins,Evgenii Dadonov,Injured Reserve 3,ir3,Injured Reserve,ir,33.0,ir,False,2026-01-08,,8474149.0
new-jersey-devils,pittsburgh-penguins,Simon Nemec,Injured Reserve 4,ir4,Injured Reserve,ir,17.0,ir,False,2026-01-08,,8483495.0
new-york-islanders,nashville-predators,Semyon Varlamov,Injured Reserve 1,ir1,Injured Reserve,ir,40.0,ir,False,2026-01-08,,
new-york-islanders,nashville-predators,Pierre Engvall,Injured Reserve 2,ir2,Injured Reserve,ir,18.0,ir,False,2026-01-08,,
new-york-islanders,nashville-predators,Ethan Bear,Injured Reserve 3,ir3,Injured Reserve,ir,,ir,False,2026-01-08,,
new-york-islanders,nashville-predators,Alexander Romanov,Injured Reserve 4,ir4,Injured Reserve,ir,28.0,ir,False,2026-01-08,,8481014.0
new-york-islanders,nashville-predators,Kyle Palmieri,Injured Reserve 5,ir5,Injured Reserve,ir,21.0,ir,False,2026-01-08,,8475151.0
new-york-islanders,nashville-predators,Bo Horvat,Injured Reserve 6,ir6,Injured Reserve,ir,14.0,out,False,2026-01-08,,8477500.0
new-york-rangers,buffalo-sabres,J.T. Miller,Injured Reserve 1,ir1,Injured Reserve,ir,9.0,ir,False,2026-01-08,,8476468.0
new-york-rangers,buffalo-sabres,Conor Sheary,Injured Reserve 2,ir2,Injured Reserve,ir,,ir,False,2026-01-08,,8477839.0
new-york-rangers,buffalo-sabres,Adam Edstrom,Injured Reserve 3,ir3,Injured Reserve,ir,84.0,ir,False,2026-01-08,,8481726.0
new-york-rangers,buffalo-sabres,Noah Laba,Injured Reserve 4,ir4,Injured Reserve,ir,42.0,out,False,2026-01-08,,8483690.0
new-york-rangers,buffalo-sabres,Igor Shesterkin,Injured Reserve 5,ir5,Injured Reserve,ir,31.0,ir,False,2026-01-08,,
new-york-rangers,buffalo-sabres,Adam Fox,Injured Reserve 6,ir6,Injured Reserve,ir,23.0,ir,False,2026-01-08,,8479323.0
ottawa-senators,colorado-avalanche,Lars Eller,Injured Reserve 2,ir2,Injured Reserve,ir,89.0,ir,False,2026-01-08,,8474189.0
ottawa-senators,colorado-avalanche,Linus Ullmark,Injured Reserve 4,ir4,Injured Reserve,ir,35.0,out,False,2026-01-08,,
philadelphia-flyers,toronto-maple-leafs,Tyson Foerster,Injured Reserve 1,ir1,Injured Reserve,ir,71.0,ir,False,2026-01-08,,8482159.0
philadelphia-flyers,toronto-maple-leafs,Matvei Michkov,Injured Reserve 2,ir2,Injured Reserve,ir,39.0,dtd,False,2026-01-08,,8484387.0
philadelphia-flyers,toronto-maple-leafs,Bobby Brink,Injured Reserve 4,ir4,Injured Reserve,ir,10.0,out,False,2026-01-08,,8481553.0
philadelphia-flyers,toronto-maple-leafs,Jamie Drysdale,Injured Reserve 5,ir5,Injured Reserve,ir,9.0,none,False,2026-01-08,,8482142.0
pittsburgh-penguins,new-jersey-devils,Joel Blomqvist,Injured Reserve 1,ir1,Injured Reserve,ir,30.0,ir,False,2026-01-08,,
pittsburgh-penguins,new-jersey-devils,Evgeni Malkin,Injured Reserve 2,ir2,Injured Reserve,ir,71.0,ir,False,2026-01-08,,8471215.0
pittsburgh-penguins,new-jersey-devils,Filip Hallander,Injured Reserve 3,ir3,Injured Reserve,ir,11.0,ir,False,2026-01-08,,8480842.0
pittsburgh-penguins,new-jersey-devils,Caleb Jones,Injured Reserve 4,ir4,Injured Reserve,ir,82.0,ir,False,2026-01-08,,8478452.0
seattle-kraken,minnesota-wild,Jaden Schwartz,Injured Reserve 1,ir1,Injured Reserve,ir,17.0,ir,False,2026-01-08,,8475768.0
seattle-kraken,minnesota-wild,Matt Murray,Injured Reserve 2,ir2,Injured Reserve,ir,30.0,ir,False,2026-01-08,,
seattle-kraken,minnesota-wild,Brandon Montour,Injured Reserve 3,ir3,Injured Reserve,ir,62.0,ir,False,2026-01-08,,8477986.0
seattle-kraken,minnesota-wild,Eeli Tolvanen,Injured Reserve 4,ir4,Injured Reserve,ir,20.0,dtd,False,2026-01-08,,8480009.0
toronto-maple-leafs,philadelphia-flyers,Anthony Stolarz,Injured Reserve 1,ir1,Injured Reserve,ir,41.0,ir,False,2026-01-08,,
toronto-maple-leafs,philadelphia-flyers,Dakota Mermis,Injured Reserve 2,ir2,Injured Reserve,ir,36.0,ir,False,2026-01-08,,8477541.0
toronto-maple-leafs,philadelphia-flyers,William Nylander,Injured Reserve 4,ir4,Injured Reserve,ir,88.0,dtd,False,2026-01-08,,8477939.0
toronto-maple-leafs,philadelphia-flyers,Chris Tanev,Injured Reserve 5,ir5,Injured Reserve,ir,8.0,out,False,2026-01-08,,8475690.0
toronto-maple-leafs,philadelphia-flyers,Dakota Joshua,Injured Reserve 6,ir6,Injured Reserve,ir,81.0,out,False,2026-01-08,,8478057.0
toronto-maple-leafs,philadelphia-flyers,Jake McCabe,Injured Reserve 7,ir7,Injured Reserve,ir,22.0,dtd,False,2026-01-08,,8476931.0
vancouver-canucks,detroit-red-wings,Filip Chytil,Injured Reserve 1,ir1,Injured Reserve,ir,72.0,ir,False,2026-01-08,,8480078.0
vancouver-canucks,detroit-red-wings,Derek Forbort,Injured Reserve 2,ir2,Injured Reserve,ir,27.0,ir,False,2026-01-08,,8475762.0
vancouver-canucks,detroit-red-wings,Teddy Blueger,Injured Reserve 3,ir3,Injured Reserve,ir,53.0,ir,False,2026-01-08,,8476927.0
vancouver-canucks,detroit-red-wings,Conor Garland,Injured Reserve 4,ir4,Injured Reserve,ir,8.0,out,False,2026-01-08,,8478856.0
vancouver-canucks,detroit-red-wings,Marco Rossi,Injured Reserve 5,ir5,Injured Reserve,ir,93.0,out,False,2026-01-08,,8482079.0
vegas-golden-knights,columbus-blue-jackets,Alex Pietrangelo,Injured Reserve 1,ir1,Injured Reserve,ir,7.0,ir,False,2026-01-08,,
vegas-golden-knights,columbus-blue-jackets,Shea Theodore,Injured Reserve 2,ir2,Injured Reserve,ir,27.0,ir,False,2026-01-08,,8477447.0
vegas-golden-knights,columbus-blue-jackets,William Karlsson,Injured Reserve 3,ir3,Injured Reserve,ir,71.0,ir,False,2026-01-08,,8476448.0
vegas-golden-knights,columbus-blue-jackets,Adin Hill,Injured Reserve 4,ir4,Injured Reserve,ir,33.0,ir,False,2026-01-08,,
vegas-golden-knights,columbus-blue-jackets,Brayden McNabb,Injured Reserve 5,ir5,Injured Reserve,ir,3.0,out,False,2026-01-08,,8475188.0
winnipeg-jets,edmonton-oilers,Haydn Fleury,Injured Reserve 1,ir1,Injured Reserve,ir,24.0,out,False,2026-01-08,,8477938.0
chicago-blackhawks,washington-capitals,Connor Bedard,Injured Reserve 1,ir1,Injured Reserve,ir,98.0,ir,False,2026-01-09,,8484144.0
chicago-blackhawks,washington-capitals,Frank Nazar,Injured Reserve 2,ir2,Injured Reserve,ir,,ir,False,2026-01-09,,8483493.0
los-angeles-kings,winnipeg-jets,Trevor Moore,Injured Reserve 1,ir1,Injured Reserve,ir,12.0,dtd,False,2026-01-09,,8479675.0
los-angeles-kings,winnipeg-jets,Anze Kopitar,Injured Reserve 2,ir2,Injured Reserve,ir,11.0,dtd,False,2026-01-09,,8471685.0
los-angeles-kings,winnipeg-jets,Joel Armia,Injured Reserve 3,ir3,Injured Reserve,ir,40.0,dtd,False,2026-01-09,,8476469.0
los-angeles-kings,winnipeg-jets,Corey Perry,Injured Reserve 4,ir4,Injured Reserve,ir,90.0,out,False,2026-01-09,,8470621.0
st-louis-blues,utah-hockey-club,Torey Krug,Injured Reserve 1,ir1,Injured Reserve,ir,47.0,ir,False,2026-01-09,,
st-louis-blues,utah-hockey-club,Dylan Holloway,Injured Reserve 2,ir2,Injured Reserve,ir,81.0,ir,False,2026-01-09,,8482077.0
st-louis-blues,utah-hockey-club,Nick Bjugstad,Injured Reserve 4,ir4,Injured Reserve,ir,77.0,ir,False,2026-01-09,,8475760.0
st-louis-blues,utah-hockey-club,Pius Suter,Injured Reserve 5,ir5,Injured Reserve,ir,24.0,out,False,2026-01-09,,8480459.0
utah-hockey-club,st-louis-blues,Logan Cooley,Injured Reserve 2,ir2,Injured Reserve,ir,92.0,ir,False,2026-01-09,,8483431.0
utah-hockey-club,st-louis-blues,Kevin Stenlund,Injured Reserve 3,ir3,Injured Reserve,ir,82.0,dtd,False,2026-01-09,,8478831.0
washington-capitals,chicago-blackhawks,Pierre-Luc Dubois,Injured Reserve 1,ir1,Injured Reserve,ir,80.0,ir,False,2026-01-09,,8479400.0
washington-capitals,chicago-blackhawks,Aliaksei Protas,Injured Reserve 2,ir2,Injured Reserve,ir,21.0,ir,False,2026-01-09,,8481656.0
washington-capitals,chicago-blackhawks,Tom Wilson,Injured Reserve 3,ir3,Injured Reserve,ir,43.0,dtd,False,2026-01-09,,8476880.0
winnipeg-jets,los-angeles-kings,Haydn Fleury,Injured Reserve 1,ir1,Injured Reserve,ir,24.0,out,False,2026-01-09,,8477938.0
anaheim-ducks,buffalo-sabres,Frank Vatrano,Injured Reserve 1,ir1,Injured Reserve,ir,77.0,ir,False,2026-01-10,,8478366.0
anaheim-ducks,buffalo-sabres,Troy Terry,Injured Reserve 2,ir2,Injured Reserve,ir,19.0,out,False,2026-01-10,,8478873.0
anaheim-ducks,buffalo-sabres,Petr Mrazek,Injured Reserve 3,ir3,Injured Reserve,ir,34.0,ir,False,2026-01-10,,
boston-bruins,new-york-rangers,Jordan Harris,Injured Reserve 1,ir1,Injured Reserve,ir,43.0,ir,False,2026-01-10,,8480887.0
boston-bruins,new-york-rangers,Matej Blumel,Injured Reserve 2,ir2,Injured Reserve,ir,13.0,ir,False,2026-01-10,,
boston-bruins,new-york-rangers,Hampus Lindholm,Injured Reserve 3,ir3,Injured Reserve,ir,27.0,ir,False,2026-01-10,,8476854.0
boston-bruins,new-york-rangers,Michael Callahan,Injured Reserve 4,ir4,Injured Reserve,ir,79.0,ir,False,2026-01-10,,8480828.0
buffalo-sabres,anaheim-ducks,Conor Timmins,Injured Reserve 1,ir1,Injured Reserve,ir,21.0,ir,False,2026-01-10,,8479982.0
buffalo-sabres,anaheim-ducks,Jiri Kulich,Injured Reserve 2,ir2,Injured Reserve,ir,20.0,ir,False,2026-01-10,,8483468.0
buffalo-sabres,anaheim-ducks,Justin Danforth,Injured Reserve 3,ir3,Injured Reserve,ir,15.0,ir,False,2026-01-10,,8479941.0
buffalo-sabres,anaheim-ducks,Alex Lyon,Injured Reserve 4,ir4,Injured Reserve,ir,34.0,ir,False,2026-01-10,,
buffalo-sabres,anaheim-ducks,Tyson Kozak,Injured Reserve 5,ir5,Injured Reserve,ir,48.0,out,False,2026-01-10,,8482896.0
buffalo-sabres,anaheim-ducks,Michael Kesselring,Injured Reserve 6,ir6,Injured Reserve,ir,8.0,ir,False,2026-01-10,,8480891.0
calgary-flames,pittsburgh-penguins,Martin Pospisil,Injured Reserve 1,ir1,Injured Reserve,ir,76.0,ir,False,2026-01-10,,
calgary-flames,pittsburgh-penguins,Jake Bean,Injured Reserve 2,ir2,Injured Reserve,ir,24.0,ir,False,2026-01-10,,8479402.0
calgary-flames,pittsburgh-penguins,Samuel Honzek,Injured Reserve 3,ir3,Injured Reserve,ir,29.0,ir,False,2026-01-10,,8484180.0
calgary-flames,pittsburgh-penguins,John Beecher,Injured Reserve 4,ir4,Injured Reserve,ir,18.0,ir,False,2026-01-10,,8481556.0
carolina-hurricanes,seattle-kraken,Charles-Alexis Legault,Injured Reserve 1,ir1,Injured Reserve,ir,62.0,ir,False,2026-01-10,,
carolina-hurricanes,seattle-kraken,Pyotr Kochetkov,Injured Reserve 2,ir2,Injured Reserve,ir,52.0,ir,False,2026-01-10,,
carolina-hurricanes,seattle-kraken,Jaccob Slavin,Injured Reserve 3,ir3,Injured Reserve,ir,74.0,ir,False,2026-01-10,,8476958.0
chicago-blackhawks,nashville-predators,Frank Nazar,Injured Reserve 1,ir1,Injured Reserve,ir,,ir,False,2026-01-10,,8483493.0
chicago-blackhawks,nashville-predators,Ilya Mikheyev,Injured Reserve 2,ir2,Injured Reserve,ir,95.0,dtd,False,2026-01-10,,8481624.0
chicago-blackhawks,nashville-predators,Louis Crevier,Injured Reserve 3,ir3,Injured Reserve,ir,46.0,dtd,False,2026-01-10,,8481806.0
chicago-blackhawks,nashville-predators,Arvid Soderblom,Injured Reserve 4,ir4,Injured Reserve,ir,40.0,dtd,False,2026-01-10,,
chicago-blackhawks,nashville-predators,Spencer Knight,Injured Reserve 5,ir5,Injured Reserve,ir,30.0,dtd,False,2026-01-10,,
colorado-avalanche,columbus-blue-jackets,Logan O'Connor,Injured Reserve 1,ir1,Injured Reserve,ir,25.0,out,False,2026-01-10,,
colorado-avalanche,columbus-blue-jackets,Mackenzie Blackwood,Injured Reserve 2,ir2,Injured Reserve,ir,39.0,ir,False,2026-01-10,,
colorado-avalanche,columbus-blue-jackets,Joel Kiviranta,Injured Reserve 3,ir3,Injured Reserve,ir,94.0,out,False,2026-01-10,,8481641.0
colorado-avalanche,columbus-blue-jackets,Devon Toews,Injured Reserve 4,ir4,Injured Reserve,ir,7.0,out,False,2026-01-10,,8478038.0
colorado-avalanche,columbus-blue-jackets,Gabriel Landeskog,Injured Reserve 5,ir5,Injured Reserve,ir,92.0,out,False,2026-01-10,,8476455.0
columbus-blue-jackets,colorado-avalanche,Erik Gudbranson,Injured Reserve 1,ir1,Injured Reserve,ir,44.0,ir,False,2026-01-10,,8475790.0
columbus-blue-jackets,colorado-avalanche,Brendan Smith,Injured Reserve 2,ir2,Injured Reserve,ir,2.0,ir,False,2026-01-10,,
columbus-blue-jackets,colorado-avalanche,Isac Lundestrom,Injured Reserve 3,ir3,Injured Reserve,ir,21.0,ir,False,2026-01-10,,
columbus-blue-jackets,colorado-avalanche,Miles Wood,Injured Reserve 4,ir4,Injured Reserve,ir,28.0,ir,False,2026-01-10,,8477425.0
columbus-blue-jackets,colorado-avalanche,Mason Marchment,Injured Reserve 5,ir5,Injured Reserve,ir,27.0,ir,False,2026-01-10,,8478975.0
dallas-stars,san-jose-sharks,Tyler Seguin,Injured Reserve 1,ir1,Injured Reserve,ir,91.0,ir,False,2026-01-10,,8475794.0
dallas-stars,san-jose-sharks,Lian Bichsel,Injured Reserve 2,ir2,Injured Reserve,ir,6.0,ir,False,2026-01-10,,8483425.0
dallas-stars,san-jose-sharks,Jamie Benn,Injured Reserve 3,ir3,Injured Reserve,ir,14.0,dtd,False,2026-01-10,,8473994.0
edmonton-oilers,los-angeles-kings,Jake Walman,Injured Reserve 1,ir1,Injured Reserve,ir,96.0,ir,False,2026-01-10,,8478013.0
edmonton-oilers,los-angeles-kings,Adam Henrique,Injured Reserve 2,ir2,Injured Reserve,ir,19.0,ir,False,2026-01-10,,8474641.0
edmonton-oilers,los-angeles-kings,Tristan Jarry,Injured Reserve 3,ir3,Injured Reserve,ir,35.0,ir,False,2026-01-10,,
florida-panthers,ottawa-senators,Matthew Tkachuk,Injured Reserve 1,ir1,Injured Reserve,ir,19.0,ir,False,2026-01-10,,
florida-panthers,ottawa-senators,Aleksander Barkov,Injured Reserve 2,ir2,Injured Reserve,ir,16.0,ir,False,2026-01-10,,
florida-panthers,ottawa-senators,Dmitry Kulikov,Injured Reserve 3,ir3,Injured Reserve,ir,7.0,ir,False,2026-01-10,,8475179.0
florida-panthers,ottawa-senators,Jonah Gadjovich,Injured Reserve 4,ir4,Injured Reserve,ir,12.0,ir,False,2026-01-10,,8479981.0
florida-panthers,ottawa-senators,Cole Schwindt,Injured Reserve 5,ir5,Injured Reserve,ir,79.0,ir,False,2026-01-10,,8481655.0
florida-panthers,ottawa-senators,Tomas Nosek,Injured Reserve 6,ir6,Injured Reserve,ir,92.0,out,False,2026-01-10,,
florida-panthers,ottawa-senators,Seth Jones,Injured Reserve 7,ir7,Injured Reserve,ir,3.0,dtd,False,2026-01-10,,8477495.0
florida-panthers,ottawa-senators,Brad Marchand,Injured Reserve 8,ir8,Injured Reserve,ir,63.0,dtd,False,2026-01-10,,8473419.0
los-angeles-kings,edmonton-oilers,Trevor Moore,Injured Reserve 1,ir1,Injured Reserve,ir,12.0,dtd,False,2026-01-10,,8479675.0
los-angeles-kings,edmonton-oilers,Anze Kopitar,Injured Reserve 2,ir2,Injured Reserve,ir,11.0,dtd,False,2026-01-10,,8471685.0
los-angeles-kings,edmonton-oilers,Joel Armia,Injured Reserve 3,ir3,Injured Reserve,ir,40.0,dtd,False,2026-01-10,,8476469.0
los-angeles-kings,edmonton-oilers,Corey Perry,Injured Reserve 4,ir4,Injured Reserve,ir,90.0,out,False,2026-01-10,,8470621.0
minnesota-wild,new-york-islanders,Zach Bogosian,Injured Reserve 1,ir1,Injured Reserve,ir,24.0,dtd,False,2026-01-10,,8474567.0
minnesota-wild,new-york-islanders,Joel Eriksson Ek,Injured Reserve 2,ir2,Injured Reserve,ir,14.0,dtd,False,2026-01-10,,8478493.0
montreal-canadiens,detroit-red-wings,Kaiden Guhle,Injured Reserve 1,ir1,Injured Reserve,ir,21.0,ir,False,2026-01-10,,8482087.0
montreal-canadiens,detroit-red-wings,Patrik Laine,Injured Reserve 2,ir2,Injured Reserve,ir,92.0,ir,False,2026-01-10,,8479339.0
montreal-canadiens,detroit-red-wings,Kirby Dach,Injured Reserve 3,ir3,Injured Reserve,ir,77.0,ir,False,2026-01-10,,8481523.0
montreal-canadiens,detroit-red-wings,Alex Newhook,Injured Reserve 4,ir4,Injured Reserve,ir,15.0,ir,False,2026-01-10,,8481618.0
montreal-canadiens,detroit-red-wings,Jake Evans,Injured Reserve 5,ir5,Injured Reserve,ir,71.0,ir,False,2026-01-10,,8478133.0
montreal-canadiens,detroit-red-wings,David Reinbacher,Injured Reserve 6,ir6,Injured Reserve,ir,64.0,out,False,2026-01-10,,
montreal-canadiens,detroit-red-wings,Josh Anderson,Injured Reserve 7,ir7,Injured Reserve,ir,17.0,dtd,False,2026-01-10,,8476981.0
nashville-predators,chicago-blackhawks,Cole Smith,Injured Reserve 1,ir1,Injured Reserve,ir,36.0,ir,False,2026-01-10,,8482062.0
nashville-predators,chicago-blackhawks,Zachary L'Heureux,Injured Reserve 2,ir2,Injured Reserve,ir,68.0,out,False,2026-01-10,,
nashville-predators,chicago-blackhawks,Jonathan Marchessault,Injured Reserve 3,ir3,Injured Reserve,ir,81.0,dtd,False,2026-01-10,,8476539.0
nashville-predators,chicago-blackhawks,Ozzy Wiesblatt,Injured Reserve 4,ir4,Injured Reserve,ir,89.0,ir,False,2026-01-10,,8482103.0
new-york-islanders,minnesota-wild,Semyon Varlamov,Injured Reserve 1,ir1,Injured Reserve,ir,40.0,ir,False,2026-01-10,,
new-york-islanders,minnesota-wild,Pierre Engvall,Injured Reserve 2,ir2,Injured Reserve,ir,18.0,ir,False,2026-01-10,,
new-york-islanders,minnesota-wild,Ethan Bear,Injured Reserve 3,ir3,Injured Reserve,ir,,ir,False,2026-01-10,,
new-york-islanders,minnesota-wild,Alexander Romanov,Injured Reserve 4,ir4,Injured Reserve,ir,28.0,ir,False,2026-01-10,,8481014.0
new-york-islanders,minnesota-wild,Kyle Palmieri,Injured Reserve 5,ir5,Injured Reserve,ir,21.0,ir,False,2026-01-10,,8475151.0
new-york-islanders,minnesota-wild,Bo Horvat,Injured Reserve 6,ir6,Injured Reserve,ir,14.0,out,False,2026-01-10,,8477500.0
new-york-rangers,boston-bruins,Conor Sheary,Injured Reserve 2,ir2,Injured Reserve,ir,,ir,False,2026-01-10,,8477839.0
new-york-rangers,boston-bruins,Adam Edstrom,Injured Reserve 3,ir3,Injured Reserve,ir,84.0,ir,False,2026-01-10,,8481726.0
new-york-rangers,boston-bruins,Noah Laba,Injured Reserve 4,ir4,Injured Reserve,ir,42.0,out,False,2026-01-10,,8483690.0
new-york-rangers,boston-bruins,Igor Shesterkin,Injured Reserve 5,ir5,Injured Reserve,ir,31.0,ir,False,2026-01-10,,
new-york-rangers,boston-bruins,Adam Fox,Injured Reserve 6,ir6,Injured Reserve,ir,23.0,ir,False,2026-01-10,,8479323.0
ottawa-senators,florida-panthers,Linus Ullmark,Injured Reserve 1,ir1,Injured Reserve,ir,35.0,out,False,2026-01-10,,
philadelphia-flyers,tampa-bay-lightning,Tyson Foerster,Injured Reserve 1,ir1,Injured Reserve,ir,71.0,ir,False,2026-01-10,,8482159.0
philadelphia-flyers,tampa-bay-lightning,Bobby Brink,Injured Reserve 2,ir2,Injured Reserve,ir,10.0,out,False,2026-01-10,,8481553.0
philadelphia-flyers,tampa-bay-lightning,Jamie Drysdale,Injured Reserve 3,ir3,Injured Reserve,ir,9.0,out,False,2026-01-10,,8482142.0
philadelphia-flyers,tampa-bay-lightning,Travis Konecny,Injured Reserve 4,ir4,Injured Reserve,ir,11.0,dtd,False,2026-01-10,,8478439.0
pittsburgh-penguins,calgary-flames,Joel Blomqvist,Injured Reserve 1,ir1,Injured Reserve,ir,30.0,ir,False,2026-01-10,,
pittsburgh-penguins,calgary-flames,Filip Hallander,Injured Reserve 3,ir3,Injured Reserve,ir,11.0,ir,False,2026-01-10,,8480842.0
pittsburgh-penguins,calgary-flames,Caleb Jones,Injured Reserve 4,ir4,Injured Reserve,ir,82.0,ir,False,2026-01-10,,8478452.0
san-jose-sharks,dallas-stars,Carey Price,Injured Reserve 1,ir1,Injured Reserve,ir,31.0,ir,False,2026-01-10,,
san-jose-sharks,dallas-stars,Vincent Desharnais,Injured Reserve 3,ir3,Injured Reserve,ir,5.0,ir,False,2026-01-10,,8479576.0
san-jose-sharks,dallas-stars,Shakir Mukhamadullin,Injured Reserve 4,ir4,Injured Reserve,ir,,ir,False,2026-01-10,,8482166.0
san-jose-sharks,dallas-stars,Philipp Kurashev,Injured Reserve 5,ir5,Injured Reserve,ir,96.0,ir,False,2026-01-10,,8480798.0
san-jose-sharks,dallas-stars,Will Smith,Injured Reserve 6,ir6,Injured Reserve,ir,2.0,ir,False,2026-01-10,,8484227.0
san-jose-sharks,dallas-stars,Ty Dellandrea,Injured Reserve 7,ir7,Injured Reserve,ir,10.0,out,False,2026-01-10,,8480848.0
san-jose-sharks,dallas-stars,John Klingberg,Injured Reserve 8,ir8,Injured Reserve,ir,3.0,dtd,False,2026-01-10,,8475906.0
seattle-kraken,carolina-hurricanes,Jaden Schwartz,Injured Reserve 1,ir1,Injured Reserve,ir,17.0,ir,False,2026-01-10,,8475768.0
seattle-kraken,carolina-hurricanes,Matt Murray,Injured Reserve 2,ir2,Injured Reserve,ir,30.0,ir,False,2026-01-10,,
seattle-kraken,carolina-hurricanes,Brandon Montour,Injured Reserve 3,ir3,Injured Reserve,ir,62.0,ir,False,2026-01-10,,8477986.0
seattle-kraken,carolina-hurricanes,Jordan Eberle,Injured Reserve 4,ir4,Injured Reserve,ir,7.0,dtd,False,2026-01-10,,8474586.0
st-louis-blues,vegas-golden-knights,Torey Krug,Injured Reserve 1,ir1,Injured Reserve,ir,47.0,ir,False,2026-01-10,,
st-louis-blues,vegas-golden-knights,Dylan Holloway,Injured Reserve 2,ir2,Injured Reserve,ir,81.0,ir,False,2026-01-10,,8482077.0
st-louis-blues,vegas-golden-knights,Nick Bjugstad,Injured Reserve 4,ir4,Injured Reserve,ir,77.0,ir,False,2026-01-10,,8475760.0
st-louis-blues,vegas-golden-knights,Pius Suter,Injured Reserve 5,ir5,Injured Reserve,ir,24.0,out,False,2026-01-10,,8480459.0
tampa-bay-lightning,philadelphia-flyers,Victor Hedman,Injured Reserve 1,ir1,Injured Reserve,ir,77.0,ir,False,2026-01-10,,8475167.0
tampa-bay-lightning,philadelphia-flyers,Ryan McDonagh,Injured Reserve 2,ir2,Injured Reserve,ir,27.0,ir,False,2026-01-10,,8474151.0
tampa-bay-lightning,philadelphia-flyers,Emil Lilleberg,Injured Reserve 3,ir3,Injured Reserve,ir,,ir,False,2026-01-10,,8482929.0
tampa-bay-lightning,philadelphia-flyers,Scott Sabourin,Injured Reserve 4,ir4,Injured Reserve,ir,46.0,ir,False,2026-01-10,,8477149.0
toronto-maple-leafs,vancouver-canucks,Anthony Stolarz,Injured Reserve 1,ir1,Injured Reserve,ir,41.0,ir,False,2026-01-10,,
toronto-maple-leafs,vancouver-canucks,Dakota Mermis,Injured Reserve 2,ir2,Injured Reserve,ir,36.0,ir,False,2026-01-10,,8477541.0
toronto-maple-leafs,vancouver-canucks,William Nylander,Injured Reserve 4,ir4,Injured Reserve,ir,88.0,dtd,False,2026-01-10,,8477939.0
toronto-maple-leafs,vancouver-canucks,Chris Tanev,Injured Reserve 5,ir5,Injured Reserve,ir,8.0,out,False,2026-01-10,,8475690.0
toronto-maple-leafs,vancouver-canucks,Dakota Joshua,Injured Reserve 6,ir6,Injured Reserve,ir,81.0,out,False,2026-01-10,,8478057.0
toronto-maple-leafs,vancouver-canucks,Jake McCabe,Injured Reserve 7,ir7,Injured Reserve,ir,22.0,dtd,False,2026-01-10,,8476931.0
vancouver-canucks,toronto-maple-leafs,Filip Chytil,Injured Reserve 1,ir1,Injured Reserve,ir,72.0,ir,False,2026-01-10,,8480078.0
vancouver-canucks,toronto-maple-leafs,Derek Forbort,Injured Reserve 2,ir2,Injured Reserve,ir,27.0,ir,False,2026-01-10,,8475762.0
vancouver-canucks,toronto-maple-leafs,Teddy Blueger,Injured Reserve 3,ir3,Injured Reserve,ir,53.0,ir,False,2026-01-10,,8476927.0
vancouver-canucks,toronto-maple-leafs,Conor Garland,Injured Reserve 4,ir4,Injured Reserve,ir,8.0,out,False,2026-01-10,,8478856.0
vancouver-canucks,toronto-maple-leafs,Marco Rossi,Injured Reserve 5,ir5,Injured Reserve,ir,93.0,out,False,2026-01-10,,8482079.0
vegas-golden-knights,st-louis-blues,Alex Pietrangelo,Injured Reserve 1,ir1,Injured Reserve,ir,7.0,ir,False,2026-01-10,,
vegas-golden-knights,st-louis-blues,Shea Theodore,Injured Reserve 2,ir2,Injured Reserve,ir,27.0,ir,False,2026-01-10,,8477447.0
vegas-golden-knights,st-louis-blues,William Karlsson,Injured Reserve 3,ir3,Injured Reserve,ir,71.0,ir,False,2026-01-10,,8476448.0
vegas-golden-knights,st-louis-blues,Adin Hill,Injured Reserve 4,ir4,Injured Reserve,ir,33.0,ir,False,2026-01-10,,
vegas-golden-knights,st-louis-blues,Brayden McNabb,Injured Reserve 5,ir5,Injured Reserve,ir,3.0,out,False,2026-01-10,,8475188.0
vegas-golden-knights,st-louis-blues,Carter Hart,Injured Reserve 6,ir6,Injured Reserve,ir,79.0,dtd,False,2026-01-10,,
boston-bruins,pittsburgh-penguins,Jordan Harris,Injured Reserve 1,ir1,Injured Reserve,ir,43.0,ir,False,2026-01-11,,8480887.0
boston-bruins,pittsburgh-penguins,Matej Blumel,Injured Reserve 2,ir2,Injured Reserve,ir,13.0,ir,False,2026-01-11,,
boston-bruins,pittsburgh-penguins,Hampus Lindholm,Injured Reserve 3,ir3,Injured Reserve,ir,27.0,ir,False,2026-01-11,,8476854.0
boston-bruins,pittsburgh-penguins,Michael Callahan,Injured Reserve 4,ir4,Injured Reserve,ir,79.0,ir,False,2026-01-11,,8480828.0
columbus-blue-jackets,utah-hockey-club,Erik Gudbranson,Injured Reserve 1,ir1,Injured Reserve,ir,44.0,ir,False,2026-01-11,,8475790.0
columbus-blue-jackets,utah-hockey-club,Brendan Smith,Injured Reserve 2,ir2,Injured Reserve,ir,2.0,ir,False,2026-01-11,,
columbus-blue-jackets,utah-hockey-club,Isac Lundestrom,Injured Reserve 3,ir3,Injured Reserve,ir,21.0,ir,False,2026-01-11,,
columbus-blue-jackets,utah-hockey-club,Miles Wood,Injured Reserve 4,ir4,Injured Reserve,ir,28.0,ir,False,2026-01-11,,8477425.0
columbus-blue-jackets,utah-hockey-club,Mason Marchment,Injured Reserve 5,ir5,Injured Reserve,ir,27.0,ir,False,2026-01-11,,8478975.0
nashville-predators,washington-capitals,Cole Smith,Injured Reserve 1,ir1,Injured Reserve,ir,36.0,ir,False,2026-01-11,,8482062.0
nashville-predators,washington-capitals,Zachary L'Heureux,Injured Reserve 2,ir2,Injured Reserve,ir,68.0,out,False,2026-01-11,,
nashville-predators,washington-capitals,Jonathan Marchessault,Injured Reserve 3,ir3,Injured Reserve,ir,81.0,dtd,False,2026-01-11,,8476539.0
nashville-predators,washington-capitals,Ozzy Wiesblatt,Injured Reserve 4,ir4,Injured Reserve,ir,89.0,ir,False,2026-01-11,,8482103.0
new-jersey-devils,winnipeg-jets,Zack MacEwen,Injured Reserve 1,ir1,Injured Reserve,ir,,ir,False,2026-01-11,,8479772.0
new-jersey-devils,winnipeg-jets,Johnathan Kovacevic,Injured Reserve 2,ir2,Injured Reserve,ir,8.0,ir,False,2026-01-11,,
new-jersey-devils,winnipeg-jets,Evgenii Dadonov,Injured Reserve 3,ir3,Injured Reserve,ir,33.0,ir,False,2026-01-11,,8474149.0
new-jersey-devils,winnipeg-jets,Stefan Noesen,Injured Reserve 4,ir4,Injured Reserve,ir,11.0,ir,False,2026-01-11,,8476474.0
pittsburgh-penguins,boston-bruins,Joel Blomqvist,Injured Reserve 1,ir1,Injured Reserve,ir,30.0,ir,False,2026-01-11,,
pittsburgh-penguins,boston-bruins,Filip Hallander,Injured Reserve 3,ir3,Injured Reserve,ir,11.0,ir,False,2026-01-11,,8480842.0
pittsburgh-penguins,boston-bruins,Caleb Jones,Injured Reserve 4,ir4,Injured Reserve,ir,82.0,ir,False,2026-01-11,,8478452.0
pittsburgh-penguins,boston-bruins,Bryan Rust,Injured Reserve 5,ir5,Injured Reserve,ir,17.0,dtd,False,2026-01-11,,8475810.0
san-jose-sharks,vegas-golden-knights,Carey Price,Injured Reserve 1,ir1,Injured Reserve,ir,31.0,ir,False,2026-01-11,,
san-jose-sharks,vegas-golden-knights,Vincent Desharnais,Injured Reserve 3,ir3,Injured Reserve,ir,5.0,ir,False,2026-01-11,,8479576.0
san-jose-sharks,vegas-golden-knights,Shakir Mukhamadullin,Injured Reserve 4,ir4,Injured Reserve,ir,,ir,False,2026-01-11,,8482166.0
san-jose-sharks,vegas-golden-knights,Philipp Kurashev,Injured Reserve 5,ir5,Injured Reserve,ir,96.0,ir,False,2026-01-11,,8480798.0
san-jose-sharks,vegas-golden-knights,Will Smith,Injured Reserve 6,ir6,Injured Reserve,ir,2.0,ir,False,2026-01-11,,8484227.0
san-jose-sharks,vegas-golden-knights,Ty Dellandrea,Injured Reserve 7,ir7,Injured Reserve,ir,10.0,out,False,2026-01-11,,8480848.0
san-jose-sharks,vegas-golden-knights,John Klingberg,Injured Reserve 8,ir8,Injured Reserve,ir,3.0,dtd,False,2026-01-11,,8475906.0
utah-hockey-club,columbus-blue-jackets,Logan Cooley,Injured Reserve 2,ir2,Injured Reserve,ir,92.0,ir,False,2026-01-11,,8483431.0
vegas-golden-knights,san-jose-sharks,Alex Pietrangelo,Injured Reserve 1,ir1,Injured Reserve,ir,7.0,ir,False,2026-01-11,,
vegas-golden-knights,san-jose-sharks,Brandon Saad,Injured Reserve 2,ir2,Injured Reserve,ir,20.0,dtd,False,2026-01-11,,8476438.0
vegas-golden-knights,san-jose-sharks,William Karlsson,Injured Reserve 3,ir3,Injured Reserve,ir,71.0,ir,False,2026-01-11,,8476448.0
vegas-golden-knights,san-jose-sharks,Adin Hill,Injured Reserve 4,ir4,Injured Reserve,ir,33.0,ir,False,2026-01-11,,
vegas-golden-knights,san-jose-sharks,Brayden McNabb,Injured Reserve 5,ir5,Injured Reserve,ir,3.0,out,False,2026-01-11,,8475188.0
vegas-golden-knights,san-jose-sharks,Carter Hart,Injured Reserve 6,ir6,Injured Reserve,ir,79.0,out,False,2026-01-11,,
washington-capitals,nashville-predators,Pierre-Luc Dubois,Injured Reserve 1,ir1,Injured Reserve,ir,80.0,ir,False,2026-01-11,,8479400.0
washington-capitals,nashville-predators,Tom Wilson,Injured Reserve 3,ir3,Injured Reserve,ir,43.0,dtd,False,2026-01-11,,8476880.0
winnipeg-jets,new-jersey-devils,Haydn Fleury,Injured Reserve 1,ir1,Injured Reserve,ir,24.0,out,False,2026-01-11,,8477938.0
winnipeg-jets,new-jersey-devils,Neal Pionk,Injured Reserve 2,ir2,Injured Reserve,ir,4.0,dtd,False,2026-01-11,,8480145.0
winnipeg-jets,new-jersey-devils,Morgan Barron,Injured Reserve 3,ir3,Injured Reserve,ir,36.0,dtd,False,2026-01-11,,8480289.0
buffalo-sabres,florida-panthers,Conor Timmins,Injured Reserve 1,ir1,Injured Reserve,ir,21.0,ir,False,2026-01-12,,8479982.0
buffalo-sabres,florida-panthers,Jiri Kulich,Injured Reserve 2,ir2,Injured Reserve,ir,20.0,ir,False,2026-01-12,,8483468.0
buffalo-sabres,florida-panthers,Justin Danforth,Injured Reserve 3,ir3,Injured Reserve,ir,15.0,ir,False,2026-01-12,,8479941.0
buffalo-sabres,florida-panthers,Alex Lyon,Injured Reserve 4,ir4,Injured Reserve,ir,34.0,ir,False,2026-01-12,,
buffalo-sabres,florida-panthers,Tyson Kozak,Injured Reserve 5,ir5,Injured Reserve,ir,48.0,out,False,2026-01-12,,8482896.0
buffalo-sabres,florida-panthers,Michael Kesselring,Injured Reserve 6,ir6,Injured Reserve,ir,8.0,ir,False,2026-01-12,,8480891.0
carolina-hurricanes,detroit-red-wings,Charles-Alexis Legault,Injured Reserve 1,ir1,Injured Reserve,ir,62.0,ir,False,2026-01-12,,
carolina-hurricanes,detroit-red-wings,Pyotr Kochetkov,Injured Reserve 2,ir2,Injured Reserve,ir,52.0,ir,False,2026-01-12,,
chicago-blackhawks,edmonton-oilers,Frank Nazar,Injured Reserve 1,ir1,Injured Reserve,ir,,ir,False,2026-01-12,,8483493.0
chicago-blackhawks,edmonton-oilers,Louis Crevier,Injured Reserve 3,ir3,Injured Reserve,ir,46.0,dtd,False,2026-01-12,,8481806.0
chicago-blackhawks,edmonton-oilers,Arvid Soderblom,Injured Reserve 4,ir4,Injured Reserve,ir,40.0,dtd,False,2026-01-12,,
chicago-blackhawks,edmonton-oilers,Spencer Knight,Injured Reserve 5,ir5,Injured Reserve,ir,30.0,dtd,False,2026-01-12,,
colorado-avalanche,toronto-maple-leafs,Logan O'Connor,Injured Reserve 1,ir1,Injured Reserve,ir,25.0,out,False,2026-01-12,,
colorado-avalanche,toronto-maple-leafs,Mackenzie Blackwood,Injured Reserve 2,ir2,Injured Reserve,ir,39.0,ir,False,2026-01-12,,
colorado-avalanche,toronto-maple-leafs,Joel Kiviranta,Injured Reserve 3,ir3,Injured Reserve,ir,94.0,out,False,2026-01-12,,8481641.0
colorado-avalanche,toronto-maple-leafs,Devon Toews,Injured Reserve 4,ir4,Injured Reserve,ir,7.0,out,False,2026-01-12,,8478038.0
colorado-avalanche,toronto-maple-leafs,Gabriel Landeskog,Injured Reserve 5,ir5,Injured Reserve,ir,92.0,out,False,2026-01-12,,8476455.0
dallas-stars,los-angeles-kings,Tyler Seguin,Injured Reserve 1,ir1,Injured Reserve,ir,91.0,ir,False,2026-01-12,,8475794.0
dallas-stars,los-angeles-kings,Lian Bichsel,Injured Reserve 2,ir2,Injured Reserve,ir,6.0,ir,False,2026-01-12,,8483425.0
dallas-stars,los-angeles-kings,Jamie Benn,Injured Reserve 3,ir3,Injured Reserve,ir,14.0,dtd,False,2026-01-12,,8473994.0
edmonton-oilers,chicago-blackhawks,Jake Walman,Injured Reserve 1,ir1,Injured Reserve,ir,96.0,ir,False,2026-01-12,,8478013.0
edmonton-oilers,chicago-blackhawks,Adam Henrique,Injured Reserve 2,ir2,Injured Reserve,ir,19.0,ir,False,2026-01-12,,8474641.0
edmonton-oilers,chicago-blackhawks,Tristan Jarry,Injured Reserve 3,ir3,Injured Reserve,ir,35.0,ir,False,2026-01-12,,
florida-panthers,buffalo-sabres,Matthew Tkachuk,Injured Reserve 1,ir1,Injured Reserve,ir,19.0,ir,False,2026-01-12,,
florida-panthers,buffalo-sabres,Aleksander Barkov,Injured Reserve 2,ir2,Injured Reserve,ir,16.0,ir,False,2026-01-12,,
florida-panthers,buffalo-sabres,Dmitry Kulikov,Injured Reserve 3,ir3,Injured Reserve,ir,7.0,ir,False,2026-01-12,,8475179.0
florida-panthers,buffalo-sabres,Jonah Gadjovich,Injured Reserve 4,ir4,Injured Reserve,ir,12.0,ir,False,2026-01-12,,8479981.0
florida-panthers,buffalo-sabres,Cole Schwindt,Injured Reserve 5,ir5,Injured Reserve,ir,79.0,ir,False,2026-01-12,,8481655.0
florida-panthers,buffalo-sabres,Tomas Nosek,Injured Reserve 6,ir6,Injured Reserve,ir,92.0,out,False,2026-01-12,,
florida-panthers,buffalo-sabres,Seth Jones,Injured Reserve 7,ir7,Injured Reserve,ir,3.0,dtd,False,2026-01-12,,8477495.0
florida-panthers,buffalo-sabres,Brad Marchand,Injured Reserve 8,ir8,Injured Reserve,ir,63.0,dtd,False,2026-01-12,,8473419.0
los-angeles-kings,dallas-stars,Trevor Moore,Injured Reserve 1,ir1,Injured Reserve,ir,12.0,dtd,False,2026-01-12,,8479675.0
los-angeles-kings,dallas-stars,Anze Kopitar,Injured Reserve 2,ir2,Injured Reserve,ir,11.0,dtd,False,2026-01-12,,8471685.0
los-angeles-kings,dallas-stars,Joel Armia,Injured Reserve 3,ir3,Injured Reserve,ir,40.0,dtd,False,2026-01-12,,8476469.0
minnesota-wild,new-jersey-devils,Zach Bogosian,Injured Reserve 1,ir1,Injured Reserve,ir,24.0,ir,False,2026-01-12,,8474567.0
minnesota-wild,new-jersey-devils,Joel Eriksson Ek,Injured Reserve 2,ir2,Injured Reserve,ir,14.0,dtd,False,2026-01-12,,8478493.0
montreal-canadiens,vancouver-canucks,Patrik Laine,Injured Reserve 2,ir2,Injured Reserve,ir,92.0,ir,False,2026-01-12,,8479339.0
montreal-canadiens,vancouver-canucks,Kirby Dach,Injured Reserve 3,ir3,Injured Reserve,ir,77.0,ir,False,2026-01-12,,8481523.0
montreal-canadiens,vancouver-canucks,Alex Newhook,Injured Reserve 4,ir4,Injured Reserve,ir,15.0,ir,False,2026-01-12,,8481618.0
montreal-canadiens,vancouver-canucks,Jake Evans,Injured Reserve 5,ir5,Injured Reserve,ir,71.0,ir,False,2026-01-12,,8478133.0
montreal-canadiens,vancouver-canucks,David Reinbacher,Injured Reserve 6,ir6,Injured Reserve,ir,64.0,out,False,2026-01-12,,
montreal-canadiens,vancouver-canucks,Josh Anderson,Injured Reserve 7,ir7,Injured Reserve,ir,17.0,dtd,False,2026-01-12,,8476981.0
new-jersey-devils,minnesota-wild,Zack MacEwen,Injured Reserve 1,ir1,Injured Reserve,ir,,ir,False,2026-01-12,,8479772.0
new-jersey-devils,minnesota-wild,Stefan Noesen,Injured Reserve 4,ir4,Injured Reserve,ir,11.0,ir,False,2026-01-12,,8476474.0
new-york-rangers,seattle-kraken,Conor Sheary,Injured Reserve 2,ir2,Injured Reserve,ir,,ir,False,2026-01-12,,8477839.0
new-york-rangers,seattle-kraken,Adam Edstrom,Injured Reserve 3,ir3,Injured Reserve,ir,84.0,ir,False,2026-01-12,,8481726.0
new-york-rangers,seattle-kraken,Igor Shesterkin,Injured Reserve 5,ir5,Injured Reserve,ir,31.0,ir,False,2026-01-12,,
new-york-rangers,seattle-kraken,Adam Fox,Injured Reserve 6,ir6,Injured Reserve,ir,23.0,ir,False,2026-01-12,,8479323.0
philadelphia-flyers,tampa-bay-lightning,Tyson Foerster,Injured Reserve 1,ir1,Injured Reserve,ir,71.0,ir,False,2026-01-12,,8482159.0
philadelphia-flyers,tampa-bay-lightning,Bobby Brink,Injured Reserve 2,ir2,Injured Reserve,ir,10.0,out,False,2026-01-12,,8481553.0
philadelphia-flyers,tampa-bay-lightning,Jamie Drysdale,Injured Reserve 3,ir3,Injured Reserve,ir,9.0,out,False,2026-01-12,,8482142.0
philadelphia-flyers,tampa-bay-lightning,Travis Konecny,Injured Reserve 4,ir4,Injured Reserve,ir,11.0,dtd,False,2026-01-12,,8478439.0
philadelphia-flyers,tampa-bay-lightning,Carl Grundstrom,Injured Reserve 5,ir5,Injured Reserve,ir,91.0,dtd,False,2026-01-12,,8479336.0
seattle-kraken,new-york-rangers,Brandon Montour,Injured Reserve 1,ir1,Injured Reserve,ir,62.0,ir,False,2026-01-12,,8477986.0
seattle-kraken,new-york-rangers,Matt Murray,Injured Reserve 2,ir2,Injured Reserve,ir,30.0,ir,False,2026-01-12,,
seattle-kraken,new-york-rangers,Chandler Stephenson,Injured Reserve 3,ir3,Injured Reserve,ir,9.0,out,False,2026-01-12,,8476905.0
seattle-kraken,new-york-rangers,Jordan Eberle,Injured Reserve 4,ir4,Injured Reserve,ir,7.0,dtd,False,2026-01-12,,8474586.0
tampa-bay-lightning,philadelphia-flyers,Victor Hedman,Injured Reserve 1,ir1,Injured Reserve,ir,77.0,ir,False,2026-01-12,,8475167.0
tampa-bay-lightning,philadelphia-flyers,Ryan McDonagh,Injured Reserve 2,ir2,Injured Reserve,ir,27.0,ir,False,2026-01-12,,8474151.0
tampa-bay-lightning,philadelphia-flyers,Emil Lilleberg,Injured Reserve 3,ir3,Injured Reserve,ir,,ir,False,2026-01-12,,8482929.0
tampa-bay-lightning,philadelphia-flyers,Scott Sabourin,Injured Reserve 4,ir4,Injured Reserve,ir,46.0,ir,False,2026-01-12,,8477149.0
toronto-maple-leafs,colorado-avalanche,Anthony Stolarz,Injured Reserve 1,ir1,Injured Reserve,ir,41.0,ir,False,2026-01-12,,
toronto-maple-leafs,colorado-avalanche,Dakota Mermis,Injured Reserve 2,ir2,Injured Reserve,ir,36.0,ir,False,2026-01-12,,8477541.0
toronto-maple-leafs,colorado-avalanche,Chris Tanev,Injured Reserve 5,ir5,Injured Reserve,ir,8.0,out,False,2026-01-12,,8475690.0
toronto-maple-leafs,colorado-avalanche,Dakota Joshua,Injured Reserve 6,ir6,Injured Reserve,ir,81.0,out,False,2026-01-12,,8478057.0
vancouver-canucks,montreal-canadiens,Filip Chytil,Injured Reserve 1,ir1,Injured Reserve,ir,72.0,ir,False,2026-01-12,,8480078.0
vancouver-canucks,montreal-canadiens,Derek Forbort,Injured Reserve 2,ir2,Injured Reserve,ir,27.0,ir,False,2026-01-12,,8475762.0
vancouver-canucks,montreal-canadiens,Teddy Blueger,Injured Reserve 3,ir3,Injured Reserve,ir,53.0,ir,False,2026-01-12,,8476927.0
vancouver-canucks,montreal-canadiens,Conor Garland,Injured Reserve 4,ir4,Injured Reserve,ir,8.0,out,False,2026-01-12,,8478856.0
vancouver-canucks,montreal-canadiens,Marco Rossi,Injured Reserve 5,ir5,Injured Reserve,ir,93.0,dtd,False,2026-01-12,,8482079.0
vancouver-canucks,montreal-canadiens,Thatcher Demko,Injured Reserve 6,ir6,Injured Reserve,ir,35.0,ir,False,2026-01-12,,
anaheim-ducks,dallas-stars,Frank Vatrano,Injured Reserve 1,ir1,Injured Reserve,ir,77.0,ir,False,2026-01-13,,8478366.0
anaheim-ducks,dallas-stars,Troy Terry,Injured Reserve 2,ir2,Injured Reserve,ir,19.0,out,False,2026-01-13,,8478873.0
anaheim-ducks,dallas-stars,Petr Mrazek,Injured Reserve 3,ir3,Injured Reserve,ir,34.0,ir,False,2026-01-13,,
anaheim-ducks,dallas-stars,Jacob Trouba,Injured Reserve 4,ir4,Injured Reserve,ir,65.0,dtd,False,2026-01-13,,8476885.0
anaheim-ducks,dallas-stars,Leo Carlsson,Injured Reserve 5,ir5,Injured Reserve,ir,91.0,dtd,False,2026-01-13,,8484153.0
boston-bruins,detroit-red-wings,Jordan Harris,Injured Reserve 1,ir1,Injured Reserve,ir,43.0,ir,False,2026-01-13,,8480887.0
boston-bruins,detroit-red-wings,Matej Blumel,Injured Reserve 2,ir2,Injured Reserve,ir,13.0,ir,False,2026-01-13,,
boston-bruins,detroit-red-wings,Hampus Lindholm,Injured Reserve 3,ir3,Injured Reserve,ir,27.0,ir,False,2026-01-13,,8476854.0
boston-bruins,detroit-red-wings,Michael Callahan,Injured Reserve 4,ir4,Injured Reserve,ir,79.0,ir,False,2026-01-13,,8480828.0
boston-bruins,detroit-red-wings,Morgan Geekie,Injured Reserve 5,ir5,Injured Reserve,ir,39.0,out,False,2026-01-13,,8479987.0
calgary-flames,columbus-blue-jackets,Martin Pospisil,Injured Reserve 1,ir1,Injured Reserve,ir,76.0,ir,False,2026-01-13,,
calgary-flames,columbus-blue-jackets,Jake Bean,Injured Reserve 2,ir2,Injured Reserve,ir,24.0,ir,False,2026-01-13,,8479402.0
calgary-flames,columbus-blue-jackets,Samuel Honzek,Injured Reserve 3,ir3,Injured Reserve,ir,29.0,ir,False,2026-01-13,,8484180.0
calgary-flames,columbus-blue-jackets,John Beecher,Injured Reserve 4,ir4,Injured Reserve,ir,18.0,ir,False,2026-01-13,,8481556.0
calgary-flames,columbus-blue-jackets,Blake Coleman,Injured Reserve 5,ir5,Injured Reserve,ir,20.0,dtd,False,2026-01-13,,8476399.0
carolina-hurricanes,st-louis-blues,Charles-Alexis Legault,Injured Reserve 1,ir1,Injured Reserve,ir,62.0,ir,False,2026-01-13,,
carolina-hurricanes,st-louis-blues,Pyotr Kochetkov,Injured Reserve 2,ir2,Injured Reserve,ir,52.0,ir,False,2026-01-13,,
carolina-hurricanes,st-louis-blues,William Carrier,Injured Reserve 3,ir3,Injured Reserve,ir,28.0,dtd,False,2026-01-13,,8477478.0
columbus-blue-jackets,calgary-flames,Erik Gudbranson,Injured Reserve 1,ir1,Injured Reserve,ir,44.0,ir,False,2026-01-13,,8475790.0
columbus-blue-jackets,calgary-flames,Brendan Smith,Injured Reserve 2,ir2,Injured Reserve,ir,2.0,ir,False,2026-01-13,,
columbus-blue-jackets,calgary-flames,Isac Lundestrom,Injured Reserve 3,ir3,Injured Reserve,ir,21.0,ir,False,2026-01-13,,
columbus-blue-jackets,calgary-flames,Miles Wood,Injured Reserve 4,ir4,Injured Reserve,ir,28.0,ir,False,2026-01-13,,8477425.0
columbus-blue-jackets,calgary-flames,Mason Marchment,Injured Reserve 5,ir5,Injured Reserve,ir,27.0,ir,False,2026-01-13,,8478975.0
columbus-blue-jackets,calgary-flames,Denton Mateychuk,Injured Reserve 6,ir6,Injured Reserve,ir,5.0,dtd,False,2026-01-13,,8483485.0
dallas-stars,anaheim-ducks,Tyler Seguin,Injured Reserve 1,ir1,Injured Reserve,ir,91.0,ir,False,2026-01-13,,8475794.0
dallas-stars,anaheim-ducks,Lian Bichsel,Injured Reserve 2,ir2,Injured Reserve,ir,6.0,ir,False,2026-01-13,,8483425.0
edmonton-oilers,nashville-predators,Jake Walman,Injured Reserve 1,ir1,Injured Reserve,ir,96.0,ir,False,2026-01-13,,8478013.0
edmonton-oilers,nashville-predators,Adam Henrique,Injured Reserve 2,ir2,Injured Reserve,ir,19.0,ir,False,2026-01-13,,8474641.0
edmonton-oilers,nashville-predators,Tristan Jarry,Injured Reserve 3,ir3,Injured Reserve,ir,35.0,ir,False,2026-01-13,,
montreal-canadiens,washington-capitals,Patrik Laine,Injured Reserve 2,ir2,Injured Reserve,ir,92.0,ir,False,2026-01-13,,8479339.0
montreal-canadiens,washington-capitals,Kirby Dach,Injured Reserve 3,ir3,Injured Reserve,ir,77.0,ir,False,2026-01-13,,8481523.0
montreal-canadiens,washington-capitals,Alex Newhook,Injured Reserve 4,ir4,Injured Reserve,ir,15.0,ir,False,2026-01-13,,8481618.0
montreal-canadiens,washington-capitals,Jake Evans,Injured Reserve 5,ir5,Injured Reserve,ir,71.0,ir,False,2026-01-13,,8478133.0
montreal-canadiens,washington-capitals,David Reinbacher,Injured Reserve 6,ir6,Injured Reserve,ir,64.0,out,False,2026-01-13,,
montreal-canadiens,washington-capitals,Josh Anderson,Injured Reserve 7,ir7,Injured Reserve,ir,17.0,dtd,False,2026-01-13,,8476981.0
nashville-predators,edmonton-oilers,Cole Smith,Injured Reserve 1,ir1,Injured Reserve,ir,36.0,ir,False,2026-01-13,,8482062.0
nashville-predators,edmonton-oilers,Zachary L'Heureux,Injured Reserve 2,ir2,Injured Reserve,ir,68.0,out,False,2026-01-13,,
nashville-predators,edmonton-oilers,Jonathan Marchessault,Injured Reserve 3,ir3,Injured Reserve,ir,81.0,dtd,False,2026-01-13,,8476539.0
nashville-predators,edmonton-oilers,Ozzy Wiesblatt,Injured Reserve 4,ir4,Injured Reserve,ir,89.0,ir,False,2026-01-13,,8482103.0
new-york-islanders,winnipeg-jets,Semyon Varlamov,Injured Reserve 1,ir1,Injured Reserve,ir,40.0,ir,False,2026-01-13,,
new-york-islanders,winnipeg-jets,Pierre Engvall,Injured Reserve 2,ir2,Injured Reserve,ir,18.0,ir,False,2026-01-13,,
new-york-islanders,winnipeg-jets,Ethan Bear,Injured Reserve 3,ir3,Injured Reserve,ir,,ir,False,2026-01-13,,
new-york-islanders,winnipeg-jets,Alexander Romanov,Injured Reserve 4,ir4,Injured Reserve,ir,28.0,ir,False,2026-01-13,,8481014.0
new-york-islanders,winnipeg-jets,Kyle Palmieri,Injured Reserve 5,ir5,Injured Reserve,ir,21.0,ir,False,2026-01-13,,8475151.0
new-york-islanders,winnipeg-jets,Bo Horvat,Injured Reserve 6,ir6,Injured Reserve,ir,14.0,out,False,2026-01-13,,8477500.0
ottawa-senators,vancouver-canucks,Linus Ullmark,Injured Reserve 1,ir1,Injured Reserve,ir,35.0,out,False,2026-01-13,,
pittsburgh-penguins,tampa-bay-lightning,Joel Blomqvist,Injured Reserve 1,ir1,Injured Reserve,ir,30.0,ir,False,2026-01-13,,
pittsburgh-penguins,tampa-bay-lightning,Filip Hallander,Injured Reserve 3,ir3,Injured Reserve,ir,11.0,ir,False,2026-01-13,,8480842.0
pittsburgh-penguins,tampa-bay-lightning,Caleb Jones,Injured Reserve 4,ir4,Injured Reserve,ir,82.0,ir,False,2026-01-13,,8478452.0
pittsburgh-penguins,tampa-bay-lightning,Bryan Rust,Injured Reserve 5,ir5,Injured Reserve,ir,17.0,dtd,False,2026-01-13,,8475810.0
st-louis-blues,carolina-hurricanes,Torey Krug,Injured Reserve 1,ir1,Injured Reserve,ir,47.0,ir,False,2026-01-13,,
st-louis-blues,carolina-hurricanes,Dylan Holloway,Injured Reserve 2,ir2,Injured Reserve,ir,81.0,ir,False,2026-01-13,,8482077.0
st-louis-blues,carolina-hurricanes,Philip Broberg,Injured Reserve 3,ir3,Injured Reserve,ir,6.0,dtd,False,2026-01-13,,8481598.0
st-louis-blues,carolina-hurricanes,Nick Bjugstad,Injured Reserve 4,ir4,Injured Reserve,ir,77.0,ir,False,2026-01-13,,8475760.0
st-louis-blues,carolina-hurricanes,Pius Suter,Injured Reserve 5,ir5,Injured Reserve,ir,24.0,out,False,2026-01-13,,8480459.0
tampa-bay-lightning,pittsburgh-penguins,Victor Hedman,Injured Reserve 1,ir1,Injured Reserve,ir,77.0,ir,False,2026-01-13,,8475167.0
tampa-bay-lightning,pittsburgh-penguins,Ryan McDonagh,Injured Reserve 2,ir2,Injured Reserve,ir,27.0,ir,False,2026-01-13,,8474151.0
tampa-bay-lightning,pittsburgh-penguins,Emil Lilleberg,Injured Reserve 3,ir3,Injured Reserve,ir,,ir,False,2026-01-13,,8482929.0
tampa-bay-lightning,pittsburgh-penguins,Scott Sabourin,Injured Reserve 4,ir4,Injured Reserve,ir,46.0,ir,False,2026-01-13,,8477149.0
tampa-bay-lightning,pittsburgh-penguins,Brayden Point,Injured Reserve 5,ir5,Injured Reserve,ir,21.0,out,False,2026-01-13,,8478010.0
toronto-maple-leafs,utah-hockey-club,Anthony Stolarz,Injured Reserve 1,ir1,Injured Reserve,ir,41.0,ir,False,2026-01-13,,
toronto-maple-leafs,utah-hockey-club,Dakota Mermis,Injured Reserve 2,ir2,Injured Reserve,ir,36.0,ir,False,2026-01-13,,8477541.0
toronto-maple-leafs,utah-hockey-club,Nicholas Robertson,Injured Reserve 3,ir3,Injured Reserve,ir,89.0,dtd,False,2026-01-13,,8481582.0
toronto-maple-leafs,utah-hockey-club,Chris Tanev,Injured Reserve 5,ir5,Injured Reserve,ir,8.0,out,False,2026-01-13,,8475690.0
toronto-maple-leafs,utah-hockey-club,Dakota Joshua,Injured Reserve 6,ir6,Injured Reserve,ir,81.0,out,False,2026-01-13,,8478057.0
utah-hockey-club,toronto-maple-leafs,Alex Kerfoot,Injured Reserve 1,ir1,Injured Reserve,ir,15.0,ir,False,2026-01-13,,
utah-hockey-club,toronto-maple-leafs,Logan Cooley,Injured Reserve 2,ir2,Injured Reserve,ir,92.0,ir,False,2026-01-13,,8483431.0
vancouver-canucks,ottawa-senators,Filip Chytil,Injured Reserve 1,ir1,Injured Reserve,ir,72.0,ir,False,2026-01-13,,8480078.0
vancouver-canucks,ottawa-senators,Derek Forbort,Injured Reserve 2,ir2,Injured Reserve,ir,27.0,ir,False,2026-01-13,,8475762.0
vancouver-canucks,ottawa-senators,Teddy Blueger,Injured Reserve 3,ir3,Injured Reserve,ir,53.0,ir,False,2026-01-13,,8476927.0
vancouver-canucks,ottawa-senators,Thatcher Demko,Injured Reserve 4,ir4,Injured Reserve,ir,35.0,ir,False,2026-01-13,,
vancouver-canucks,ottawa-senators,Marco Rossi,Injured Reserve 5,ir5,Injured Reserve,ir,93.0,dtd,False,2026-01-13,,8482079.0
vancouver-canucks,ottawa-senators,Kiefer Sherwood,Injured Reserve 6,ir6,Injured Reserve,ir,44.0,dtd,False,2026-01-13,,8480748.0
washington-capitals,montreal-canadiens,Pierre-Luc Dubois,Injured Reserve 1,ir1,Injured Reserve,ir,80.0,ir,False,2026-01-13,,8479400.0
washington-capitals,montreal-canadiens,Jakob Chychrun,Injured Reserve 2,ir2,Injured Reserve,ir,6.0,dtd,False,2026-01-13,,8479345.0
washington-capitals,montreal-canadiens,Tom Wilson,Injured Reserve 3,ir3,Injured Reserve,ir,43.0,dtd,False,2026-01-13,,8476880.0
washington-capitals,montreal-canadiens,Justin Sourdif,Injured Reserve 4,ir4,Injured Reserve,ir,34.0,dtd,False,2026-01-13,,8482088.0
winnipeg-jets,new-york-islanders,Haydn Fleury,Injured Reserve 1,ir1,Injured Reserve,ir,24.0,out,False,2026-01-13,,8477938.0
winnipeg-jets,new-york-islanders,Colin Miller,Injured Reserve 2,ir2,Injured Reserve,ir,6.0,dtd,False,2026-01-13,,8476525.0
winnipeg-jets,new-york-islanders,Morgan Barron,Injured Reserve 3,ir3,Injured Reserve,ir,36.0,dtd,False,2026-01-13,,8480289.0
buffalo-sabres,philadelphia-flyers,Conor Timmins,Injured Reserve 1,ir1,Injured Reserve,ir,21.0,ir,False,2026-01-14,,8479982.0
buffalo-sabres,philadelphia-flyers,Jiri Kulich,Injured Reserve 2,ir2,Injured Reserve,ir,20.0,ir,False,2026-01-14,,8483468.0
buffalo-sabres,philadelphia-flyers,Justin Danforth,Injured Reserve 3,ir3,Injured Reserve,ir,15.0,ir,False,2026-01-14,,8479941.0
buffalo-sabres,philadelphia-flyers,Alex Lyon,Injured Reserve 4,ir4,Injured Reserve,ir,34.0,ir,False,2026-01-14,,
buffalo-sabres,philadelphia-flyers,Tyson Kozak,Injured Reserve 5,ir5,Injured Reserve,ir,48.0,out,False,2026-01-14,,8482896.0
buffalo-sabres,philadelphia-flyers,Michael Kesselring,Injured Reserve 6,ir6,Injured Reserve,ir,8.0,ir,False,2026-01-14,,8480891.0
los-angeles-kings,vegas-golden-knights,Trevor Moore,Injured Reserve 1,ir1,Injured Reserve,ir,12.0,dtd,False,2026-01-14,,8479675.0
los-angeles-kings,vegas-golden-knights,Anze Kopitar,Injured Reserve 2,ir2,Injured Reserve,ir,11.0,dtd,False,2026-01-14,,8471685.0
los-angeles-kings,vegas-golden-knights,Joel Armia,Injured Reserve 3,ir3,Injured Reserve,ir,40.0,dtd,False,2026-01-14,,8476469.0
new-jersey-devils,seattle-kraken,Zack MacEwen,Injured Reserve 1,ir1,Injured Reserve,ir,,ir,False,2026-01-14,,8479772.0
new-jersey-devils,seattle-kraken,Stefan Noesen,Injured Reserve 4,ir4,Injured Reserve,ir,11.0,ir,False,2026-01-14,,8476474.0
new-york-rangers,ottawa-senators,Conor Sheary,Injured Reserve 2,ir2,Injured Reserve,ir,,ir,False,2026-01-14,,8477839.0
new-york-rangers,ottawa-senators,Adam Edstrom,Injured Reserve 3,ir3,Injured Reserve,ir,84.0,ir,False,2026-01-14,,8481726.0
new-york-rangers,ottawa-senators,Igor Shesterkin,Injured Reserve 5,ir5,Injured Reserve,ir,31.0,ir,False,2026-01-14,,
new-york-rangers,ottawa-senators,Adam Fox,Injured Reserve 6,ir6,Injured Reserve,ir,23.0,ir,False,2026-01-14,,8479323.0
ottawa-senators,new-york-rangers,Linus Ullmark,Injured Reserve 1,ir1,Injured Reserve,ir,35.0,out,False,2026-01-14,,
philadelphia-flyers,buffalo-sabres,Tyson Foerster,Injured Reserve 1,ir1,Injured Reserve,ir,71.0,ir,False,2026-01-14,,8482159.0
philadelphia-flyers,buffalo-sabres,Bobby Brink,Injured Reserve 2,ir2,Injured Reserve,ir,10.0,out,False,2026-01-14,,8481553.0
philadelphia-flyers,buffalo-sabres,Jamie Drysdale,Injured Reserve 3,ir3,Injured Reserve,ir,9.0,out,False,2026-01-14,,8482142.0
seattle-kraken,new-jersey-devils,Brandon Montour,Injured Reserve 1,ir1,Injured Reserve,ir,62.0,ir,False,2026-01-14,,8477986.0
seattle-kraken,new-jersey-devils,Matt Murray,Injured Reserve 2,ir2,Injured Reserve,ir,30.0,ir,False,2026-01-14,,
seattle-kraken,new-jersey-devils,Chandler Stephenson,Injured Reserve 3,ir3,Injured Reserve,ir,9.0,out,False,2026-01-14,,8476905.0
vegas-golden-knights,los-angeles-kings,Alex Pietrangelo,Injured Reserve 1,ir1,Injured Reserve,ir,7.0,ir,False,2026-01-14,,
vegas-golden-knights,los-angeles-kings,Brandon Saad,Injured Reserve 2,ir2,Injured Reserve,ir,20.0,dtd,False,2026-01-14,,8476438.0
vegas-golden-knights,los-angeles-kings,William Karlsson,Injured Reserve 3,ir3,Injured Reserve,ir,71.0,ir,False,2026-01-14,,8476448.0
vegas-golden-knights,los-angeles-kings,Adin Hill,Injured Reserve 4,ir4,Injured Reserve,ir,33.0,ir,False,2026-01-14,,
vegas-golden-knights,los-angeles-kings,Brayden McNabb,Injured Reserve 5,ir5,Injured Reserve,ir,3.0,out,False,2026-01-14,,8475188.0
vegas-golden-knights,los-angeles-kings,Carter Hart,Injured Reserve 6,ir6,Injured Reserve,ir,79.0,out,False,2026-01-14,,
boston-bruins,seattle-kraken,Jordan Harris,Injured Reserve 1,ir1,Injured Reserve,ir,43.0,ir,False,2026-01-15,,8480887.0
boston-bruins,seattle-kraken,Matej Blumel,Injured Reserve 2,ir2,Injured Reserve,ir,13.0,ir,False,2026-01-15,,
boston-bruins,seattle-kraken,Hampus Lindholm,Injured Reserve 3,ir3,Injured Reserve,ir,27.0,ir,False,2026-01-15,,8476854.0
boston-bruins,seattle-kraken,Michael Callahan,Injured Reserve 4,ir4,Injured Reserve,ir,79.0,ir,False,2026-01-15,,8480828.0
buffalo-sabres,montreal-canadiens,Conor Timmins,Injured Reserve 1,ir1,Injured Reserve,ir,21.0,ir,False,2026-01-15,,8479982.0
buffalo-sabres,montreal-canadiens,Jiri Kulich,Injured Reserve 2,ir2,Injured Reserve,ir,20.0,ir,False,2026-01-15,,8483468.0
buffalo-sabres,montreal-canadiens,Justin Danforth,Injured Reserve 3,ir3,Injured Reserve,ir,15.0,ir,False,2026-01-15,,8479941.0
buffalo-sabres,montreal-canadiens,Alex Lyon,Injured Reserve 4,ir4,Injured Reserve,ir,34.0,ir,False,2026-01-15,,
buffalo-sabres,montreal-canadiens,Josh Norris,Injured Reserve 5,ir5,Injured Reserve,ir,9.0,out,False,2026-01-15,,8480064.0
buffalo-sabres,montreal-canadiens,Michael Kesselring,Injured Reserve 6,ir6,Injured Reserve,ir,8.0,ir,False,2026-01-15,,8480891.0
buffalo-sabres,montreal-canadiens,Josh Dunne,Injured Reserve 7,ir7,Injured Reserve,ir,,out,False,2026-01-15,,8482623.0
calgary-flames,chicago-blackhawks,Martin Pospisil,Injured Reserve 1,ir1,Injured Reserve,ir,76.0,ir,False,2026-01-15,,
calgary-flames,chicago-blackhawks,Jake Bean,Injured Reserve 2,ir2,Injured Reserve,ir,24.0,ir,False,2026-01-15,,8479402.0
calgary-flames,chicago-blackhawks,Samuel Honzek,Injured Reserve 3,ir3,Injured Reserve,ir,29.0,ir,False,2026-01-15,,8484180.0
calgary-flames,chicago-blackhawks,John Beecher,Injured Reserve 4,ir4,Injured Reserve,ir,18.0,ir,False,2026-01-15,,8481556.0
calgary-flames,chicago-blackhawks,Blake Coleman,Injured Reserve 5,ir5,Injured Reserve,ir,20.0,dtd,False,2026-01-15,,8476399.0
chicago-blackhawks,calgary-flames,Frank Nazar,Injured Reserve 1,ir1,Injured Reserve,ir,,ir,False,2026-01-15,,8483493.0
chicago-blackhawks,calgary-flames,Teuvo Teravainen,Injured Reserve 2,ir2,Injured Reserve,ir,86.0,dtd,False,2026-01-15,,8476882.0
chicago-blackhawks,calgary-flames,Connor Bedard,Injured Reserve 4,ir4,Injured Reserve,ir,98.0,dtd,False,2026-01-15,,8484144.0
columbus-blue-jackets,vancouver-canucks,Erik Gudbranson,Injured Reserve 1,ir1,Injured Reserve,ir,44.0,ir,False,2026-01-15,,8475790.0
columbus-blue-jackets,vancouver-canucks,Brendan Smith,Injured Reserve 2,ir2,Injured Reserve,ir,2.0,ir,False,2026-01-15,,
columbus-blue-jackets,vancouver-canucks,Isac Lundestrom,Injured Reserve 3,ir3,Injured Reserve,ir,21.0,ir,False,2026-01-15,,
columbus-blue-jackets,vancouver-canucks,Miles Wood,Injured Reserve 4,ir4,Injured Reserve,ir,28.0,ir,False,2026-01-15,,8477425.0
columbus-blue-jackets,vancouver-canucks,Mason Marchment,Injured Reserve 5,ir5,Injured Reserve,ir,27.0,ir,False,2026-01-15,,8478975.0
columbus-blue-jackets,vancouver-canucks,Denton Mateychuk,Injured Reserve 6,ir6,Injured Reserve,ir,5.0,dtd,False,2026-01-15,,8483485.0
columbus-blue-jackets,vancouver-canucks,Damon Severson,Injured Reserve 7,ir7,Injured Reserve,ir,78.0,out,False,2026-01-15,,8476923.0
dallas-stars,utah-hockey-club,Tyler Seguin,Injured Reserve 1,ir1,Injured Reserve,ir,91.0,ir,False,2026-01-15,,8475794.0
dallas-stars,utah-hockey-club,Lian Bichsel,Injured Reserve 2,ir2,Injured Reserve,ir,6.0,ir,False,2026-01-15,,8483425.0
dallas-stars,utah-hockey-club,Miro Heiskanen,Injured Reserve 3,ir3,Injured Reserve,ir,4.0,out,False,2026-01-15,,8480036.0
edmonton-oilers,new-york-islanders,Adam Henrique,Injured Reserve 2,ir2,Injured Reserve,ir,19.0,ir,False,2026-01-15,,8474641.0
minnesota-wild,winnipeg-jets,Zach Bogosian,Injured Reserve 1,ir1,Injured Reserve,ir,24.0,ir,False,2026-01-15,,8474567.0
minnesota-wild,winnipeg-jets,Joel Eriksson Ek,Injured Reserve 2,ir2,Injured Reserve,ir,14.0,dtd,False,2026-01-15,,8478493.0
montreal-canadiens,buffalo-sabres,Patrik Laine,Injured Reserve 2,ir2,Injured Reserve,ir,92.0,ir,False,2026-01-15,,8479339.0
montreal-canadiens,buffalo-sabres,Kirby Dach,Injured Reserve 3,ir3,Injured Reserve,ir,77.0,ir,False,2026-01-15,,8481523.0
montreal-canadiens,buffalo-sabres,Alex Newhook,Injured Reserve 4,ir4,Injured Reserve,ir,15.0,ir,False,2026-01-15,,8481618.0
montreal-canadiens,buffalo-sabres,Jake Evans,Injured Reserve 5,ir5,Injured Reserve,ir,71.0,ir,False,2026-01-15,,8478133.0
montreal-canadiens,buffalo-sabres,David Reinbacher,Injured Reserve 6,ir6,Injured Reserve,ir,64.0,out,False,2026-01-15,,
montreal-canadiens,buffalo-sabres,Kaiden Guhle,Injured Reserve 8,ir8,Injured Reserve,ir,21.0,out,False,2026-01-15,,8482087.0
new-york-islanders,edmonton-oilers,Semyon Varlamov,Injured Reserve 1,ir1,Injured Reserve,ir,40.0,ir,False,2026-01-15,,
new-york-islanders,edmonton-oilers,Pierre Engvall,Injured Reserve 2,ir2,Injured Reserve,ir,18.0,ir,False,2026-01-15,,
new-york-islanders,edmonton-oilers,Ethan Bear,Injured Reserve 3,ir3,Injured Reserve,ir,,ir,False,2026-01-15,,
new-york-islanders,edmonton-oilers,Alexander Romanov,Injured Reserve 4,ir4,Injured Reserve,ir,28.0,ir,False,2026-01-15,,8481014.0
new-york-islanders,edmonton-oilers,Kyle Palmieri,Injured Reserve 5,ir5,Injured Reserve,ir,21.0,ir,False,2026-01-15,,8475151.0
new-york-islanders,edmonton-oilers,Bo Horvat,Injured Reserve 6,ir6,Injured Reserve,ir,14.0,out,False,2026-01-15,,8477500.0
philadelphia-flyers,pittsburgh-penguins,Tyson Foerster,Injured Reserve 1,ir1,Injured Reserve,ir,71.0,ir,False,2026-01-15,,8482159.0
philadelphia-flyers,pittsburgh-penguins,Bobby Brink,Injured Reserve 2,ir2,Injured Reserve,ir,10.0,out,False,2026-01-15,,8481553.0
philadelphia-flyers,pittsburgh-penguins,Rasmus Ristolainen,Injured Reserve 4,ir4,Injured Reserve,ir,55.0,dtd,False,2026-01-15,,
pittsburgh-penguins,philadelphia-flyers,Joel Blomqvist,Injured Reserve 1,ir1,Injured Reserve,ir,30.0,ir,False,2026-01-15,,
pittsburgh-penguins,philadelphia-flyers,Filip Hallander,Injured Reserve 3,ir3,Injured Reserve,ir,11.0,ir,False,2026-01-15,,8480842.0
pittsburgh-penguins,philadelphia-flyers,Caleb Jones,Injured Reserve 4,ir4,Injured Reserve,ir,82.0,ir,False,2026-01-15,,8478452.0
pittsburgh-penguins,philadelphia-flyers,Erik Karlsson,Injured Reserve 5,ir5,Injured Reserve,ir,65.0,dtd,False,2026-01-15,,8474578.0
san-jose-sharks,washington-capitals,Carey Price,Injured Reserve 1,ir1,Injured Reserve,ir,31.0,ir,False,2026-01-15,,
san-jose-sharks,washington-capitals,Vincent Desharnais,Injured Reserve 3,ir3,Injured Reserve,ir,5.0,ir,False,2026-01-15,,8479576.0
san-jose-sharks,washington-capitals,Shakir Mukhamadullin,Injured Reserve 4,ir4,Injured Reserve,ir,,ir,False,2026-01-15,,8482166.0
san-jose-sharks,washington-capitals,Philipp Kurashev,Injured Reserve 5,ir5,Injured Reserve,ir,96.0,ir,False,2026-01-15,,8480798.0
san-jose-sharks,washington-capitals,Will Smith,Injured Reserve 6,ir6,Injured Reserve,ir,2.0,ir,False,2026-01-15,,8484227.0
san-jose-sharks,washington-capitals,Ty Dellandrea,Injured Reserve 7,ir7,Injured Reserve,ir,10.0,out,False,2026-01-15,,8480848.0
seattle-kraken,boston-bruins,Brandon Montour,Injured Reserve 1,ir1,Injured Reserve,ir,62.0,ir,False,2026-01-15,,8477986.0
seattle-kraken,boston-bruins,Matt Murray,Injured Reserve 2,ir2,Injured Reserve,ir,30.0,ir,False,2026-01-15,,
toronto-maple-leafs,vegas-golden-knights,Anthony Stolarz,Injured Reserve 1,ir1,Injured Reserve,ir,41.0,ir,False,2026-01-15,,
toronto-maple-leafs,vegas-golden-knights,Dakota Mermis,Injured Reserve 2,ir2,Injured Reserve,ir,36.0,ir,False,2026-01-15,,8477541.0
toronto-maple-leafs,vegas-golden-knights,Nicholas Robertson,Injured Reserve 3,ir3,Injured Reserve,ir,89.0,dtd,False,2026-01-15,,8481582.0
toronto-maple-leafs,vegas-golden-knights,Chris Tanev,Injured Reserve 5,ir5,Injured Reserve,ir,8.0,out,False,2026-01-15,,8475690.0
toronto-maple-leafs,vegas-golden-knights,Dakota Joshua,Injured Reserve 6,ir6,Injured Reserve,ir,81.0,out,False,2026-01-15,,8478057.0
utah-hockey-club,dallas-stars,Alex Kerfoot,Injured Reserve 1,ir1,Injured Reserve,ir,15.0,ir,False,2026-01-15,,
utah-hockey-club,dallas-stars,Logan Cooley,Injured Reserve 2,ir2,Injured Reserve,ir,92.0,ir,False,2026-01-15,,8483431.0
vancouver-canucks,columbus-blue-jackets,Filip Chytil,Injured Reserve 1,ir1,Injured Reserve,ir,72.0,ir,False,2026-01-15,,8480078.0
vancouver-canucks,columbus-blue-jackets,Derek Forbort,Injured Reserve 2,ir2,Injured Reserve,ir,27.0,ir,False,2026-01-15,,8475762.0
vancouver-canucks,columbus-blue-jackets,Teddy Blueger,Injured Reserve 3,ir3,Injured Reserve,ir,53.0,ir,False,2026-01-15,,8476927.0
vancouver-canucks,columbus-blue-jackets,Thatcher Demko,Injured Reserve 4,ir4,Injured Reserve,ir,35.0,ir,False,2026-01-15,,
vancouver-canucks,columbus-blue-jackets,Marco Rossi,Injured Reserve 5,ir5,Injured Reserve,ir,93.0,dtd,False,2026-01-15,,8482079.0
vancouver-canucks,columbus-blue-jackets,Kiefer Sherwood,Injured Reserve 6,ir6,Injured Reserve,ir,44.0,dtd,False,2026-01-15,,8480748.0
vegas-golden-knights,toronto-maple-leafs,Alex Pietrangelo,Injured Reserve 1,ir1,Injured Reserve,ir,7.0,ir,False,2026-01-15,,
vegas-golden-knights,toronto-maple-leafs,Brandon Saad,Injured Reserve 2,ir2,Injured Reserve,ir,20.0,dtd,False,2026-01-15,,8476438.0
vegas-golden-knights,toronto-maple-leafs,William Karlsson,Injured Reserve 3,ir3,Injured Reserve,ir,71.0,ir,False,2026-01-15,,8476448.0
vegas-golden-knights,toronto-maple-leafs,Adin Hill,Injured Reserve 4,ir4,Injured Reserve,ir,33.0,ir,False,2026-01-15,,
vegas-golden-knights,toronto-maple-leafs,Brayden McNabb,Injured Reserve 5,ir5,Injured Reserve,ir,3.0,out,False,2026-01-15,,8475188.0
vegas-golden-knights,toronto-maple-leafs,Carter Hart,Injured Reserve 6,ir6,Injured Reserve,ir,79.0,out,False,2026-01-15,,
washington-capitals,san-jose-sharks,Pierre-Luc Dubois,Injured Reserve 1,ir1,Injured Reserve,ir,80.0,ir,False,2026-01-15,,8479400.0
washington-capitals,san-jose-sharks,Jakob Chychrun,Injured Reserve 2,ir2,Injured Reserve,ir,6.0,dtd,False,2026-01-15,,8479345.0
washington-capitals,san-jose-sharks,Tom Wilson,Injured Reserve 3,ir3,Injured Reserve,ir,43.0,dtd,False,2026-01-15,,8476880.0
washington-capitals,san-jose-sharks,Justin Sourdif,Injured Reserve 4,ir4,Injured Reserve,ir,34.0,dtd,False,2026-01-15,,8482088.0
winnipeg-jets,minnesota-wild,Haydn Fleury,Injured Reserve 1,ir1,Injured Reserve,ir,24.0,out,False,2026-01-15,,8477938.0
winnipeg-jets,minnesota-wild,Colin Miller,Injured Reserve 2,ir2,Injured Reserve,ir,6.0,dtd,False,2026-01-15,,8476525.0
winnipeg-jets,minnesota-wild,Morgan Barron,Injured Reserve 3,ir3,Injured Reserve,ir,36.0,dtd,False,2026-01-15,,8480289.0
anaheim-ducks,los-angeles-kings,Frank Vatrano,Injured Reserve 1,ir1,Injured Reserve,ir,77.0,ir,False,2026-01-16,,8478366.0
anaheim-ducks,los-angeles-kings,Petr Mrazek,Injured Reserve 3,ir3,Injured Reserve,ir,34.0,ir,False,2026-01-16,,
anaheim-ducks,los-angeles-kings,Leo Carlsson,Injured Reserve 5,ir5,Injured Reserve,ir,91.0,dtd,False,2026-01-16,,8484153.0
carolina-hurricanes,florida-panthers,Charles-Alexis Legault,Injured Reserve 1,ir1,Injured Reserve,ir,62.0,ir,False,2026-01-16,,
carolina-hurricanes,florida-panthers,Pyotr Kochetkov,Injured Reserve 2,ir2,Injured Reserve,ir,52.0,ir,False,2026-01-16,,
colorado-avalanche,nashville-predators,Logan O'Connor,Injured Reserve 1,ir1,Injured Reserve,ir,25.0,out,False,2026-01-16,,
colorado-avalanche,nashville-predators,Joel Kiviranta,Injured Reserve 3,ir3,Injured Reserve,ir,94.0,out,False,2026-01-16,,8481641.0
colorado-avalanche,nashville-predators,Devon Toews,Injured Reserve 4,ir4,Injured Reserve,ir,7.0,out,False,2026-01-16,,8478038.0
colorado-avalanche,nashville-predators,Gabriel Landeskog,Injured Reserve 5,ir5,Injured Reserve,ir,92.0,out,False,2026-01-16,,8476455.0
florida-panthers,carolina-hurricanes,Matthew Tkachuk,Injured Reserve 1,ir1,Injured Reserve,ir,19.0,ir,False,2026-01-16,,
florida-panthers,carolina-hurricanes,Aleksander Barkov,Injured Reserve 2,ir2,Injured Reserve,ir,16.0,ir,False,2026-01-16,,
florida-panthers,carolina-hurricanes,Dmitry Kulikov,Injured Reserve 3,ir3,Injured Reserve,ir,7.0,ir,False,2026-01-16,,8475179.0
florida-panthers,carolina-hurricanes,Jonah Gadjovich,Injured Reserve 4,ir4,Injured Reserve,ir,12.0,ir,False,2026-01-16,,8479981.0
florida-panthers,carolina-hurricanes,Cole Schwindt,Injured Reserve 5,ir5,Injured Reserve,ir,79.0,ir,False,2026-01-16,,8481655.0
florida-panthers,carolina-hurricanes,Tomas Nosek,Injured Reserve 6,ir6,Injured Reserve,ir,92.0,out,False,2026-01-16,,
florida-panthers,carolina-hurricanes,Seth Jones,Injured Reserve 7,ir7,Injured Reserve,ir,3.0,dtd,False,2026-01-16,,8477495.0
florida-panthers,carolina-hurricanes,Brad Marchand,Injured Reserve 8,ir8,Injured Reserve,ir,63.0,dtd,False,2026-01-16,,8473419.0
los-angeles-kings,anaheim-ducks,Trevor Moore,Injured Reserve 1,ir1,Injured Reserve,ir,12.0,dtd,False,2026-01-16,,8479675.0
los-angeles-kings,anaheim-ducks,Anze Kopitar,Injured Reserve 2,ir2,Injured Reserve,ir,11.0,dtd,False,2026-01-16,,8471685.0
los-angeles-kings,anaheim-ducks,Joel Armia,Injured Reserve 3,ir3,Injured Reserve,ir,40.0,dtd,False,2026-01-16,,8476469.0
los-angeles-kings,anaheim-ducks,Corey Perry,Injured Reserve 4,ir4,Injured Reserve,ir,90.0,dtd,False,2026-01-16,,8470621.0
nashville-predators,colorado-avalanche,Cole Smith,Injured Reserve 1,ir1,Injured Reserve,ir,36.0,ir,False,2026-01-16,,8482062.0
nashville-predators,colorado-avalanche,Zachary L'Heureux,Injured Reserve 2,ir2,Injured Reserve,ir,68.0,out,False,2026-01-16,,
nashville-predators,colorado-avalanche,Jonathan Marchessault,Injured Reserve 3,ir3,Injured Reserve,ir,81.0,ir,False,2026-01-16,,8476539.0
nashville-predators,colorado-avalanche,Ozzy Wiesblatt,Injured Reserve 4,ir4,Injured Reserve,ir,89.0,ir,False,2026-01-16,,8482103.0
nashville-predators,colorado-avalanche,Nicolas Hague,Injured Reserve 5,ir5,Injured Reserve,ir,41.0,dtd,False,2026-01-16,,8479980.0
san-jose-sharks,detroit-red-wings,Carey Price,Injured Reserve 1,ir1,Injured Reserve,ir,31.0,ir,False,2026-01-16,,
san-jose-sharks,detroit-red-wings,Vincent Desharnais,Injured Reserve 3,ir3,Injured Reserve,ir,5.0,ir,False,2026-01-16,,8479576.0
san-jose-sharks,detroit-red-wings,Shakir Mukhamadullin,Injured Reserve 4,ir4,Injured Reserve,ir,,ir,False,2026-01-16,,8482166.0
san-jose-sharks,detroit-red-wings,Philipp Kurashev,Injured Reserve 5,ir5,Injured Reserve,ir,96.0,ir,False,2026-01-16,,8480798.0
san-jose-sharks,detroit-red-wings,Will Smith,Injured Reserve 6,ir6,Injured Reserve,ir,2.0,ir,False,2026-01-16,,8484227.0
san-jose-sharks,detroit-red-wings,Ty Dellandrea,Injured Reserve 7,ir7,Injured Reserve,ir,10.0,out,False,2026-01-16,,8480848.0
st-louis-blues,tampa-bay-lightning,Torey Krug,Injured Reserve 1,ir1,Injured Reserve,ir,47.0,ir,False,2026-01-16,,
st-louis-blues,tampa-bay-lightning,Dylan Holloway,Injured Reserve 2,ir2,Injured Reserve,ir,81.0,ir,False,2026-01-16,,8482077.0
st-louis-blues,tampa-bay-lightning,Pius Suter,Injured Reserve 3,ir3,Injured Reserve,ir,24.0,out,False,2026-01-16,,8480459.0
st-louis-blues,tampa-bay-lightning,Mathieu Joseph,Injured Reserve 4,ir4,Injured Reserve,ir,71.0,dtd,False,2026-01-16,,8478472.0
st-louis-blues,tampa-bay-lightning,Robert Thomas,Injured Reserve 5,ir5,Injured Reserve,ir,18.0,ir,False,2026-01-16,,8480023.0
st-louis-blues,tampa-bay-lightning,Philip Broberg,Injured Reserve 6,ir6,Injured Reserve,ir,6.0,dtd,False,2026-01-16,,8481598.0
tampa-bay-lightning,st-louis-blues,Victor Hedman,Injured Reserve 1,ir1,Injured Reserve,ir,77.0,ir,False,2026-01-16,,8475167.0
tampa-bay-lightning,st-louis-blues,Ryan McDonagh,Injured Reserve 2,ir2,Injured Reserve,ir,27.0,ir,False,2026-01-16,,8474151.0
tampa-bay-lightning,st-louis-blues,Emil Lilleberg,Injured Reserve 3,ir3,Injured Reserve,ir,,ir,False,2026-01-16,,8482929.0
tampa-bay-lightning,st-louis-blues,Scott Sabourin,Injured Reserve 4,ir4,Injured Reserve,ir,46.0,ir,False,2026-01-16,,8477149.0
tampa-bay-lightning,st-louis-blues,Brayden Point,Injured Reserve 5,ir5,Injured Reserve,ir,21.0,out,False,2026-01-16,,8478010.0
anaheim-ducks,los-angeles-kings,Frank Vatrano,Injured Reserve 1,ir1,Injured Reserve,ir,77.0,ir,False,2026-01-17,,8478366.0
anaheim-ducks,los-angeles-kings,Petr Mrazek,Injured Reserve 3,ir3,Injured Reserve,ir,34.0,ir,False,2026-01-17,,
anaheim-ducks,los-angeles-kings,Leo Carlsson,Injured Reserve 5,ir5,Injured Reserve,ir,91.0,dtd,False,2026-01-17,,8484153.0
anaheim-ducks,los-angeles-kings,Troy Terry,Injured Reserve 6,ir6,Injured Reserve,ir,19.0,out,False,2026-01-17,,8478873.0
anaheim-ducks,los-angeles-kings,Chris Kreider,Injured Reserve 7,ir7,Injured Reserve,ir,20.0,dtd,False,2026-01-17,,8475184.0
boston-bruins,chicago-blackhawks,Jordan Harris,Injured Reserve 1,ir1,Injured Reserve,ir,43.0,ir,False,2026-01-17,,8480887.0
boston-bruins,chicago-blackhawks,Matej Blumel,Injured Reserve 2,ir2,Injured Reserve,ir,13.0,ir,False,2026-01-17,,
boston-bruins,chicago-blackhawks,Hampus Lindholm,Injured Reserve 3,ir3,Injured Reserve,ir,27.0,ir,False,2026-01-17,,8476854.0
boston-bruins,chicago-blackhawks,Michael Callahan,Injured Reserve 4,ir4,Injured Reserve,ir,79.0,ir,False,2026-01-17,,8480828.0
buffalo-sabres,minnesota-wild,Conor Timmins,Injured Reserve 1,ir1,Injured Reserve,ir,21.0,ir,False,2026-01-17,,8479982.0
buffalo-sabres,minnesota-wild,Jiri Kulich,Injured Reserve 2,ir2,Injured Reserve,ir,20.0,ir,False,2026-01-17,,8483468.0
buffalo-sabres,minnesota-wild,Justin Danforth,Injured Reserve 3,ir3,Injured Reserve,ir,15.0,ir,False,2026-01-17,,8479941.0
buffalo-sabres,minnesota-wild,Alex Lyon,Injured Reserve 4,ir4,Injured Reserve,ir,34.0,ir,False,2026-01-17,,
buffalo-sabres,minnesota-wild,Josh Norris,Injured Reserve 5,ir5,Injured Reserve,ir,9.0,out,False,2026-01-17,,8480064.0
buffalo-sabres,minnesota-wild,Michael Kesselring,Injured Reserve 6,ir6,Injured Reserve,ir,8.0,dtd,False,2026-01-17,,8480891.0
buffalo-sabres,minnesota-wild,Josh Dunne,Injured Reserve 7,ir7,Injured Reserve,ir,,ir,False,2026-01-17,,8482623.0
calgary-flames,new-york-islanders,Martin Pospisil,Injured Reserve 1,ir1,Injured Reserve,ir,76.0,ir,False,2026-01-17,,
calgary-flames,new-york-islanders,Jake Bean,Injured Reserve 2,ir2,Injured Reserve,ir,24.0,ir,False,2026-01-17,,8479402.0
calgary-flames,new-york-islanders,Samuel Honzek,Injured Reserve 3,ir3,Injured Reserve,ir,29.0,ir,False,2026-01-17,,8484180.0
calgary-flames,new-york-islanders,John Beecher,Injured Reserve 4,ir4,Injured Reserve,ir,18.0,ir,False,2026-01-17,,8481556.0
calgary-flames,new-york-islanders,Blake Coleman,Injured Reserve 5,ir5,Injured Reserve,ir,20.0,ir,False,2026-01-17,,8476399.0
carolina-hurricanes,new-jersey-devils,Charles-Alexis Legault,Injured Reserve 1,ir1,Injured Reserve,ir,62.0,ir,False,2026-01-17,,
carolina-hurricanes,new-jersey-devils,Pyotr Kochetkov,Injured Reserve 2,ir2,Injured Reserve,ir,52.0,ir,False,2026-01-17,,
carolina-hurricanes,new-jersey-devils,Shayne Gostisbehere,Injured Reserve 3,ir3,Injured Reserve,ir,4.0,dtd,False,2026-01-17,,8476906.0
carolina-hurricanes,new-jersey-devils,Noah Philp,Injured Reserve 4,ir4,Injured Reserve,ir,15.0,ir,False,2026-01-17,,8481491.0
chicago-blackhawks,boston-bruins,Frank Nazar,Injured Reserve 1,ir1,Injured Reserve,ir,,ir,False,2026-01-17,,8483493.0
chicago-blackhawks,boston-bruins,Teuvo Teravainen,Injured Reserve 2,ir2,Injured Reserve,ir,86.0,dtd,False,2026-01-17,,8476882.0
columbus-blue-jackets,pittsburgh-penguins,Brendan Smith,Injured Reserve 2,ir2,Injured Reserve,ir,2.0,ir,False,2026-01-17,,
columbus-blue-jackets,pittsburgh-penguins,Isac Lundestrom,Injured Reserve 3,ir3,Injured Reserve,ir,21.0,ir,False,2026-01-17,,
columbus-blue-jackets,pittsburgh-penguins,Miles Wood,Injured Reserve 4,ir4,Injured Reserve,ir,28.0,ir,False,2026-01-17,,8477425.0
columbus-blue-jackets,pittsburgh-penguins,Mason Marchment,Injured Reserve 5,ir5,Injured Reserve,ir,27.0,ir,False,2026-01-17,,8478975.0
columbus-blue-jackets,pittsburgh-penguins,Denton Mateychuk,Injured Reserve 6,ir6,Injured Reserve,ir,5.0,dtd,False,2026-01-17,,8483485.0
edmonton-oilers,vancouver-canucks,Adam Henrique,Injured Reserve 2,ir2,Injured Reserve,ir,19.0,ir,False,2026-01-17,,8474641.0
florida-panthers,washington-capitals,Matthew Tkachuk,Injured Reserve 1,ir1,Injured Reserve,ir,19.0,ir,False,2026-01-17,,
florida-panthers,washington-capitals,Aleksander Barkov,Injured Reserve 2,ir2,Injured Reserve,ir,16.0,ir,False,2026-01-17,,
florida-panthers,washington-capitals,Dmitry Kulikov,Injured Reserve 3,ir3,Injured Reserve,ir,7.0,ir,False,2026-01-17,,8475179.0
florida-panthers,washington-capitals,Jonah Gadjovich,Injured Reserve 4,ir4,Injured Reserve,ir,12.0,ir,False,2026-01-17,,8479981.0
florida-panthers,washington-capitals,Tomas Nosek,Injured Reserve 6,ir6,Injured Reserve,ir,92.0,out,False,2026-01-17,,
florida-panthers,washington-capitals,Seth Jones,Injured Reserve 7,ir7,Injured Reserve,ir,3.0,dtd,False,2026-01-17,,8477495.0
florida-panthers,washington-capitals,Brad Marchand,Injured Reserve 8,ir8,Injured Reserve,ir,63.0,dtd,False,2026-01-17,,8473419.0
los-angeles-kings,anaheim-ducks,Trevor Moore,Injured Reserve 1,ir1,Injured Reserve,ir,12.0,dtd,False,2026-01-17,,8479675.0
los-angeles-kings,anaheim-ducks,Anze Kopitar,Injured Reserve 2,ir2,Injured Reserve,ir,11.0,dtd,False,2026-01-17,,8471685.0
los-angeles-kings,anaheim-ducks,Corey Perry,Injured Reserve 4,ir4,Injured Reserve,ir,90.0,dtd,False,2026-01-17,,8470621.0
minnesota-wild,buffalo-sabres,Zach Bogosian,Injured Reserve 1,ir1,Injured Reserve,ir,24.0,ir,False,2026-01-17,,8474567.0
minnesota-wild,buffalo-sabres,Joel Eriksson Ek,Injured Reserve 2,ir2,Injured Reserve,ir,14.0,ir,False,2026-01-17,,8478493.0
minnesota-wild,buffalo-sabres,Jonas Brodin,Injured Reserve 3,ir3,Injured Reserve,ir,25.0,ir,False,2026-01-17,,8476463.0
minnesota-wild,buffalo-sabres,Matt Boldy,Injured Reserve 4,ir4,Injured Reserve,ir,12.0,ir,False,2026-01-17,,8481557.0
montreal-canadiens,ottawa-senators,Patrik Laine,Injured Reserve 2,ir2,Injured Reserve,ir,92.0,ir,False,2026-01-17,,8479339.0
montreal-canadiens,ottawa-senators,Kirby Dach,Injured Reserve 3,ir3,Injured Reserve,ir,77.0,ir,False,2026-01-17,,8481523.0
montreal-canadiens,ottawa-senators,Alex Newhook,Injured Reserve 4,ir4,Injured Reserve,ir,15.0,ir,False,2026-01-17,,8481618.0
montreal-canadiens,ottawa-senators,Jake Evans,Injured Reserve 5,ir5,Injured Reserve,ir,71.0,ir,False,2026-01-17,,8478133.0
montreal-canadiens,ottawa-senators,David Reinbacher,Injured Reserve 6,ir6,Injured Reserve,ir,64.0,out,False,2026-01-17,,
nashville-predators,vegas-golden-knights,Cole Smith,Injured Reserve 1,ir1,Injured Reserve,ir,36.0,ir,False,2026-01-17,,8482062.0
nashville-predators,vegas-golden-knights,Zachary L'Heureux,Injured Reserve 2,ir2,Injured Reserve,ir,68.0,out,False,2026-01-17,,
nashville-predators,vegas-golden-knights,Jonathan Marchessault,Injured Reserve 3,ir3,Injured Reserve,ir,81.0,ir,False,2026-01-17,,8476539.0
nashville-predators,vegas-golden-knights,Ozzy Wiesblatt,Injured Reserve 4,ir4,Injured Reserve,ir,89.0,ir,False,2026-01-17,,8482103.0
nashville-predators,vegas-golden-knights,Adam Wilsby,Injured Reserve 5,ir5,Injured Reserve,ir,83.0,dtd,False,2026-01-17,,8482482.0
new-jersey-devils,carolina-hurricanes,Zack MacEwen,Injured Reserve 1,ir1,Injured Reserve,ir,,ir,False,2026-01-17,,8479772.0
new-jersey-devils,carolina-hurricanes,Stefan Noesen,Injured Reserve 4,ir4,Injured Reserve,ir,11.0,ir,False,2026-01-17,,8476474.0
new-york-islanders,calgary-flames,Semyon Varlamov,Injured Reserve 1,ir1,Injured Reserve,ir,40.0,ir,False,2026-01-17,,
new-york-islanders,calgary-flames,Pierre Engvall,Injured Reserve 2,ir2,Injured Reserve,ir,18.0,ir,False,2026-01-17,,
new-york-islanders,calgary-flames,Ethan Bear,Injured Reserve 3,ir3,Injured Reserve,ir,,ir,False,2026-01-17,,
new-york-islanders,calgary-flames,Alexander Romanov,Injured Reserve 4,ir4,Injured Reserve,ir,28.0,ir,False,2026-01-17,,8481014.0
new-york-islanders,calgary-flames,Kyle Palmieri,Injured Reserve 5,ir5,Injured Reserve,ir,21.0,ir,False,2026-01-17,,8475151.0
new-york-islanders,calgary-flames,Bo Horvat,Injured Reserve 6,ir6,Injured Reserve,ir,14.0,out,False,2026-01-17,,8477500.0
new-york-rangers,philadelphia-flyers,Conor Sheary,Injured Reserve 2,ir2,Injured Reserve,ir,,ir,False,2026-01-17,,8477839.0
new-york-rangers,philadelphia-flyers,Adam Edstrom,Injured Reserve 3,ir3,Injured Reserve,ir,84.0,ir,False,2026-01-17,,8481726.0
new-york-rangers,philadelphia-flyers,Igor Shesterkin,Injured Reserve 5,ir5,Injured Reserve,ir,31.0,ir,False,2026-01-17,,
new-york-rangers,philadelphia-flyers,Adam Fox,Injured Reserve 6,ir6,Injured Reserve,ir,23.0,ir,False,2026-01-17,,8479323.0
ottawa-senators,montreal-canadiens,Linus Ullmark,Injured Reserve 1,ir1,Injured Reserve,ir,35.0,out,False,2026-01-17,,
philadelphia-flyers,new-york-rangers,Tyson Foerster,Injured Reserve 1,ir1,Injured Reserve,ir,71.0,ir,False,2026-01-17,,8482159.0
philadelphia-flyers,new-york-rangers,Bobby Brink,Injured Reserve 2,ir2,Injured Reserve,ir,10.0,out,False,2026-01-17,,8481553.0
philadelphia-flyers,new-york-rangers,Dan Vladar,Injured Reserve 3,ir3,Injured Reserve,ir,80.0,out,False,2026-01-17,,
philadelphia-flyers,new-york-rangers,Rasmus Ristolainen,Injured Reserve 4,ir4,Injured Reserve,ir,55.0,dtd,False,2026-01-17,,
pittsburgh-penguins,columbus-blue-jackets,Joel Blomqvist,Injured Reserve 1,ir1,Injured Reserve,ir,30.0,ir,False,2026-01-17,,
pittsburgh-penguins,columbus-blue-jackets,Filip Hallander,Injured Reserve 3,ir3,Injured Reserve,ir,11.0,ir,False,2026-01-17,,8480842.0
pittsburgh-penguins,columbus-blue-jackets,Caleb Jones,Injured Reserve 4,ir4,Injured Reserve,ir,82.0,ir,False,2026-01-17,,8478452.0
pittsburgh-penguins,columbus-blue-jackets,Erik Karlsson,Injured Reserve 5,ir5,Injured Reserve,ir,65.0,dtd,False,2026-01-17,,8474578.0
seattle-kraken,utah-hockey-club,Matt Murray,Injured Reserve 2,ir2,Injured Reserve,ir,30.0,ir,False,2026-01-17,,
toronto-maple-leafs,winnipeg-jets,Anthony Stolarz,Injured Reserve 1,ir1,Injured Reserve,ir,41.0,ir,False,2026-01-17,,
toronto-maple-leafs,winnipeg-jets,Dakota Mermis,Injured Reserve 2,ir2,Injured Reserve,ir,36.0,ir,False,2026-01-17,,8477541.0
toronto-maple-leafs,winnipeg-jets,William Nylander,Injured Reserve 3,ir3,Injured Reserve,ir,88.0,dtd,False,2026-01-17,,8477939.0
toronto-maple-leafs,winnipeg-jets,Chris Tanev,Injured Reserve 5,ir5,Injured Reserve,ir,8.0,out,False,2026-01-17,,8475690.0
toronto-maple-leafs,winnipeg-jets,Dakota Joshua,Injured Reserve 6,ir6,Injured Reserve,ir,81.0,out,False,2026-01-17,,8478057.0
utah-hockey-club,seattle-kraken,Alex Kerfoot,Injured Reserve 1,ir1,Injured Reserve,ir,15.0,ir,False,2026-01-17,,
utah-hockey-club,seattle-kraken,Logan Cooley,Injured Reserve 2,ir2,Injured Reserve,ir,92.0,ir,False,2026-01-17,,8483431.0
vancouver-canucks,edmonton-oilers,Filip Chytil,Injured Reserve 1,ir1,Injured Reserve,ir,72.0,ir,False,2026-01-17,,8480078.0
vancouver-canucks,edmonton-oilers,Derek Forbort,Injured Reserve 2,ir2,Injured Reserve,ir,27.0,ir,False,2026-01-17,,8475762.0
vancouver-canucks,edmonton-oilers,Teddy Blueger,Injured Reserve 3,ir3,Injured Reserve,ir,53.0,ir,False,2026-01-17,,8476927.0
vancouver-canucks,edmonton-oilers,Thatcher Demko,Injured Reserve 4,ir4,Injured Reserve,ir,35.0,ir,False,2026-01-17,,
vancouver-canucks,edmonton-oilers,Marco Rossi,Injured Reserve 5,ir5,Injured Reserve,ir,93.0,dtd,False,2026-01-17,,8482079.0
vancouver-canucks,edmonton-oilers,Kiefer Sherwood,Injured Reserve 6,ir6,Injured Reserve,ir,44.0,dtd,False,2026-01-17,,8480748.0
vegas-golden-knights,nashville-predators,Alex Pietrangelo,Injured Reserve 1,ir1,Injured Reserve,ir,7.0,ir,False,2026-01-17,,
vegas-golden-knights,nashville-predators,Brandon Saad,Injured Reserve 2,ir2,Injured Reserve,ir,20.0,ir,False,2026-01-17,,8476438.0
vegas-golden-knights,nashville-predators,William Karlsson,Injured Reserve 3,ir3,Injured Reserve,ir,71.0,ir,False,2026-01-17,,8476448.0
vegas-golden-knights,nashville-predators,Brayden McNabb,Injured Reserve 5,ir5,Injured Reserve,ir,3.0,out,False,2026-01-17,,8475188.0
vegas-golden-knights,nashville-predators,Carter Hart,Injured Reserve 6,ir6,Injured Reserve,ir,79.0,ir,False,2026-01-17,,
washington-capitals,florida-panthers,Pierre-Luc Dubois,Injured Reserve 1,ir1,Injured Reserve,ir,80.0,ir,False,2026-01-17,,8479400.0
washington-capitals,florida-panthers,Justin Sourdif,Injured Reserve 2,ir2,Injured Reserve,ir,34.0,dtd,False,2026-01-17,,8482088.0
washington-capitals,florida-panthers,Tom Wilson,Injured Reserve 3,ir3,Injured Reserve,ir,43.0,dtd,False,2026-01-17,,8476880.0
winnipeg-jets,toronto-maple-leafs,Haydn Fleury,Injured Reserve 1,ir1,Injured Reserve,ir,24.0,out,False,2026-01-17,,8477938.0
winnipeg-jets,toronto-maple-leafs,Colin Miller,Injured Reserve 2,ir2,Injured Reserve,ir,6.0,out,False,2026-01-17,,8476525.0
winnipeg-jets,toronto-maple-leafs,Neal Pionk,Injured Reserve 4,ir4,Injured Reserve,ir,4.0,out,False,2026-01-17,,8480145.0
dallas-stars,tampa-bay-lightning,Tyler Seguin,Injured Reserve 1,ir1,Injured Reserve,ir,91.0,ir,False,2026-01-18,,8475794.0
dallas-stars,tampa-bay-lightning,Lian Bichsel,Injured Reserve 2,ir2,Injured Reserve,ir,6.0,ir,False,2026-01-18,,8483425.0
edmonton-oilers,st-louis-blues,Adam Henrique,Injured Reserve 2,ir2,Injured Reserve,ir,19.0,ir,False,2026-01-18,,8474641.0
edmonton-oilers,st-louis-blues,Leon Draisaitl,Injured Reserve 3,ir3,Injured Reserve,ir,29.0,out,False,2026-01-18,,8477934.0
ottawa-senators,detroit-red-wings,Linus Ullmark,Injured Reserve 1,ir1,Injured Reserve,ir,35.0,out,False,2026-01-18,,
st-louis-blues,edmonton-oilers,Torey Krug,Injured Reserve 1,ir1,Injured Reserve,ir,47.0,ir,False,2026-01-18,,
st-louis-blues,edmonton-oilers,Dylan Holloway,Injured Reserve 2,ir2,Injured Reserve,ir,81.0,ir,False,2026-01-18,,8482077.0
st-louis-blues,edmonton-oilers,Pius Suter,Injured Reserve 3,ir3,Injured Reserve,ir,24.0,out,False,2026-01-18,,8480459.0
st-louis-blues,edmonton-oilers,Mathieu Joseph,Injured Reserve 4,ir4,Injured Reserve,ir,71.0,dtd,False,2026-01-18,,8478472.0
st-louis-blues,edmonton-oilers,Robert Thomas,Injured Reserve 5,ir5,Injured Reserve,ir,18.0,ir,False,2026-01-18,,8480023.0
tampa-bay-lightning,dallas-stars,Victor Hedman,Injured Reserve 1,ir1,Injured Reserve,ir,77.0,ir,False,2026-01-18,,8475167.0
tampa-bay-lightning,dallas-stars,Ryan McDonagh,Injured Reserve 2,ir2,Injured Reserve,ir,27.0,ir,False,2026-01-18,,8474151.0
tampa-bay-lightning,dallas-stars,Emil Lilleberg,Injured Reserve 3,ir3,Injured Reserve,ir,,ir,False,2026-01-18,,8482929.0
tampa-bay-lightning,dallas-stars,Scott Sabourin,Injured Reserve 4,ir4,Injured Reserve,ir,46.0,ir,False,2026-01-18,,8477149.0
tampa-bay-lightning,dallas-stars,Brayden Point,Injured Reserve 5,ir5,Injured Reserve,ir,21.0,ir,False,2026-01-18,,8478010.0
anaheim-ducks,new-york-rangers,Frank Vatrano,Injured Reserve 1,ir1,Injured Reserve,ir,77.0,ir,False,2026-01-19,,8478366.0
anaheim-ducks,new-york-rangers,Petr Mrazek,Injured Reserve 3,ir3,Injured Reserve,ir,34.0,ir,False,2026-01-19,,
anaheim-ducks,new-york-rangers,Leo Carlsson,Injured Reserve 5,ir5,Injured Reserve,ir,91.0,dtd,False,2026-01-19,,8484153.0
anaheim-ducks,new-york-rangers,Troy Terry,Injured Reserve 6,ir6,Injured Reserve,ir,19.0,out,False,2026-01-19,,8478873.0
anaheim-ducks,new-york-rangers,Chris Kreider,Injured Reserve 7,ir7,Injured Reserve,ir,20.0,dtd,False,2026-01-19,,8475184.0
buffalo-sabres,carolina-hurricanes,Conor Timmins,Injured Reserve 1,ir1,Injured Reserve,ir,21.0,ir,False,2026-01-19,,8479982.0
buffalo-sabres,carolina-hurricanes,Jiri Kulich,Injured Reserve 2,ir2,Injured Reserve,ir,20.0,ir,False,2026-01-19,,8483468.0
buffalo-sabres,carolina-hurricanes,Justin Danforth,Injured Reserve 3,ir3,Injured Reserve,ir,15.0,ir,False,2026-01-19,,8479941.0
buffalo-sabres,carolina-hurricanes,Alex Lyon,Injured Reserve 4,ir4,Injured Reserve,ir,34.0,ir,False,2026-01-19,,
buffalo-sabres,carolina-hurricanes,Josh Dunne,Injured Reserve 5,ir5,Injured Reserve,ir,,ir,False,2026-01-19,,8482623.0
buffalo-sabres,carolina-hurricanes,Josh Norris,Injured Reserve 6,ir6,Injured Reserve,ir,9.0,dtd,False,2026-01-19,,8480064.0
calgary-flames,new-jersey-devils,Martin Pospisil,Injured Reserve 1,ir1,Injured Reserve,ir,76.0,ir,False,2026-01-19,,
calgary-flames,new-jersey-devils,Jake Bean,Injured Reserve 2,ir2,Injured Reserve,ir,24.0,ir,False,2026-01-19,,8479402.0
calgary-flames,new-jersey-devils,Samuel Honzek,Injured Reserve 3,ir3,Injured Reserve,ir,29.0,ir,False,2026-01-19,,8484180.0
calgary-flames,new-jersey-devils,John Beecher,Injured Reserve 4,ir4,Injured Reserve,ir,18.0,ir,False,2026-01-19,,8481556.0
calgary-flames,new-jersey-devils,Blake Coleman,Injured Reserve 5,ir5,Injured Reserve,ir,20.0,ir,False,2026-01-19,,8476399.0
carolina-hurricanes,buffalo-sabres,Charles-Alexis Legault,Injured Reserve 1,ir1,Injured Reserve,ir,62.0,ir,False,2026-01-19,,
carolina-hurricanes,buffalo-sabres,Pyotr Kochetkov,Injured Reserve 2,ir2,Injured Reserve,ir,52.0,ir,False,2026-01-19,,
carolina-hurricanes,buffalo-sabres,Shayne Gostisbehere,Injured Reserve 3,ir3,Injured Reserve,ir,4.0,dtd,False,2026-01-19,,8476906.0
carolina-hurricanes,buffalo-sabres,Noah Philp,Injured Reserve 4,ir4,Injured Reserve,ir,15.0,ir,False,2026-01-19,,8481491.0
chicago-blackhawks,winnipeg-jets,Frank Nazar,Injured Reserve 1,ir1,Injured Reserve,ir,,ir,False,2026-01-19,,8483493.0
chicago-blackhawks,winnipeg-jets,Teuvo Teravainen,Injured Reserve 2,ir2,Injured Reserve,ir,86.0,dtd,False,2026-01-19,,8476882.0
colorado-avalanche,washington-capitals,Logan O'Connor,Injured Reserve 1,ir1,Injured Reserve,ir,25.0,out,False,2026-01-19,,
colorado-avalanche,washington-capitals,Joel Kiviranta,Injured Reserve 3,ir3,Injured Reserve,ir,94.0,out,False,2026-01-19,,8481641.0
colorado-avalanche,washington-capitals,Devon Toews,Injured Reserve 4,ir4,Injured Reserve,ir,7.0,out,False,2026-01-19,,8478038.0
colorado-avalanche,washington-capitals,Gabriel Landeskog,Injured Reserve 5,ir5,Injured Reserve,ir,92.0,out,False,2026-01-19,,8476455.0
florida-panthers,san-jose-sharks,Matthew Tkachuk,Injured Reserve 1,ir1,Injured Reserve,ir,19.0,ir,False,2026-01-19,,
florida-panthers,san-jose-sharks,Aleksander Barkov,Injured Reserve 2,ir2,Injured Reserve,ir,16.0,ir,False,2026-01-19,,
florida-panthers,san-jose-sharks,Dmitry Kulikov,Injured Reserve 3,ir3,Injured Reserve,ir,7.0,ir,False,2026-01-19,,8475179.0
florida-panthers,san-jose-sharks,Jonah Gadjovich,Injured Reserve 4,ir4,Injured Reserve,ir,12.0,ir,False,2026-01-19,,8479981.0
florida-panthers,san-jose-sharks,Tomas Nosek,Injured Reserve 6,ir6,Injured Reserve,ir,92.0,out,False,2026-01-19,,
florida-panthers,san-jose-sharks,Seth Jones,Injured Reserve 7,ir7,Injured Reserve,ir,3.0,dtd,False,2026-01-19,,8477495.0
florida-panthers,san-jose-sharks,Brad Marchand,Injured Reserve 8,ir8,Injured Reserve,ir,63.0,dtd,False,2026-01-19,,8473419.0
minnesota-wild,toronto-maple-leafs,Zach Bogosian,Injured Reserve 1,ir1,Injured Reserve,ir,24.0,ir,False,2026-01-19,,8474567.0
minnesota-wild,toronto-maple-leafs,Joel Eriksson Ek,Injured Reserve 2,ir2,Injured Reserve,ir,14.0,ir,False,2026-01-19,,8478493.0
minnesota-wild,toronto-maple-leafs,Jonas Brodin,Injured Reserve 3,ir3,Injured Reserve,ir,25.0,ir,False,2026-01-19,,8476463.0
minnesota-wild,toronto-maple-leafs,Matt Boldy,Injured Reserve 4,ir4,Injured Reserve,ir,12.0,ir,False,2026-01-19,,8481557.0
minnesota-wild,toronto-maple-leafs,Marcus Johansson,Injured Reserve 5,ir5,Injured Reserve,ir,90.0,out,False,2026-01-19,,8475149.0
new-jersey-devils,calgary-flames,Zack MacEwen,Injured Reserve 1,ir1,Injured Reserve,ir,,ir,False,2026-01-19,,8479772.0
new-jersey-devils,calgary-flames,Stefan Noesen,Injured Reserve 2,ir2,Injured Reserve,ir,11.0,ir,False,2026-01-19,,8476474.0
new-jersey-devils,calgary-flames,Ondrej Palat,Injured Reserve 3,ir3,Injured Reserve,ir,18.0,dtd,False,2026-01-19,,8476292.0
new-york-islanders,vancouver-canucks,Semyon Varlamov,Injured Reserve 1,ir1,Injured Reserve,ir,40.0,ir,False,2026-01-19,,
new-york-islanders,vancouver-canucks,Pierre Engvall,Injured Reserve 2,ir2,Injured Reserve,ir,18.0,ir,False,2026-01-19,,
new-york-islanders,vancouver-canucks,Ethan Bear,Injured Reserve 3,ir3,Injured Reserve,ir,,ir,False,2026-01-19,,
new-york-islanders,vancouver-canucks,Alexander Romanov,Injured Reserve 4,ir4,Injured Reserve,ir,28.0,ir,False,2026-01-19,,8481014.0
new-york-islanders,vancouver-canucks,Kyle Palmieri,Injured Reserve 5,ir5,Injured Reserve,ir,21.0,ir,False,2026-01-19,,8475151.0
new-york-islanders,vancouver-canucks,Bo Horvat,Injured Reserve 6,ir6,Injured Reserve,ir,14.0,out,False,2026-01-19,,8477500.0
new-york-rangers,anaheim-ducks,Conor Sheary,Injured Reserve 2,ir2,Injured Reserve,ir,,ir,False,2026-01-19,,8477839.0
new-york-rangers,anaheim-ducks,Adam Edstrom,Injured Reserve 3,ir3,Injured Reserve,ir,84.0,ir,False,2026-01-19,,8481726.0
new-york-rangers,anaheim-ducks,Igor Shesterkin,Injured Reserve 5,ir5,Injured Reserve,ir,31.0,ir,False,2026-01-19,,
new-york-rangers,anaheim-ducks,Adam Fox,Injured Reserve 6,ir6,Injured Reserve,ir,23.0,ir,False,2026-01-19,,8479323.0
philadelphia-flyers,vegas-golden-knights,Tyson Foerster,Injured Reserve 1,ir1,Injured Reserve,ir,71.0,ir,False,2026-01-19,,8482159.0
philadelphia-flyers,vegas-golden-knights,Bobby Brink,Injured Reserve 2,ir2,Injured Reserve,ir,10.0,ir,False,2026-01-19,,8481553.0
philadelphia-flyers,vegas-golden-knights,Christian Dvorak,Injured Reserve 3,ir3,Injured Reserve,ir,22.0,ir,False,2026-01-19,,8477989.0
philadelphia-flyers,vegas-golden-knights,Dan Vladar,Injured Reserve 4,ir4,Injured Reserve,ir,80.0,dtd,False,2026-01-19,,
philadelphia-flyers,vegas-golden-knights,Rodrigo Abols,Injured Reserve 5,ir5,Injured Reserve,ir,18.0,ir,False,2026-01-19,,8479022.0
pittsburgh-penguins,seattle-kraken,Joel Blomqvist,Injured Reserve 1,ir1,Injured Reserve,ir,30.0,ir,False,2026-01-19,,
pittsburgh-penguins,seattle-kraken,Filip Hallander,Injured Reserve 3,ir3,Injured Reserve,ir,11.0,ir,False,2026-01-19,,8480842.0
pittsburgh-penguins,seattle-kraken,Caleb Jones,Injured Reserve 4,ir4,Injured Reserve,ir,82.0,ir,False,2026-01-19,,8478452.0
pittsburgh-penguins,seattle-kraken,Erik Karlsson,Injured Reserve 5,ir5,Injured Reserve,ir,65.0,dtd,False,2026-01-19,,8474578.0
san-jose-sharks,florida-panthers,Carey Price,Injured Reserve 1,ir1,Injured Reserve,ir,31.0,ir,False,2026-01-19,,
san-jose-sharks,florida-panthers,Vincent Desharnais,Injured Reserve 3,ir3,Injured Reserve,ir,5.0,ir,False,2026-01-19,,8479576.0
san-jose-sharks,florida-panthers,Shakir Mukhamadullin,Injured Reserve 4,ir4,Injured Reserve,ir,,ir,False,2026-01-19,,8482166.0
san-jose-sharks,florida-panthers,Philipp Kurashev,Injured Reserve 5,ir5,Injured Reserve,ir,96.0,ir,False,2026-01-19,,8480798.0
san-jose-sharks,florida-panthers,Ty Dellandrea,Injured Reserve 7,ir7,Injured Reserve,ir,10.0,ir,False,2026-01-19,,8480848.0
seattle-kraken,pittsburgh-penguins,Matt Murray,Injured Reserve 2,ir2,Injured Reserve,ir,30.0,ir,False,2026-01-19,,
toronto-maple-leafs,minnesota-wild,Anthony Stolarz,Injured Reserve 1,ir1,Injured Reserve,ir,41.0,ir,False,2026-01-19,,
toronto-maple-leafs,minnesota-wild,Dakota Mermis,Injured Reserve 2,ir2,Injured Reserve,ir,36.0,ir,False,2026-01-19,,8477541.0
toronto-maple-leafs,minnesota-wild,William Nylander,Injured Reserve 3,ir3,Injured Reserve,ir,88.0,out,False,2026-01-19,,8477939.0
toronto-maple-leafs,minnesota-wild,Chris Tanev,Injured Reserve 5,ir5,Injured Reserve,ir,8.0,out,False,2026-01-19,,8475690.0
toronto-maple-leafs,minnesota-wild,Dakota Joshua,Injured Reserve 6,ir6,Injured Reserve,ir,81.0,out,False,2026-01-19,,8478057.0
vancouver-canucks,new-york-islanders,Filip Chytil,Injured Reserve 1,ir1,Injured Reserve,ir,72.0,ir,False,2026-01-19,,8480078.0
vancouver-canucks,new-york-islanders,Derek Forbort,Injured Reserve 2,ir2,Injured Reserve,ir,27.0,ir,False,2026-01-19,,8475762.0
vancouver-canucks,new-york-islanders,Teddy Blueger,Injured Reserve 3,ir3,Injured Reserve,ir,53.0,ir,False,2026-01-19,,8476927.0
vancouver-canucks,new-york-islanders,Thatcher Demko,Injured Reserve 4,ir4,Injured Reserve,ir,35.0,ir,False,2026-01-19,,
vancouver-canucks,new-york-islanders,Marco Rossi,Injured Reserve 5,ir5,Injured Reserve,ir,93.0,dtd,False,2026-01-19,,8482079.0
vancouver-canucks,new-york-islanders,Kiefer Sherwood,Injured Reserve 6,ir6,Injured Reserve,ir,44.0,dtd,False,2026-01-19,,8480748.0
vegas-golden-knights,philadelphia-flyers,Alex Pietrangelo,Injured Reserve 1,ir1,Injured Reserve,ir,7.0,ir,False,2026-01-19,,
vegas-golden-knights,philadelphia-flyers,Brandon Saad,Injured Reserve 2,ir2,Injured Reserve,ir,20.0,ir,False,2026-01-19,,8476438.0
vegas-golden-knights,philadelphia-flyers,William Karlsson,Injured Reserve 3,ir3,Injured Reserve,ir,71.0,ir,False,2026-01-19,,8476448.0
vegas-golden-knights,philadelphia-flyers,Brayden McNabb,Injured Reserve 5,ir5,Injured Reserve,ir,3.0,out,False,2026-01-19,,8475188.0
vegas-golden-knights,philadelphia-flyers,Carter Hart,Injured Reserve 6,ir6,Injured Reserve,ir,79.0,ir,False,2026-01-19,,
washington-capitals,colorado-avalanche,Pierre-Luc Dubois,Injured Reserve 1,ir1,Injured Reserve,ir,80.0,ir,False,2026-01-19,,8479400.0
washington-capitals,colorado-avalanche,Justin Sourdif,Injured Reserve 2,ir2,Injured Reserve,ir,34.0,dtd,False,2026-01-19,,8482088.0
washington-capitals,colorado-avalanche,Tom Wilson,Injured Reserve 3,ir3,Injured Reserve,ir,43.0,dtd,False,2026-01-19,,8476880.0
winnipeg-jets,chicago-blackhawks,Haydn Fleury,Injured Reserve 1,ir1,Injured Reserve,ir,24.0,out,False,2026-01-19,,8477938.0
winnipeg-jets,chicago-blackhawks,Colin Miller,Injured Reserve 2,ir2,Injured Reserve,ir,6.0,out,False,2026-01-19,,8476525.0
winnipeg-jets,chicago-blackhawks,Neal Pionk,Injured Reserve 4,ir4,Injured Reserve,ir,4.0,out,False,2026-01-19,,8480145.0
boston-bruins,dallas-stars,Jordan Harris,Injured Reserve 1,ir1,Injured Reserve,ir,43.0,ir,False,2026-01-20,,8480887.0
boston-bruins,dallas-stars,Matej Blumel,Injured Reserve 2,ir2,Injured Reserve,ir,13.0,ir,False,2026-01-20,,
boston-bruins,dallas-stars,Michael Callahan,Injured Reserve 4,ir4,Injured Reserve,ir,79.0,ir,False,2026-01-20,,8480828.0
buffalo-sabres,nashville-predators,Conor Timmins,Injured Reserve 1,ir1,Injured Reserve,ir,21.0,ir,False,2026-01-20,,8479982.0
buffalo-sabres,nashville-predators,Jiri Kulich,Injured Reserve 2,ir2,Injured Reserve,ir,20.0,ir,False,2026-01-20,,8483468.0
buffalo-sabres,nashville-predators,Justin Danforth,Injured Reserve 3,ir3,Injured Reserve,ir,15.0,ir,False,2026-01-20,,8479941.0
buffalo-sabres,nashville-predators,Josh Dunne,Injured Reserve 5,ir5,Injured Reserve,ir,,ir,False,2026-01-20,,8482623.0
buffalo-sabres,nashville-predators,Josh Norris,Injured Reserve 6,ir6,Injured Reserve,ir,9.0,ir,False,2026-01-20,,8480064.0
columbus-blue-jackets,ottawa-senators,Brendan Smith,Injured Reserve 2,ir2,Injured Reserve,ir,2.0,ir,False,2026-01-20,,
columbus-blue-jackets,ottawa-senators,Isac Lundestrom,Injured Reserve 3,ir3,Injured Reserve,ir,21.0,ir,False,2026-01-20,,
columbus-blue-jackets,ottawa-senators,Miles Wood,Injured Reserve 4,ir4,Injured Reserve,ir,28.0,ir,False,2026-01-20,,8477425.0
columbus-blue-jackets,ottawa-senators,Mason Marchment,Injured Reserve 5,ir5,Injured Reserve,ir,27.0,ir,False,2026-01-20,,8478975.0
columbus-blue-jackets,ottawa-senators,Denton Mateychuk,Injured Reserve 6,ir6,Injured Reserve,ir,5.0,dtd,False,2026-01-20,,8483485.0
columbus-blue-jackets,ottawa-senators,Dante Fabbro,Injured Reserve 7,ir7,Injured Reserve,ir,15.0,dtd,False,2026-01-20,,8479371.0
dallas-stars,boston-bruins,Tyler Seguin,Injured Reserve 1,ir1,Injured Reserve,ir,91.0,ir,False,2026-01-20,,8475794.0
dallas-stars,boston-bruins,Lian Bichsel,Injured Reserve 2,ir2,Injured Reserve,ir,6.0,ir,False,2026-01-20,,8483425.0
edmonton-oilers,new-jersey-devils,Kasperi Kapanen,Injured Reserve 1,ir1,Injured Reserve,ir,42.0,out,False,2026-01-20,,8477953.0
edmonton-oilers,new-jersey-devils,Adam Henrique,Injured Reserve 2,ir2,Injured Reserve,ir,19.0,ir,False,2026-01-20,,8474641.0
edmonton-oilers,new-jersey-devils,Leon Draisaitl,Injured Reserve 3,ir3,Injured Reserve,ir,29.0,out,False,2026-01-20,,8477934.0
los-angeles-kings,new-york-rangers,Trevor Moore,Injured Reserve 1,ir1,Injured Reserve,ir,12.0,dtd,False,2026-01-20,,8479675.0
los-angeles-kings,new-york-rangers,Anze Kopitar,Injured Reserve 2,ir2,Injured Reserve,ir,11.0,dtd,False,2026-01-20,,8471685.0
los-angeles-kings,new-york-rangers,Corey Perry,Injured Reserve 4,ir4,Injured Reserve,ir,90.0,dtd,False,2026-01-20,,8470621.0
minnesota-wild,montreal-canadiens,Zach Bogosian,Injured Reserve 1,ir1,Injured Reserve,ir,24.0,ir,False,2026-01-20,,8474567.0
minnesota-wild,montreal-canadiens,Joel Eriksson Ek,Injured Reserve 2,ir2,Injured Reserve,ir,14.0,ir,False,2026-01-20,,8478493.0
minnesota-wild,montreal-canadiens,Jonas Brodin,Injured Reserve 3,ir3,Injured Reserve,ir,25.0,ir,False,2026-01-20,,8476463.0
minnesota-wild,montreal-canadiens,Matt Boldy,Injured Reserve 4,ir4,Injured Reserve,ir,12.0,ir,False,2026-01-20,,8481557.0
minnesota-wild,montreal-canadiens,Marcus Johansson,Injured Reserve 5,ir5,Injured Reserve,ir,90.0,out,False,2026-01-20,,8475149.0
montreal-canadiens,minnesota-wild,Patrik Laine,Injured Reserve 2,ir2,Injured Reserve,ir,92.0,ir,False,2026-01-20,,8479339.0
montreal-canadiens,minnesota-wild,Kirby Dach,Injured Reserve 3,ir3,Injured Reserve,ir,77.0,ir,False,2026-01-20,,8481523.0
montreal-canadiens,minnesota-wild,Alex Newhook,Injured Reserve 4,ir4,Injured Reserve,ir,15.0,ir,False,2026-01-20,,8481618.0
montreal-canadiens,minnesota-wild,David Reinbacher,Injured Reserve 6,ir6,Injured Reserve,ir,64.0,out,False,2026-01-20,,
nashville-predators,buffalo-sabres,Cole Smith,Injured Reserve 1,ir1,Injured Reserve,ir,36.0,ir,False,2026-01-20,,8482062.0
nashville-predators,buffalo-sabres,Zachary L'Heureux,Injured Reserve 2,ir2,Injured Reserve,ir,68.0,out,False,2026-01-20,,
nashville-predators,buffalo-sabres,Ozzy Wiesblatt,Injured Reserve 4,ir4,Injured Reserve,ir,89.0,ir,False,2026-01-20,,8482103.0
nashville-predators,buffalo-sabres,Adam Wilsby,Injured Reserve 5,ir5,Injured Reserve,ir,83.0,dtd,False,2026-01-20,,8482482.0
new-jersey-devils,edmonton-oilers,Zack MacEwen,Injured Reserve 1,ir1,Injured Reserve,ir,,ir,False,2026-01-20,,8479772.0
new-jersey-devils,edmonton-oilers,Stefan Noesen,Injured Reserve 2,ir2,Injured Reserve,ir,11.0,ir,False,2026-01-20,,8476474.0
new-jersey-devils,edmonton-oilers,Luke Hughes,Injured Reserve 3,ir3,Injured Reserve,ir,43.0,out,False,2026-01-20,,8482684.0
new-york-rangers,los-angeles-kings,Conor Sheary,Injured Reserve 2,ir2,Injured Reserve,ir,,ir,False,2026-01-20,,8477839.0
new-york-rangers,los-angeles-kings,Adam Edstrom,Injured Reserve 3,ir3,Injured Reserve,ir,84.0,ir,False,2026-01-20,,8481726.0
new-york-rangers,los-angeles-kings,Igor Shesterkin,Injured Reserve 5,ir5,Injured Reserve,ir,31.0,ir,False,2026-01-20,,
new-york-rangers,los-angeles-kings,Adam Fox,Injured Reserve 6,ir6,Injured Reserve,ir,23.0,ir,False,2026-01-20,,8479323.0
ottawa-senators,columbus-blue-jackets,Linus Ullmark,Injured Reserve 1,ir1,Injured Reserve,ir,35.0,out,False,2026-01-20,,
san-jose-sharks,tampa-bay-lightning,Carey Price,Injured Reserve 1,ir1,Injured Reserve,ir,31.0,ir,False,2026-01-20,,
san-jose-sharks,tampa-bay-lightning,Shakir Mukhamadullin,Injured Reserve 4,ir4,Injured Reserve,ir,,ir,False,2026-01-20,,8482166.0
san-jose-sharks,tampa-bay-lightning,Philipp Kurashev,Injured Reserve 5,ir5,Injured Reserve,ir,96.0,ir,False,2026-01-20,,8480798.0
san-jose-sharks,tampa-bay-lightning,Ty Dellandrea,Injured Reserve 7,ir7,Injured Reserve,ir,10.0,ir,False,2026-01-20,,8480848.0
st-louis-blues,winnipeg-jets,Torey Krug,Injured Reserve 1,ir1,Injured Reserve,ir,47.0,ir,False,2026-01-20,,
st-louis-blues,winnipeg-jets,Oskar Sundqvist,Injured Reserve 2,ir2,Injured Reserve,ir,70.0,dtd,False,2026-01-20,,8476897.0
st-louis-blues,winnipeg-jets,Pius Suter,Injured Reserve 3,ir3,Injured Reserve,ir,24.0,out,False,2026-01-20,,8480459.0
st-louis-blues,winnipeg-jets,Mathieu Joseph,Injured Reserve 4,ir4,Injured Reserve,ir,71.0,dtd,False,2026-01-20,,8478472.0
st-louis-blues,winnipeg-jets,Robert Thomas,Injured Reserve 5,ir5,Injured Reserve,ir,18.0,ir,False,2026-01-20,,8480023.0
tampa-bay-lightning,san-jose-sharks,Victor Hedman,Injured Reserve 1,ir1,Injured Reserve,ir,77.0,ir,False,2026-01-20,,8475167.0
tampa-bay-lightning,san-jose-sharks,Ryan McDonagh,Injured Reserve 2,ir2,Injured Reserve,ir,27.0,ir,False,2026-01-20,,8474151.0
tampa-bay-lightning,san-jose-sharks,Emil Lilleberg,Injured Reserve 3,ir3,Injured Reserve,ir,,ir,False,2026-01-20,,8482929.0
tampa-bay-lightning,san-jose-sharks,Scott Sabourin,Injured Reserve 4,ir4,Injured Reserve,ir,46.0,ir,False,2026-01-20,,8477149.0
tampa-bay-lightning,san-jose-sharks,Brayden Point,Injured Reserve 5,ir5,Injured Reserve,ir,21.0,ir,False,2026-01-20,,8478010.0
winnipeg-jets,st-louis-blues,Haydn Fleury,Injured Reserve 1,ir1,Injured Reserve,ir,24.0,out,False,2026-01-20,,8477938.0
winnipeg-jets,st-louis-blues,Colin Miller,Injured Reserve 2,ir2,Injured Reserve,ir,6.0,out,False,2026-01-20,,8476525.0
winnipeg-jets,st-louis-blues,Neal Pionk,Injured Reserve 4,ir4,Injured Reserve,ir,4.0,out,False,2026-01-20,,8480145.0
anaheim-ducks,colorado-avalanche,Frank Vatrano,Injured Reserve 1,ir1,Injured Reserve,ir,77.0,ir,False,2026-01-21,,8478366.0
anaheim-ducks,colorado-avalanche,Petr Mrazek,Injured Reserve 3,ir3,Injured Reserve,ir,34.0,ir,False,2026-01-21,,
anaheim-ducks,colorado-avalanche,Leo Carlsson,Injured Reserve 5,ir5,Injured Reserve,ir,91.0,dtd,False,2026-01-21,,8484153.0
anaheim-ducks,colorado-avalanche,Troy Terry,Injured Reserve 6,ir6,Injured Reserve,ir,19.0,out,False,2026-01-21,,8478873.0
calgary-flames,pittsburgh-penguins,Martin Pospisil,Injured Reserve 1,ir1,Injured Reserve,ir,76.0,ir,False,2026-01-21,,
calgary-flames,pittsburgh-penguins,Jake Bean,Injured Reserve 2,ir2,Injured Reserve,ir,24.0,ir,False,2026-01-21,,8479402.0
calgary-flames,pittsburgh-penguins,Samuel Honzek,Injured Reserve 3,ir3,Injured Reserve,ir,29.0,ir,False,2026-01-21,,8484180.0
calgary-flames,pittsburgh-penguins,John Beecher,Injured Reserve 4,ir4,Injured Reserve,ir,18.0,ir,False,2026-01-21,,8481556.0
calgary-flames,pittsburgh-penguins,Blake Coleman,Injured Reserve 5,ir5,Injured Reserve,ir,20.0,ir,False,2026-01-21,,8476399.0
colorado-avalanche,anaheim-ducks,Logan O'Connor,Injured Reserve 1,ir1,Injured Reserve,ir,25.0,out,False,2026-01-21,,
colorado-avalanche,anaheim-ducks,Joel Kiviranta,Injured Reserve 3,ir3,Injured Reserve,ir,94.0,out,False,2026-01-21,,8481641.0
colorado-avalanche,anaheim-ducks,Devon Toews,Injured Reserve 4,ir4,Injured Reserve,ir,7.0,out,False,2026-01-21,,8478038.0
colorado-avalanche,anaheim-ducks,Gabriel Landeskog,Injured Reserve 5,ir5,Injured Reserve,ir,92.0,out,False,2026-01-21,,8476455.0
colorado-avalanche,anaheim-ducks,Valeri Nichushkin,Injured Reserve 6,ir6,Injured Reserve,ir,13.0,dtd,False,2026-01-21,,8477501.0
new-york-islanders,seattle-kraken,Semyon Varlamov,Injured Reserve 1,ir1,Injured Reserve,ir,40.0,ir,False,2026-01-21,,
new-york-islanders,seattle-kraken,Pierre Engvall,Injured Reserve 2,ir2,Injured Reserve,ir,18.0,ir,False,2026-01-21,,
new-york-islanders,seattle-kraken,Ethan Bear,Injured Reserve 3,ir3,Injured Reserve,ir,,ir,False,2026-01-21,,
new-york-islanders,seattle-kraken,Alexander Romanov,Injured Reserve 4,ir4,Injured Reserve,ir,28.0,ir,False,2026-01-21,,8481014.0
new-york-islanders,seattle-kraken,Kyle Palmieri,Injured Reserve 5,ir5,Injured Reserve,ir,21.0,ir,False,2026-01-21,,8475151.0
new-york-islanders,seattle-kraken,Bo Horvat,Injured Reserve 6,ir6,Injured Reserve,ir,14.0,out,False,2026-01-21,,8477500.0
philadelphia-flyers,utah-hockey-club,Tyson Foerster,Injured Reserve 1,ir1,Injured Reserve,ir,71.0,ir,False,2026-01-21,,8482159.0
philadelphia-flyers,utah-hockey-club,Dan Vladar,Injured Reserve 4,ir4,Injured Reserve,ir,80.0,dtd,False,2026-01-21,,
philadelphia-flyers,utah-hockey-club,Rodrigo Abols,Injured Reserve 5,ir5,Injured Reserve,ir,18.0,ir,False,2026-01-21,,8479022.0
pittsburgh-penguins,calgary-flames,Joel Blomqvist,Injured Reserve 1,ir1,Injured Reserve,ir,30.0,ir,False,2026-01-21,,
pittsburgh-penguins,calgary-flames,Filip Hallander,Injured Reserve 3,ir3,Injured Reserve,ir,11.0,ir,False,2026-01-21,,8480842.0
pittsburgh-penguins,calgary-flames,Caleb Jones,Injured Reserve 4,ir4,Injured Reserve,ir,82.0,ir,False,2026-01-21,,8478452.0
pittsburgh-penguins,calgary-flames,Erik Karlsson,Injured Reserve 5,ir5,Injured Reserve,ir,65.0,dtd,False,2026-01-21,,8474578.0
seattle-kraken,new-york-islanders,Matt Murray,Injured Reserve 2,ir2,Injured Reserve,ir,30.0,ir,False,2026-01-21,,
toronto-maple-leafs,detroit-red-wings,Anthony Stolarz,Injured Reserve 1,ir1,Injured Reserve,ir,41.0,ir,False,2026-01-21,,
toronto-maple-leafs,detroit-red-wings,Dakota Mermis,Injured Reserve 2,ir2,Injured Reserve,ir,36.0,ir,False,2026-01-21,,8477541.0
toronto-maple-leafs,detroit-red-wings,William Nylander,Injured Reserve 3,ir3,Injured Reserve,ir,88.0,out,False,2026-01-21,,8477939.0
toronto-maple-leafs,detroit-red-wings,Chris Tanev,Injured Reserve 5,ir5,Injured Reserve,ir,8.0,out,False,2026-01-21,,8475690.0
toronto-maple-leafs,detroit-red-wings,Dakota Joshua,Injured Reserve 6,ir6,Injured Reserve,ir,81.0,out,False,2026-01-21,,8478057.0
utah-hockey-club,philadelphia-flyers,Alex Kerfoot,Injured Reserve 1,ir1,Injured Reserve,ir,15.0,ir,False,2026-01-21,,
utah-hockey-club,philadelphia-flyers,Logan Cooley,Injured Reserve 2,ir2,Injured Reserve,ir,92.0,ir,False,2026-01-21,,8483431.0
vancouver-canucks,washington-capitals,Filip Chytil,Injured Reserve 1,ir1,Injured Reserve,ir,72.0,ir,False,2026-01-21,,8480078.0
vancouver-canucks,washington-capitals,Derek Forbort,Injured Reserve 2,ir2,Injured Reserve,ir,27.0,ir,False,2026-01-21,,8475762.0
vancouver-canucks,washington-capitals,Teddy Blueger,Injured Reserve 3,ir3,Injured Reserve,ir,53.0,ir,False,2026-01-21,,8476927.0
vancouver-canucks,washington-capitals,Thatcher Demko,Injured Reserve 4,ir4,Injured Reserve,ir,35.0,ir,False,2026-01-21,,
vancouver-canucks,washington-capitals,Marco Rossi,Injured Reserve 5,ir5,Injured Reserve,ir,93.0,dtd,False,2026-01-21,,8482079.0
washington-capitals,vancouver-canucks,Pierre-Luc Dubois,Injured Reserve 1,ir1,Injured Reserve,ir,80.0,ir,False,2026-01-21,,8479400.0
washington-capitals,vancouver-canucks,Tom Wilson,Injured Reserve 3,ir3,Injured Reserve,ir,43.0,ir,False,2026-01-21,,8476880.0
boston-bruins,vegas-golden-knights,Jordan Harris,Injured Reserve 1,ir1,Injured Reserve,ir,43.0,ir,False,2026-01-22,,8480887.0
boston-bruins,vegas-golden-knights,Matej Blumel,Injured Reserve 2,ir2,Injured Reserve,ir,13.0,ir,False,2026-01-22,,
boston-bruins,vegas-golden-knights,Michael Callahan,Injured Reserve 3,ir3,Injured Reserve,ir,79.0,ir,False,2026-01-22,,8480828.0
boston-bruins,vegas-golden-knights,Henri Jokiharju,Injured Reserve 4,ir4,Injured Reserve,ir,20.0,dtd,False,2026-01-22,,8480035.0
buffalo-sabres,montreal-canadiens,Conor Timmins,Injured Reserve 1,ir1,Injured Reserve,ir,21.0,ir,False,2026-01-22,,8479982.0
buffalo-sabres,montreal-canadiens,Jiri Kulich,Injured Reserve 2,ir2,Injured Reserve,ir,20.0,ir,False,2026-01-22,,8483468.0
buffalo-sabres,montreal-canadiens,Justin Danforth,Injured Reserve 3,ir3,Injured Reserve,ir,15.0,ir,False,2026-01-22,,8479941.0
buffalo-sabres,montreal-canadiens,Josh Norris,Injured Reserve 4,ir4,Injured Reserve,ir,9.0,ir,False,2026-01-22,,8480064.0
buffalo-sabres,montreal-canadiens,Josh Dunne,Injured Reserve 5,ir5,Injured Reserve,ir,,ir,False,2026-01-22,,8482623.0
carolina-hurricanes,chicago-blackhawks,Charles-Alexis Legault,Injured Reserve 1,ir1,Injured Reserve,ir,62.0,ir,False,2026-01-22,,
carolina-hurricanes,chicago-blackhawks,Pyotr Kochetkov,Injured Reserve 2,ir2,Injured Reserve,ir,52.0,ir,False,2026-01-22,,
carolina-hurricanes,chicago-blackhawks,Shayne Gostisbehere,Injured Reserve 3,ir3,Injured Reserve,ir,4.0,dtd,False,2026-01-22,,8476906.0
carolina-hurricanes,chicago-blackhawks,Noah Philp,Injured Reserve 4,ir4,Injured Reserve,ir,15.0,ir,False,2026-01-22,,8481491.0
carolina-hurricanes,chicago-blackhawks,Eric Robinson,Injured Reserve 5,ir5,Injured Reserve,ir,50.0,dtd,False,2026-01-22,,8480762.0
chicago-blackhawks,carolina-hurricanes,Teuvo Teravainen,Injured Reserve 1,ir1,Injured Reserve,ir,86.0,out,False,2026-01-22,,8476882.0
columbus-blue-jackets,dallas-stars,Brendan Smith,Injured Reserve 2,ir2,Injured Reserve,ir,2.0,ir,False,2026-01-22,,
columbus-blue-jackets,dallas-stars,Isac Lundestrom,Injured Reserve 3,ir3,Injured Reserve,ir,21.0,ir,False,2026-01-22,,
columbus-blue-jackets,dallas-stars,Miles Wood,Injured Reserve 4,ir4,Injured Reserve,ir,28.0,ir,False,2026-01-22,,8477425.0
columbus-blue-jackets,dallas-stars,Mason Marchment,Injured Reserve 5,ir5,Injured Reserve,ir,27.0,ir,False,2026-01-22,,8478975.0
columbus-blue-jackets,dallas-stars,Denton Mateychuk,Injured Reserve 6,ir6,Injured Reserve,ir,5.0,dtd,False,2026-01-22,,8483485.0
columbus-blue-jackets,dallas-stars,Dante Fabbro,Injured Reserve 7,ir7,Injured Reserve,ir,15.0,dtd,False,2026-01-22,,8479371.0
columbus-blue-jackets,dallas-stars,Elvis Merzlikins,Injured Reserve 8,ir8,Injured Reserve,ir,90.0,dtd,False,2026-01-22,,
dallas-stars,columbus-blue-jackets,Tyler Seguin,Injured Reserve 1,ir1,Injured Reserve,ir,91.0,ir,False,2026-01-22,,8475794.0
dallas-stars,columbus-blue-jackets,Lian Bichsel,Injured Reserve 2,ir2,Injured Reserve,ir,6.0,ir,False,2026-01-22,,8483425.0
dallas-stars,columbus-blue-jackets,Mikko Rantanen,Injured Reserve 3,ir3,Injured Reserve,ir,96.0,dtd,False,2026-01-22,,8478420.0
edmonton-oilers,pittsburgh-penguins,Kasperi Kapanen,Injured Reserve 1,ir1,Injured Reserve,ir,42.0,out,False,2026-01-22,,8477953.0
edmonton-oilers,pittsburgh-penguins,Adam Henrique,Injured Reserve 2,ir2,Injured Reserve,ir,19.0,ir,False,2026-01-22,,8474641.0
edmonton-oilers,pittsburgh-penguins,Leon Draisaitl,Injured Reserve 3,ir3,Injured Reserve,ir,29.0,out,False,2026-01-22,,8477934.0
florida-panthers,winnipeg-jets,Aleksander Barkov,Injured Reserve 2,ir2,Injured Reserve,ir,16.0,ir,False,2026-01-22,,
florida-panthers,winnipeg-jets,Dmitry Kulikov,Injured Reserve 3,ir3,Injured Reserve,ir,7.0,ir,False,2026-01-22,,8475179.0
florida-panthers,winnipeg-jets,Jonah Gadjovich,Injured Reserve 4,ir4,Injured Reserve,ir,12.0,ir,False,2026-01-22,,8479981.0
florida-panthers,winnipeg-jets,Tomas Nosek,Injured Reserve 5,ir5,Injured Reserve,ir,92.0,out,False,2026-01-22,,
florida-panthers,winnipeg-jets,Niko Mikkola,Injured Reserve 6,ir6,Injured Reserve,ir,77.0,dtd,False,2026-01-22,,8478859.0
florida-panthers,winnipeg-jets,Seth Jones,Injured Reserve 7,ir7,Injured Reserve,ir,3.0,dtd,False,2026-01-22,,8477495.0
florida-panthers,winnipeg-jets,Brad Marchand,Injured Reserve 8,ir8,Injured Reserve,ir,63.0,dtd,False,2026-01-22,,8473419.0
minnesota-wild,detroit-red-wings,Zach Bogosian,Injured Reserve 1,ir1,Injured Reserve,ir,24.0,ir,False,2026-01-22,,8474567.0
minnesota-wild,detroit-red-wings,Joel Eriksson Ek,Injured Reserve 2,ir2,Injured Reserve,ir,14.0,ir,False,2026-01-22,,8478493.0
minnesota-wild,detroit-red-wings,Jonas Brodin,Injured Reserve 3,ir3,Injured Reserve,ir,25.0,ir,False,2026-01-22,,8476463.0
minnesota-wild,detroit-red-wings,Matt Boldy,Injured Reserve 4,ir4,Injured Reserve,ir,12.0,ir,False,2026-01-22,,8481557.0
minnesota-wild,detroit-red-wings,Marcus Johansson,Injured Reserve 5,ir5,Injured Reserve,ir,90.0,out,False,2026-01-22,,8475149.0
montreal-canadiens,buffalo-sabres,Patrik Laine,Injured Reserve 1,ir1,Injured Reserve,ir,92.0,ir,False,2026-01-22,,8479339.0
montreal-canadiens,buffalo-sabres,Alex Newhook,Injured Reserve 2,ir2,Injured Reserve,ir,15.0,ir,False,2026-01-22,,8481618.0
montreal-canadiens,buffalo-sabres,David Reinbacher,Injured Reserve 3,ir3,Injured Reserve,ir,64.0,out,False,2026-01-22,,
montreal-canadiens,buffalo-sabres,Alexandre Texier,Injured Reserve 4,ir4,Injured Reserve,ir,85.0,dtd,False,2026-01-22,,8480074.0
nashville-predators,ottawa-senators,Cole Smith,Injured Reserve 1,ir1,Injured Reserve,ir,36.0,ir,False,2026-01-22,,8482062.0
nashville-predators,ottawa-senators,Zachary L'Heureux,Injured Reserve 2,ir2,Injured Reserve,ir,68.0,out,False,2026-01-22,,
nashville-predators,ottawa-senators,Adam Wilsby,Injured Reserve 3,ir3,Injured Reserve,ir,83.0,dtd,False,2026-01-22,,8482482.0
ottawa-senators,nashville-predators,Linus Ullmark,Injured Reserve 1,ir1,Injured Reserve,ir,35.0,out,False,2026-01-22,,
pittsburgh-penguins,edmonton-oilers,Joel Blomqvist,Injured Reserve 1,ir1,Injured Reserve,ir,30.0,ir,False,2026-01-22,,
pittsburgh-penguins,edmonton-oilers,Filip Hallander,Injured Reserve 3,ir3,Injured Reserve,ir,11.0,ir,False,2026-01-22,,8480842.0
pittsburgh-penguins,edmonton-oilers,Caleb Jones,Injured Reserve 4,ir4,Injured Reserve,ir,82.0,ir,False,2026-01-22,,8478452.0
pittsburgh-penguins,edmonton-oilers,Erik Karlsson,Injured Reserve 5,ir5,Injured Reserve,ir,65.0,dtd,False,2026-01-22,,8474578.0
pittsburgh-penguins,edmonton-oilers,Kris Letang,Injured Reserve 6,ir6,Injured Reserve,ir,58.0,dtd,False,2026-01-22,,8471724.0
vegas-golden-knights,boston-bruins,Alex Pietrangelo,Injured Reserve 1,ir1,Injured Reserve,ir,7.0,ir,False,2026-01-22,,
vegas-golden-knights,boston-bruins,Brandon Saad,Injured Reserve 2,ir2,Injured Reserve,ir,20.0,ir,False,2026-01-22,,8476438.0
vegas-golden-knights,boston-bruins,William Karlsson,Injured Reserve 3,ir3,Injured Reserve,ir,71.0,ir,False,2026-01-22,,8476448.0
vegas-golden-knights,boston-bruins,Brayden McNabb,Injured Reserve 5,ir5,Injured Reserve,ir,3.0,out,False,2026-01-22,,8475188.0
vegas-golden-knights,boston-bruins,Carter Hart,Injured Reserve 6,ir6,Injured Reserve,ir,79.0,ir,False,2026-01-22,,
winnipeg-jets,florida-panthers,Haydn Fleury,Injured Reserve 1,ir1,Injured Reserve,ir,24.0,out,False,2026-01-22,,8477938.0
winnipeg-jets,florida-panthers,Colin Miller,Injured Reserve 2,ir2,Injured Reserve,ir,6.0,out,False,2026-01-22,,8476525.0
winnipeg-jets,florida-panthers,Neal Pionk,Injured Reserve 4,ir4,Injured Reserve,ir,4.0,out,False,2026-01-22,,8480145.0
anaheim-ducks,seattle-kraken,Frank Vatrano,Injured Reserve 1,ir1,Injured Reserve,ir,77.0,ir,False,2026-01-23,,8478366.0
anaheim-ducks,seattle-kraken,Troy Terry,Injured Reserve 2,ir2,Injured Reserve,ir,19.0,ir,False,2026-01-23,,8478873.0
anaheim-ducks,seattle-kraken,Petr Mrazek,Injured Reserve 3,ir3,Injured Reserve,ir,34.0,ir,False,2026-01-23,,
anaheim-ducks,seattle-kraken,Leo Carlsson,Injured Reserve 4,ir4,Injured Reserve,ir,91.0,out,False,2026-01-23,,8484153.0
anaheim-ducks,seattle-kraken,Mason McTavish,Injured Reserve 5,ir5,Injured Reserve,ir,23.0,dtd,False,2026-01-23,,8482745.0
calgary-flames,washington-capitals,Blake Coleman,Injured Reserve 1,ir1,Injured Reserve,ir,20.0,ir,False,2026-01-23,,8476399.0
calgary-flames,washington-capitals,John Beecher,Injured Reserve 2,ir2,Injured Reserve,ir,18.0,ir,False,2026-01-23,,8481556.0
calgary-flames,washington-capitals,Samuel Honzek,Injured Reserve 3,ir3,Injured Reserve,ir,29.0,ir,False,2026-01-23,,8484180.0
calgary-flames,washington-capitals,Jake Bean,Injured Reserve 4,ir4,Injured Reserve,ir,24.0,ir,False,2026-01-23,,8479402.0
calgary-flames,washington-capitals,Zayne Parekh,Injured Reserve 5,ir5,Injured Reserve,ir,89.0,out,False,2026-01-23,,8484768.0
calgary-flames,washington-capitals,Jonathan Huberdeau,Injured Reserve 6,ir6,Injured Reserve,ir,10.0,dtd,False,2026-01-23,,8476456.0
chicago-blackhawks,tampa-bay-lightning,Teuvo Teravainen,Injured Reserve 1,ir1,Injured Reserve,ir,86.0,dtd,False,2026-01-23,,8476882.0
chicago-blackhawks,tampa-bay-lightning,Jason Dickinson,Injured Reserve 2,ir2,Injured Reserve,ir,16.0,dtd,False,2026-01-23,,8477450.0
colorado-avalanche,philadelphia-flyers,Joel Kiviranta,Injured Reserve 1,ir1,Injured Reserve,ir,94.0,ir,False,2026-01-23,,8481641.0
colorado-avalanche,philadelphia-flyers,Logan O'Connor,Injured Reserve 2,ir2,Injured Reserve,ir,25.0,out,False,2026-01-23,,
colorado-avalanche,philadelphia-flyers,Gabriel Landeskog,Injured Reserve 3,ir3,Injured Reserve,ir,92.0,out,False,2026-01-23,,8476455.0
colorado-avalanche,philadelphia-flyers,Devon Toews,Injured Reserve 4,ir4,Injured Reserve,ir,7.0,out,False,2026-01-23,,8478038.0
dallas-stars,st-louis-blues,Tyler Seguin,Injured Reserve 1,ir1,Injured Reserve,ir,91.0,ir,False,2026-01-23,,8475794.0
dallas-stars,st-louis-blues,Lian Bichsel,Injured Reserve 2,ir2,Injured Reserve,ir,6.0,ir,False,2026-01-23,,8483425.0
dallas-stars,st-louis-blues,Mikko Rantanen,Injured Reserve 3,ir3,Injured Reserve,ir,96.0,dtd,False,2026-01-23,,8478420.0
new-jersey-devils,vancouver-canucks,Zack MacEwen,Injured Reserve 1,ir1,Injured Reserve,ir,,ir,False,2026-01-23,,8479772.0
new-jersey-devils,vancouver-canucks,Stefan Noesen,Injured Reserve 2,ir2,Injured Reserve,ir,11.0,ir,False,2026-01-23,,8476474.0
new-jersey-devils,vancouver-canucks,Luke Hughes,Injured Reserve 3,ir3,Injured Reserve,ir,43.0,ir,False,2026-01-23,,8482684.0
new-york-rangers,san-jose-sharks,Conor Sheary,Injured Reserve 1,ir1,Injured Reserve,ir,,ir,False,2026-01-23,,8477839.0
new-york-rangers,san-jose-sharks,Adam Fox,Injured Reserve 2,ir2,Injured Reserve,ir,23.0,ir,False,2026-01-23,,8479323.0
new-york-rangers,san-jose-sharks,Adam Edstrom,Injured Reserve 3,ir3,Injured Reserve,ir,84.0,ir,False,2026-01-23,,8481726.0
new-york-rangers,san-jose-sharks,Igor Shesterkin,Injured Reserve 4,ir4,Injured Reserve,ir,31.0,ir,False,2026-01-23,,
philadelphia-flyers,colorado-avalanche,Tyson Foerster,Injured Reserve 1,ir1,Injured Reserve,ir,71.0,ir,False,2026-01-23,,8482159.0
philadelphia-flyers,colorado-avalanche,Rasmus Ristolainen,Injured Reserve 2,ir2,Injured Reserve,ir,55.0,ir,False,2026-01-23,,
philadelphia-flyers,colorado-avalanche,Rodrigo Abols,Injured Reserve 3,ir3,Injured Reserve,ir,18.0,ir,False,2026-01-23,,8479022.0
philadelphia-flyers,colorado-avalanche,Dan Vladar,Injured Reserve 4,ir4,Injured Reserve,ir,80.0,ir,False,2026-01-23,,
san-jose-sharks,new-york-rangers,Shakir Mukhamadullin,Injured Reserve 1,ir1,Injured Reserve,ir,,ir,False,2026-01-23,,8482166.0
san-jose-sharks,new-york-rangers,Philipp Kurashev,Injured Reserve 2,ir2,Injured Reserve,ir,96.0,ir,False,2026-01-23,,8480798.0
san-jose-sharks,new-york-rangers,Ty Dellandrea,Injured Reserve 3,ir3,Injured Reserve,ir,10.0,ir,False,2026-01-23,,8480848.0
san-jose-sharks,new-york-rangers,Kiefer Sherwood,Injured Reserve 4,ir4,Injured Reserve,ir,44.0,ir,False,2026-01-23,,8480748.0
seattle-kraken,anaheim-ducks,Ben Meyers,Injured Reserve 1,ir1,Injured Reserve,ir,59.0,ir,False,2026-01-23,,8483570.0
seattle-kraken,anaheim-ducks,Matt Murray,Injured Reserve 2,ir2,Injured Reserve,ir,30.0,ir,False,2026-01-23,,
st-louis-blues,dallas-stars,Pius Suter,Injured Reserve 1,ir1,Injured Reserve,ir,24.0,ir,False,2026-01-23,,8480459.0
st-louis-blues,dallas-stars,Mathieu Joseph,Injured Reserve 2,ir2,Injured Reserve,ir,71.0,ir,False,2026-01-23,,8478472.0
st-louis-blues,dallas-stars,Robert Thomas,Injured Reserve 3,ir3,Injured Reserve,ir,18.0,ir,False,2026-01-23,,8480023.0
st-louis-blues,dallas-stars,Oskar Sundqvist,Injured Reserve 4,ir4,Injured Reserve,ir,70.0,out,False,2026-01-23,,8476897.0
tampa-bay-lightning,chicago-blackhawks,Victor Hedman,Injured Reserve 1,ir1,Injured Reserve,ir,77.0,ir,False,2026-01-23,,8475167.0
tampa-bay-lightning,chicago-blackhawks,Ryan McDonagh,Injured Reserve 2,ir2,Injured Reserve,ir,27.0,ir,False,2026-01-23,,8474151.0
tampa-bay-lightning,chicago-blackhawks,Emil Lilleberg,Injured Reserve 3,ir3,Injured Reserve,ir,,ir,False,2026-01-23,,8482929.0
tampa-bay-lightning,chicago-blackhawks,Scott Sabourin,Injured Reserve 4,ir4,Injured Reserve,ir,46.0,ir,False,2026-01-23,,8477149.0
tampa-bay-lightning,chicago-blackhawks,Brayden Point,Injured Reserve 5,ir5,Injured Reserve,ir,21.0,ir,False,2026-01-23,,8478010.0
tampa-bay-lightning,chicago-blackhawks,Anthony Cirelli,Injured Reserve 6,ir6,Injured Reserve,ir,71.0,dtd,False,2026-01-23,,8478519.0
toronto-maple-leafs,vegas-golden-knights,Anthony Stolarz,Injured Reserve 1,ir1,Injured Reserve,ir,41.0,ir,False,2026-01-23,,
toronto-maple-leafs,vegas-golden-knights,Dakota Mermis,Injured Reserve 2,ir2,Injured Reserve,ir,36.0,ir,False,2026-01-23,,8477541.0
toronto-maple-leafs,vegas-golden-knights,William Nylander,Injured Reserve 3,ir3,Injured Reserve,ir,88.0,ir,False,2026-01-23,,8477939.0
toronto-maple-leafs,vegas-golden-knights,Dakota Joshua,Injured Reserve 4,ir4,Injured Reserve,ir,81.0,ir,False,2026-01-23,,8478057.0
toronto-maple-leafs,vegas-golden-knights,Chris Tanev,Injured Reserve 5,ir5,Injured Reserve,ir,8.0,ir,False,2026-01-23,,8475690.0
toronto-maple-leafs,vegas-golden-knights,Oliver Ekman-Larsson,Injured Reserve 6,ir6,Injured Reserve,ir,95.0,dtd,False,2026-01-23,,8475171.0
toronto-maple-leafs,vegas-golden-knights,Brandon Carlo,Injured Reserve 7,ir7,Injured Reserve,ir,25.0,dtd,False,2026-01-23,,8478443.0
vancouver-canucks,new-jersey-devils,Filip Chytil,Injured Reserve 1,ir1,Injured Reserve,ir,72.0,ir,False,2026-01-23,,8480078.0
vancouver-canucks,new-jersey-devils,Derek Forbort,Injured Reserve 2,ir2,Injured Reserve,ir,27.0,ir,False,2026-01-23,,8475762.0
vancouver-canucks,new-jersey-devils,Marco Rossi,Injured Reserve 3,ir3,Injured Reserve,ir,93.0,ir,False,2026-01-23,,8482079.0
vancouver-canucks,new-jersey-devils,Thatcher Demko,Injured Reserve 4,ir4,Injured Reserve,ir,35.0,ir,False,2026-01-23,,
vegas-golden-knights,toronto-maple-leafs,Alex Pietrangelo,Injured Reserve 1,ir1,Injured Reserve,ir,7.0,ir,False,2026-01-23,,
vegas-golden-knights,toronto-maple-leafs,Brett Howden,Injured Reserve 2,ir2,Injured Reserve,ir,21.0,ir,False,2026-01-23,,8479353.0
vegas-golden-knights,toronto-maple-leafs,Brandon Saad,Injured Reserve 3,ir3,Injured Reserve,ir,20.0,ir,False,2026-01-23,,8476438.0
vegas-golden-knights,toronto-maple-leafs,Brayden McNabb,Injured Reserve 4,ir4,Injured Reserve,ir,3.0,ir,False,2026-01-23,,8475188.0
vegas-golden-knights,toronto-maple-leafs,William Karlsson,Injured Reserve 5,ir5,Injured Reserve,ir,71.0,ir,False,2026-01-23,,8476448.0
vegas-golden-knights,toronto-maple-leafs,Carter Hart,Injured Reserve 6,ir6,Injured Reserve,ir,79.0,ir,False,2026-01-23,,
vegas-golden-knights,toronto-maple-leafs,Rasmus Andersson,Injured Reserve 7,ir7,Injured Reserve,ir,4.0,ir,False,2026-01-23,,8478397.0
vegas-golden-knights,toronto-maple-leafs,Colton Sissons,Injured Reserve 8,ir8,Injured Reserve,ir,10.0,out,False,2026-01-23,,8476925.0
washington-capitals,calgary-flames,Pierre-Luc Dubois,Injured Reserve 1,ir1,Injured Reserve,ir,80.0,ir,False,2026-01-23,,8479400.0
boston-bruins,montreal-canadiens,Jordan Harris,Injured Reserve 1,ir1,Injured Reserve,ir,43.0,ir,False,2026-01-24,,8480887.0
buffalo-sabres,new-york-islanders,Conor Timmins,Injured Reserve 1,ir1,Injured Reserve,ir,21.0,ir,False,2026-01-24,,8479982.0
buffalo-sabres,new-york-islanders,Josh Dunne,Injured Reserve 2,ir2,Injured Reserve,ir,,ir,False,2026-01-24,,8482623.0
buffalo-sabres,new-york-islanders,Jiri Kulich,Injured Reserve 3,ir3,Injured Reserve,ir,20.0,ir,False,2026-01-24,,8483468.0
buffalo-sabres,new-york-islanders,Justin Danforth,Injured Reserve 4,ir4,Injured Reserve,ir,15.0,ir,False,2026-01-24,,8479941.0
buffalo-sabres,new-york-islanders,Josh Norris,Injured Reserve 5,ir5,Injured Reserve,ir,9.0,ir,False,2026-01-24,,8480064.0
buffalo-sabres,new-york-islanders,Jacob Bryson,Injured Reserve 6,ir6,Injured Reserve,ir,78.0,ir,False,2026-01-24,,8480196.0
buffalo-sabres,new-york-islanders,Zach Benson,Injured Reserve 7,ir7,Injured Reserve,ir,6.0,dtd,False,2026-01-24,,8484145.0
carolina-hurricanes,ottawa-senators,Charles-Alexis Legault,Injured Reserve 1,ir1,Injured Reserve,ir,62.0,ir,False,2026-01-24,,
carolina-hurricanes,ottawa-senators,Pyotr Kochetkov,Injured Reserve 2,ir2,Injured Reserve,ir,52.0,ir,False,2026-01-24,,
carolina-hurricanes,ottawa-senators,Noah Philp,Injured Reserve 3,ir3,Injured Reserve,ir,15.0,ir,False,2026-01-24,,8481491.0
carolina-hurricanes,ottawa-senators,Eric Robinson,Injured Reserve 4,ir4,Injured Reserve,ir,50.0,out,False,2026-01-24,,8480762.0
carolina-hurricanes,ottawa-senators,Shayne Gostisbehere,Injured Reserve 5,ir5,Injured Reserve,ir,4.0,dtd,False,2026-01-24,,8476906.0
columbus-blue-jackets,tampa-bay-lightning,Miles Wood,Injured Reserve 1,ir1,Injured Reserve,ir,28.0,ir,False,2026-01-24,,8477425.0
columbus-blue-jackets,tampa-bay-lightning,Brendan Smith,Injured Reserve 2,ir2,Injured Reserve,ir,2.0,ir,False,2026-01-24,,
columbus-blue-jackets,tampa-bay-lightning,Denton Mateychuk,Injured Reserve 3,ir3,Injured Reserve,ir,5.0,ir,False,2026-01-24,,8483485.0
columbus-blue-jackets,tampa-bay-lightning,Dante Fabbro,Injured Reserve 4,ir4,Injured Reserve,ir,15.0,out,False,2026-01-24,,8479371.0
detroit-red-wings,winnipeg-jets,Simon Edvinsson,Injured Reserve 1,ir1,Injured Reserve,ir,77.0,dtd,False,2026-01-24,,8482762.0
edmonton-oilers,washington-capitals,Adam Henrique,Injured Reserve 1,ir1,Injured Reserve,ir,19.0,ir,False,2026-01-24,,8474641.0
edmonton-oilers,washington-capitals,Kasperi Kapanen,Injured Reserve 2,ir2,Injured Reserve,ir,42.0,out,False,2026-01-24,,8477953.0
florida-panthers,minnesota-wild,Aleksander Barkov,Injured Reserve 1,ir1,Injured Reserve,ir,16.0,ir,False,2026-01-24,,
florida-panthers,minnesota-wild,Dmitry Kulikov,Injured Reserve 2,ir2,Injured Reserve,ir,7.0,ir,False,2026-01-24,,8475179.0
florida-panthers,minnesota-wild,Jonah Gadjovich,Injured Reserve 3,ir3,Injured Reserve,ir,12.0,ir,False,2026-01-24,,8479981.0
florida-panthers,minnesota-wild,Seth Jones,Injured Reserve 4,ir4,Injured Reserve,ir,3.0,ir,False,2026-01-24,,8477495.0
florida-panthers,minnesota-wild,Brad Marchand,Injured Reserve 5,ir5,Injured Reserve,ir,63.0,ir,False,2026-01-24,,8473419.0
florida-panthers,minnesota-wild,Tomas Nosek,Injured Reserve 6,ir6,Injured Reserve,ir,92.0,out,False,2026-01-24,,
los-angeles-kings,st-louis-blues,Trevor Moore,Injured Reserve 1,ir1,Injured Reserve,ir,12.0,ir,False,2026-01-24,,8479675.0
los-angeles-kings,st-louis-blues,Anze Kopitar,Injured Reserve 2,ir2,Injured Reserve,ir,11.0,ir,False,2026-01-24,,8471685.0
los-angeles-kings,st-louis-blues,Drew Doughty,Injured Reserve 3,ir3,Injured Reserve,ir,8.0,dtd,False,2026-01-24,,8474563.0
los-angeles-kings,st-louis-blues,Darcy Kuemper,Injured Reserve 4,ir4,Injured Reserve,ir,35.0,dtd,False,2026-01-24,,
minnesota-wild,florida-panthers,Zach Bogosian,Injured Reserve 1,ir1,Injured Reserve,ir,24.0,ir,False,2026-01-24,,8474567.0
minnesota-wild,florida-panthers,Jonas Brodin,Injured Reserve 2,ir2,Injured Reserve,ir,25.0,ir,False,2026-01-24,,8476463.0
minnesota-wild,florida-panthers,Matt Boldy,Injured Reserve 3,ir3,Injured Reserve,ir,12.0,ir,False,2026-01-24,,8481557.0
montreal-canadiens,boston-bruins,Patrik Laine,Injured Reserve 1,ir1,Injured Reserve,ir,92.0,ir,False,2026-01-24,,8479339.0
montreal-canadiens,boston-bruins,Alex Newhook,Injured Reserve 2,ir2,Injured Reserve,ir,15.0,ir,False,2026-01-24,,8481618.0
montreal-canadiens,boston-bruins,David Reinbacher,Injured Reserve 3,ir3,Injured Reserve,ir,64.0,out,False,2026-01-24,,
montreal-canadiens,boston-bruins,Alexandre Texier,Injured Reserve 4,ir4,Injured Reserve,ir,85.0,out,False,2026-01-24,,8480074.0
nashville-predators,utah-hockey-club,Adam Wilsby,Injured Reserve 1,ir1,Injured Reserve,ir,83.0,out,False,2026-01-24,,8482482.0
new-york-islanders,buffalo-sabres,Semyon Varlamov,Injured Reserve 1,ir1,Injured Reserve,ir,40.0,ir,False,2026-01-24,,
new-york-islanders,buffalo-sabres,Pierre Engvall,Injured Reserve 2,ir2,Injured Reserve,ir,18.0,ir,False,2026-01-24,,
new-york-islanders,buffalo-sabres,Alexander Romanov,Injured Reserve 3,ir3,Injured Reserve,ir,28.0,ir,False,2026-01-24,,8481014.0
new-york-islanders,buffalo-sabres,Kyle Palmieri,Injured Reserve 4,ir4,Injured Reserve,ir,21.0,ir,False,2026-01-24,,8475151.0
new-york-islanders,buffalo-sabres,Bo Horvat,Injured Reserve 5,ir5,Injured Reserve,ir,14.0,dtd,False,2026-01-24,,8477500.0
ottawa-senators,carolina-hurricanes,Linus Ullmark,Injured Reserve 1,ir1,Injured Reserve,ir,35.0,ir,False,2026-01-24,,
ottawa-senators,carolina-hurricanes,David Perron,Injured Reserve 2,ir2,Injured Reserve,ir,57.0,out,False,2026-01-24,,8474102.0
st-louis-blues,los-angeles-kings,Pius Suter,Injured Reserve 1,ir1,Injured Reserve,ir,24.0,ir,False,2026-01-24,,8480459.0
st-louis-blues,los-angeles-kings,Mathieu Joseph,Injured Reserve 2,ir2,Injured Reserve,ir,71.0,ir,False,2026-01-24,,8478472.0
st-louis-blues,los-angeles-kings,Robert Thomas,Injured Reserve 3,ir3,Injured Reserve,ir,18.0,ir,False,2026-01-24,,8480023.0
st-louis-blues,los-angeles-kings,Oskar Sundqvist,Injured Reserve 4,ir4,Injured Reserve,ir,70.0,out,False,2026-01-24,,8476897.0
st-louis-blues,los-angeles-kings,Dylan Holloway,Injured Reserve 5,ir5,Injured Reserve,ir,81.0,out,False,2026-01-24,,8482077.0
tampa-bay-lightning,columbus-blue-jackets,Victor Hedman,Injured Reserve 1,ir1,Injured Reserve,ir,77.0,ir,False,2026-01-24,,8475167.0
tampa-bay-lightning,columbus-blue-jackets,Ryan McDonagh,Injured Reserve 2,ir2,Injured Reserve,ir,27.0,ir,False,2026-01-24,,8474151.0
tampa-bay-lightning,columbus-blue-jackets,Emil Lilleberg,Injured Reserve 3,ir3,Injured Reserve,ir,,ir,False,2026-01-24,,8482929.0
tampa-bay-lightning,columbus-blue-jackets,Scott Sabourin,Injured Reserve 4,ir4,Injured Reserve,ir,46.0,ir,False,2026-01-24,,8477149.0
tampa-bay-lightning,columbus-blue-jackets,Brayden Point,Injured Reserve 5,ir5,Injured Reserve,ir,21.0,ir,False,2026-01-24,,8478010.0
utah-hockey-club,nashville-predators,Alex Kerfoot,Injured Reserve 1,ir1,Injured Reserve,ir,15.0,ir,False,2026-01-24,,
utah-hockey-club,nashville-predators,Logan Cooley,Injured Reserve 2,ir2,Injured Reserve,ir,92.0,ir,False,2026-01-24,,8483431.0
washington-capitals,edmonton-oilers,Pierre-Luc Dubois,Injured Reserve 1,ir1,Injured Reserve,ir,80.0,ir,False,2026-01-24,,8479400.0
winnipeg-jets,detroit-red-wings,Haydn Fleury,Injured Reserve 1,ir1,Injured Reserve,ir,24.0,ir,False,2026-01-24,,8477938.0
winnipeg-jets,detroit-red-wings,Colin Miller,Injured Reserve 2,ir2,Injured Reserve,ir,6.0,ir,False,2026-01-24,,8476525.0
winnipeg-jets,detroit-red-wings,Neal Pionk,Injured Reserve 3,ir3,Injured Reserve,ir,4.0,ir,False,2026-01-24,,8480145.0
anaheim-ducks,calgary-flames,Frank Vatrano,Injured Reserve 1,ir1,Injured Reserve,ir,77.0,ir,False,2026-01-25,,8478366.0
anaheim-ducks,calgary-flames,Troy Terry,Injured Reserve 2,ir2,Injured Reserve,ir,19.0,ir,False,2026-01-25,,8478873.0
anaheim-ducks,calgary-flames,Petr Mrazek,Injured Reserve 3,ir3,Injured Reserve,ir,34.0,ir,False,2026-01-25,,
anaheim-ducks,calgary-flames,Leo Carlsson,Injured Reserve 4,ir4,Injured Reserve,ir,91.0,out,False,2026-01-25,,8484153.0
anaheim-ducks,calgary-flames,Mason McTavish,Injured Reserve 5,ir5,Injured Reserve,ir,23.0,dtd,False,2026-01-25,,8482745.0
calgary-flames,anaheim-ducks,Blake Coleman,Injured Reserve 1,ir1,Injured Reserve,ir,20.0,ir,False,2026-01-25,,8476399.0
calgary-flames,anaheim-ducks,John Beecher,Injured Reserve 2,ir2,Injured Reserve,ir,18.0,ir,False,2026-01-25,,8481556.0
calgary-flames,anaheim-ducks,Samuel Honzek,Injured Reserve 3,ir3,Injured Reserve,ir,29.0,ir,False,2026-01-25,,8484180.0
calgary-flames,anaheim-ducks,Jake Bean,Injured Reserve 4,ir4,Injured Reserve,ir,24.0,ir,False,2026-01-25,,8479402.0
calgary-flames,anaheim-ducks,Zayne Parekh,Injured Reserve 5,ir5,Injured Reserve,ir,89.0,out,False,2026-01-25,,8484768.0
chicago-blackhawks,florida-panthers,Teuvo Teravainen,Injured Reserve 1,ir1,Injured Reserve,ir,86.0,dtd,False,2026-01-25,,8476882.0
chicago-blackhawks,florida-panthers,Jason Dickinson,Injured Reserve 2,ir2,Injured Reserve,ir,16.0,dtd,False,2026-01-25,,8477450.0
colorado-avalanche,toronto-maple-leafs,Joel Kiviranta,Injured Reserve 1,ir1,Injured Reserve,ir,94.0,ir,False,2026-01-25,,8481641.0
colorado-avalanche,toronto-maple-leafs,Logan O'Connor,Injured Reserve 2,ir2,Injured Reserve,ir,25.0,out,False,2026-01-25,,
colorado-avalanche,toronto-maple-leafs,Gabriel Landeskog,Injured Reserve 3,ir3,Injured Reserve,ir,92.0,out,False,2026-01-25,,8476455.0
colorado-avalanche,toronto-maple-leafs,Devon Toews,Injured Reserve 4,ir4,Injured Reserve,ir,7.0,out,False,2026-01-25,,8478038.0
colorado-avalanche,toronto-maple-leafs,Scott Wedgewood,Injured Reserve 5,ir5,Injured Reserve,ir,41.0,out,False,2026-01-25,,
florida-panthers,chicago-blackhawks,Aleksander Barkov,Injured Reserve 1,ir1,Injured Reserve,ir,16.0,ir,False,2026-01-25,,
florida-panthers,chicago-blackhawks,Dmitry Kulikov,Injured Reserve 2,ir2,Injured Reserve,ir,7.0,ir,False,2026-01-25,,8475179.0
florida-panthers,chicago-blackhawks,Jonah Gadjovich,Injured Reserve 3,ir3,Injured Reserve,ir,12.0,ir,False,2026-01-25,,8479981.0
florida-panthers,chicago-blackhawks,Seth Jones,Injured Reserve 4,ir4,Injured Reserve,ir,3.0,ir,False,2026-01-25,,8477495.0
florida-panthers,chicago-blackhawks,Tomas Nosek,Injured Reserve 5,ir5,Injured Reserve,ir,92.0,out,False,2026-01-25,,
new-jersey-devils,seattle-kraken,Zack MacEwen,Injured Reserve 1,ir1,Injured Reserve,ir,,ir,False,2026-01-25,,8479772.0
new-jersey-devils,seattle-kraken,Stefan Noesen,Injured Reserve 2,ir2,Injured Reserve,ir,11.0,ir,False,2026-01-25,,8476474.0
new-jersey-devils,seattle-kraken,Luke Hughes,Injured Reserve 3,ir3,Injured Reserve,ir,43.0,ir,False,2026-01-25,,8482684.0
ottawa-senators,vegas-golden-knights,Linus Ullmark,Injured Reserve 1,ir1,Injured Reserve,ir,35.0,ir,False,2026-01-25,,
ottawa-senators,vegas-golden-knights,David Perron,Injured Reserve 2,ir2,Injured Reserve,ir,57.0,out,False,2026-01-25,,8474102.0
pittsburgh-penguins,vancouver-canucks,Caleb Jones,Injured Reserve 1,ir1,Injured Reserve,ir,82.0,ir,False,2026-01-25,,8478452.0
pittsburgh-penguins,vancouver-canucks,Filip Hallander,Injured Reserve 2,ir2,Injured Reserve,ir,11.0,ir,False,2026-01-25,,8480842.0
pittsburgh-penguins,vancouver-canucks,Joel Blomqvist,Injured Reserve 3,ir3,Injured Reserve,ir,30.0,ir,False,2026-01-25,,
pittsburgh-penguins,vancouver-canucks,Ryan Graves,Injured Reserve 4,ir4,Injured Reserve,ir,27.0,ir,False,2026-01-25,,8477435.0
pittsburgh-penguins,vancouver-canucks,Kris Letang,Injured Reserve 5,ir5,Injured Reserve,ir,58.0,dtd,False,2026-01-25,,8471724.0
seattle-kraken,new-jersey-devils,Ben Meyers,Injured Reserve 1,ir1,Injured Reserve,ir,59.0,ir,False,2026-01-25,,8483570.0
seattle-kraken,new-jersey-devils,Matt Murray,Injured Reserve 2,ir2,Injured Reserve,ir,30.0,ir,False,2026-01-25,,
toronto-maple-leafs,colorado-avalanche,Anthony Stolarz,Injured Reserve 1,ir1,Injured Reserve,ir,41.0,ir,False,2026-01-25,,
toronto-maple-leafs,colorado-avalanche,Dakota Mermis,Injured Reserve 2,ir2,Injured Reserve,ir,36.0,ir,False,2026-01-25,,8477541.0
toronto-maple-leafs,colorado-avalanche,William Nylander,Injured Reserve 3,ir3,Injured Reserve,ir,88.0,ir,False,2026-01-25,,8477939.0
toronto-maple-leafs,colorado-avalanche,Dakota Joshua,Injured Reserve 4,ir4,Injured Reserve,ir,81.0,ir,False,2026-01-25,,8478057.0
toronto-maple-leafs,colorado-avalanche,Chris Tanev,Injured Reserve 5,ir5,Injured Reserve,ir,8.0,ir,False,2026-01-25,,8475690.0
vancouver-canucks,pittsburgh-penguins,Derek Forbort,Injured Reserve 2,ir2,Injured Reserve,ir,27.0,ir,False,2026-01-25,,8475762.0
vancouver-canucks,pittsburgh-penguins,Marco Rossi,Injured Reserve 3,ir3,Injured Reserve,ir,93.0,ir,False,2026-01-25,,8482079.0
vancouver-canucks,pittsburgh-penguins,Thatcher Demko,Injured Reserve 4,ir4,Injured Reserve,ir,35.0,ir,False,2026-01-25,,
vegas-golden-knights,ottawa-senators,Alex Pietrangelo,Injured Reserve 1,ir1,Injured Reserve,ir,7.0,ir,False,2026-01-25,,
vegas-golden-knights,ottawa-senators,Brett Howden,Injured Reserve 2,ir2,Injured Reserve,ir,21.0,ir,False,2026-01-25,,8479353.0
vegas-golden-knights,ottawa-senators,Brandon Saad,Injured Reserve 3,ir3,Injured Reserve,ir,20.0,ir,False,2026-01-25,,8476438.0
vegas-golden-knights,ottawa-senators,Brayden McNabb,Injured Reserve 4,ir4,Injured Reserve,ir,3.0,ir,False,2026-01-25,,8475188.0
vegas-golden-knights,ottawa-senators,William Karlsson,Injured Reserve 5,ir5,Injured Reserve,ir,71.0,ir,False,2026-01-25,,8476448.0
vegas-golden-knights,ottawa-senators,Carter Hart,Injured Reserve 6,ir6,Injured Reserve,ir,79.0,ir,False,2026-01-25,,
vegas-golden-knights,ottawa-senators,Colton Sissons,Injured Reserve 8,ir8,Injured Reserve,ir,10.0,out,False,2026-01-25,,8476925.0
anaheim-ducks,edmonton-oilers,Frank Vatrano,Injured Reserve 1,ir1,Injured Reserve,ir,77.0,ir,False,2026-01-26,,8478366.0
anaheim-ducks,edmonton-oilers,Troy Terry,Injured Reserve 2,ir2,Injured Reserve,ir,19.0,ir,False,2026-01-26,,8478873.0
anaheim-ducks,edmonton-oilers,Petr Mrazek,Injured Reserve 3,ir3,Injured Reserve,ir,34.0,ir,False,2026-01-26,,
anaheim-ducks,edmonton-oilers,Leo Carlsson,Injured Reserve 4,ir4,Injured Reserve,ir,91.0,out,False,2026-01-26,,8484153.0
anaheim-ducks,edmonton-oilers,Mason McTavish,Injured Reserve 5,ir5,Injured Reserve,ir,23.0,dtd,False,2026-01-26,,8482745.0
boston-bruins,new-york-rangers,Jordan Harris,Injured Reserve 1,ir1,Injured Reserve,ir,43.0,ir,False,2026-01-26,,8480887.0
columbus-blue-jackets,los-angeles-kings,Miles Wood,Injured Reserve 1,ir1,Injured Reserve,ir,28.0,ir,False,2026-01-26,,8477425.0
columbus-blue-jackets,los-angeles-kings,Brendan Smith,Injured Reserve 2,ir2,Injured Reserve,ir,2.0,ir,False,2026-01-26,,
columbus-blue-jackets,los-angeles-kings,Denton Mateychuk,Injured Reserve 3,ir3,Injured Reserve,ir,5.0,ir,False,2026-01-26,,8483485.0
columbus-blue-jackets,los-angeles-kings,Dante Fabbro,Injured Reserve 4,ir4,Injured Reserve,ir,15.0,out,False,2026-01-26,,8479371.0
edmonton-oilers,anaheim-ducks,Adam Henrique,Injured Reserve 1,ir1,Injured Reserve,ir,19.0,ir,False,2026-01-26,,8474641.0
edmonton-oilers,anaheim-ducks,Kasperi Kapanen,Injured Reserve 2,ir2,Injured Reserve,ir,42.0,out,False,2026-01-26,,8477953.0
los-angeles-kings,columbus-blue-jackets,Anze Kopitar,Injured Reserve 1,ir1,Injured Reserve,ir,11.0,ir,False,2026-01-26,,8471685.0
new-york-islanders,philadelphia-flyers,Semyon Varlamov,Injured Reserve 1,ir1,Injured Reserve,ir,40.0,ir,False,2026-01-26,,
new-york-islanders,philadelphia-flyers,Pierre Engvall,Injured Reserve 2,ir2,Injured Reserve,ir,18.0,ir,False,2026-01-26,,
new-york-islanders,philadelphia-flyers,Alexander Romanov,Injured Reserve 3,ir3,Injured Reserve,ir,28.0,ir,False,2026-01-26,,8481014.0
new-york-islanders,philadelphia-flyers,Kyle Palmieri,Injured Reserve 4,ir4,Injured Reserve,ir,21.0,ir,False,2026-01-26,,8475151.0
new-york-islanders,philadelphia-flyers,Ryan Pulock,Injured Reserve 5,ir5,Injured Reserve,ir,6.0,dtd,False,2026-01-26,,8477506.0
new-york-rangers,boston-bruins,Conor Sheary,Injured Reserve 1,ir1,Injured Reserve,ir,,ir,False,2026-01-26,,8477839.0
new-york-rangers,boston-bruins,Adam Fox,Injured Reserve 2,ir2,Injured Reserve,ir,23.0,ir,False,2026-01-26,,8479323.0
new-york-rangers,boston-bruins,Adam Edstrom,Injured Reserve 3,ir3,Injured Reserve,ir,84.0,ir,False,2026-01-26,,8481726.0
new-york-rangers,boston-bruins,Igor Shesterkin,Injured Reserve 4,ir4,Injured Reserve,ir,31.0,ir,False,2026-01-26,,
philadelphia-flyers,new-york-islanders,Tyson Foerster,Injured Reserve 1,ir1,Injured Reserve,ir,71.0,ir,False,2026-01-26,,8482159.0
philadelphia-flyers,new-york-islanders,Rasmus Ristolainen,Injured Reserve 2,ir2,Injured Reserve,ir,55.0,ir,False,2026-01-26,,
philadelphia-flyers,new-york-islanders,Rodrigo Abols,Injured Reserve 3,ir3,Injured Reserve,ir,18.0,ir,False,2026-01-26,,8479022.0
philadelphia-flyers,new-york-islanders,Dan Vladar,Injured Reserve 4,ir4,Injured Reserve,ir,80.0,ir,False,2026-01-26,,
tampa-bay-lightning,utah-hockey-club,Victor Hedman,Injured Reserve 1,ir1,Injured Reserve,ir,77.0,ir,False,2026-01-26,,8475167.0
tampa-bay-lightning,utah-hockey-club,Ryan McDonagh,Injured Reserve 2,ir2,Injured Reserve,ir,27.0,ir,False,2026-01-26,,8474151.0
tampa-bay-lightning,utah-hockey-club,Emil Lilleberg,Injured Reserve 3,ir3,Injured Reserve,ir,,ir,False,2026-01-26,,8482929.0
tampa-bay-lightning,utah-hockey-club,Scott Sabourin,Injured Reserve 4,ir4,Injured Reserve,ir,46.0,ir,False,2026-01-26,,8477149.0
tampa-bay-lightning,utah-hockey-club,Brayden Point,Injured Reserve 5,ir5,Injured Reserve,ir,21.0,ir,False,2026-01-26,,8478010.0
tampa-bay-lightning,utah-hockey-club,Charle-Edouard D'Astous,Injured Reserve 6,ir6,Injured Reserve,ir,51.0,ir,False,2026-01-26,,8480426.0
tampa-bay-lightning,utah-hockey-club,Erik Cernak,Injured Reserve 7,ir7,Injured Reserve,ir,81.0,dtd,False,2026-01-26,,8478416.0
utah-hockey-club,tampa-bay-lightning,Alex Kerfoot,Injured Reserve 1,ir1,Injured Reserve,ir,15.0,ir,False,2026-01-26,,
utah-hockey-club,tampa-bay-lightning,Logan Cooley,Injured Reserve 2,ir2,Injured Reserve,ir,92.0,ir,False,2026-01-26,,8483431.0
utah-hockey-club,tampa-bay-lightning,Lawson Crouse,Injured Reserve 3,ir3,Injured Reserve,ir,67.0,dtd,False,2026-01-26,,8478474.0
boston-bruins,nashville-predators,Jordan Harris,Injured Reserve 1,ir1,Injured Reserve,ir,43.0,ir,False,2026-01-27,,8480887.0
boston-bruins,nashville-predators,Nikita Zadorov,Injured Reserve 2,ir2,Injured Reserve,ir,91.0,dtd,False,2026-01-27,,8477507.0
buffalo-sabres,toronto-maple-leafs,Conor Timmins,Injured Reserve 1,ir1,Injured Reserve,ir,21.0,ir,False,2026-01-27,,8479982.0
buffalo-sabres,toronto-maple-leafs,Josh Dunne,Injured Reserve 2,ir2,Injured Reserve,ir,,ir,False,2026-01-27,,8482623.0
buffalo-sabres,toronto-maple-leafs,Jiri Kulich,Injured Reserve 3,ir3,Injured Reserve,ir,20.0,ir,False,2026-01-27,,8483468.0
buffalo-sabres,toronto-maple-leafs,Justin Danforth,Injured Reserve 4,ir4,Injured Reserve,ir,15.0,ir,False,2026-01-27,,8479941.0
buffalo-sabres,toronto-maple-leafs,Josh Norris,Injured Reserve 5,ir5,Injured Reserve,ir,9.0,ir,False,2026-01-27,,8480064.0
buffalo-sabres,toronto-maple-leafs,Jacob Bryson,Injured Reserve 6,ir6,Injured Reserve,ir,78.0,ir,False,2026-01-27,,8480196.0
chicago-blackhawks,minnesota-wild,Teuvo Teravainen,Injured Reserve 1,ir1,Injured Reserve,ir,86.0,dtd,False,2026-01-27,,8476882.0
dallas-stars,st-louis-blues,Tyler Seguin,Injured Reserve 1,ir1,Injured Reserve,ir,91.0,ir,False,2026-01-27,,8475794.0
dallas-stars,st-louis-blues,Lian Bichsel,Injured Reserve 2,ir2,Injured Reserve,ir,6.0,ir,False,2026-01-27,,8483425.0
detroit-red-wings,los-angeles-kings,Simon Edvinsson,Injured Reserve 1,ir1,Injured Reserve,ir,77.0,dtd,False,2026-01-27,,8482762.0
florida-panthers,utah-hockey-club,Aleksander Barkov,Injured Reserve 1,ir1,Injured Reserve,ir,16.0,ir,False,2026-01-27,,
florida-panthers,utah-hockey-club,Dmitry Kulikov,Injured Reserve 2,ir2,Injured Reserve,ir,7.0,ir,False,2026-01-27,,8475179.0
florida-panthers,utah-hockey-club,Jonah Gadjovich,Injured Reserve 3,ir3,Injured Reserve,ir,12.0,ir,False,2026-01-27,,8479981.0
florida-panthers,utah-hockey-club,Seth Jones,Injured Reserve 4,ir4,Injured Reserve,ir,3.0,ir,False,2026-01-27,,8477495.0
florida-panthers,utah-hockey-club,Tomas Nosek,Injured Reserve 5,ir5,Injured Reserve,ir,92.0,out,False,2026-01-27,,
los-angeles-kings,detroit-red-wings,Anze Kopitar,Injured Reserve 1,ir1,Injured Reserve,ir,11.0,ir,False,2026-01-27,,8471685.0
minnesota-wild,chicago-blackhawks,Zach Bogosian,Injured Reserve 1,ir1,Injured Reserve,ir,24.0,ir,False,2026-01-27,,8474567.0
minnesota-wild,chicago-blackhawks,Jonas Brodin,Injured Reserve 2,ir2,Injured Reserve,ir,25.0,ir,False,2026-01-27,,8476463.0
montreal-canadiens,vegas-golden-knights,Patrik Laine,Injured Reserve 1,ir1,Injured Reserve,ir,92.0,ir,False,2026-01-27,,8479339.0
montreal-canadiens,vegas-golden-knights,Alex Newhook,Injured Reserve 2,ir2,Injured Reserve,ir,15.0,ir,False,2026-01-27,,8481618.0
montreal-canadiens,vegas-golden-knights,David Reinbacher,Injured Reserve 3,ir3,Injured Reserve,ir,64.0,out,False,2026-01-27,,
nashville-predators,boston-bruins,Adam Wilsby,Injured Reserve 1,ir1,Injured Reserve,ir,83.0,out,False,2026-01-27,,8482482.0
nashville-predators,boston-bruins,Nicolas Hague,Injured Reserve 2,ir2,Injured Reserve,ir,41.0,out,False,2026-01-27,,8479980.0
new-jersey-devils,winnipeg-jets,Zack MacEwen,Injured Reserve 1,ir1,Injured Reserve,ir,,ir,False,2026-01-27,,8479772.0
new-jersey-devils,winnipeg-jets,Stefan Noesen,Injured Reserve 2,ir2,Injured Reserve,ir,11.0,ir,False,2026-01-27,,8476474.0
new-jersey-devils,winnipeg-jets,Luke Hughes,Injured Reserve 3,ir3,Injured Reserve,ir,43.0,ir,False,2026-01-27,,8482684.0
san-jose-sharks,vancouver-canucks,Shakir Mukhamadullin,Injured Reserve 1,ir1,Injured Reserve,ir,,ir,False,2026-01-27,,8482166.0
san-jose-sharks,vancouver-canucks,Philipp Kurashev,Injured Reserve 2,ir2,Injured Reserve,ir,96.0,ir,False,2026-01-27,,8480798.0
san-jose-sharks,vancouver-canucks,Ty Dellandrea,Injured Reserve 3,ir3,Injured Reserve,ir,10.0,ir,False,2026-01-27,,8480848.0
san-jose-sharks,vancouver-canucks,Kiefer Sherwood,Injured Reserve 4,ir4,Injured Reserve,ir,44.0,ir,False,2026-01-27,,8480748.0
seattle-kraken,washington-capitals,Ben Meyers,Injured Reserve 1,ir1,Injured Reserve,ir,59.0,ir,False,2026-01-27,,8483570.0
seattle-kraken,washington-capitals,Matt Murray,Injured Reserve 2,ir2,Injured Reserve,ir,30.0,ir,False,2026-01-27,,
st-louis-blues,dallas-stars,Pius Suter,Injured Reserve 1,ir1,Injured Reserve,ir,24.0,ir,False,2026-01-27,,8480459.0
st-louis-blues,dallas-stars,Mathieu Joseph,Injured Reserve 2,ir2,Injured Reserve,ir,71.0,ir,False,2026-01-27,,8478472.0
st-louis-blues,dallas-stars,Robert Thomas,Injured Reserve 3,ir3,Injured Reserve,ir,18.0,ir,False,2026-01-27,,8480023.0
st-louis-blues,dallas-stars,Oskar Sundqvist,Injured Reserve 4,ir4,Injured Reserve,ir,70.0,out,False,2026-01-27,,8476897.0
st-louis-blues,dallas-stars,Dylan Holloway,Injured Reserve 5,ir5,Injured Reserve,ir,81.0,out,False,2026-01-27,,8482077.0
toronto-maple-leafs,buffalo-sabres,Chris Tanev,Injured Reserve 1,ir1,Injured Reserve,ir,8.0,ir,False,2026-01-27,,8475690.0
toronto-maple-leafs,buffalo-sabres,Dakota Mermis,Injured Reserve 2,ir2,Injured Reserve,ir,36.0,ir,False,2026-01-27,,8477541.0
toronto-maple-leafs,buffalo-sabres,William Nylander,Injured Reserve 3,ir3,Injured Reserve,ir,88.0,ir,False,2026-01-27,,8477939.0
toronto-maple-leafs,buffalo-sabres,Dakota Joshua,Injured Reserve 4,ir4,Injured Reserve,ir,81.0,ir,False,2026-01-27,,8478057.0
utah-hockey-club,florida-panthers,Alex Kerfoot,Injured Reserve 1,ir1,Injured Reserve,ir,15.0,ir,False,2026-01-27,,
utah-hockey-club,florida-panthers,Logan Cooley,Injured Reserve 2,ir2,Injured Reserve,ir,92.0,ir,False,2026-01-27,,8483431.0
vancouver-canucks,san-jose-sharks,Thatcher Demko,Injured Reserve 1,ir1,Injured Reserve,ir,35.0,ir,False,2026-01-27,,
vancouver-canucks,san-jose-sharks,Derek Forbort,Injured Reserve 2,ir2,Injured Reserve,ir,27.0,ir,False,2026-01-27,,8475762.0
vancouver-canucks,san-jose-sharks,Marco Rossi,Injured Reserve 3,ir3,Injured Reserve,ir,93.0,ir,False,2026-01-27,,8482079.0
vancouver-canucks,san-jose-sharks,Brock Boeser,Injured Reserve 4,ir4,Injured Reserve,ir,6.0,ir,False,2026-01-27,,8478444.0
vancouver-canucks,san-jose-sharks,Zeev Buium,Injured Reserve 5,ir5,Injured Reserve,ir,24.0,ir,False,2026-01-27,,8484798.0
vegas-golden-knights,montreal-canadiens,Alex Pietrangelo,Injured Reserve 1,ir1,Injured Reserve,ir,7.0,ir,False,2026-01-27,,
vegas-golden-knights,montreal-canadiens,Brett Howden,Injured Reserve 2,ir2,Injured Reserve,ir,21.0,ir,False,2026-01-27,,8479353.0
vegas-golden-knights,montreal-canadiens,Brandon Saad,Injured Reserve 3,ir3,Injured Reserve,ir,20.0,ir,False,2026-01-27,,8476438.0
vegas-golden-knights,montreal-canadiens,Brayden McNabb,Injured Reserve 4,ir4,Injured Reserve,ir,3.0,ir,False,2026-01-27,,8475188.0
vegas-golden-knights,montreal-canadiens,William Karlsson,Injured Reserve 5,ir5,Injured Reserve,ir,71.0,ir,False,2026-01-27,,8476448.0
vegas-golden-knights,montreal-canadiens,Carter Hart,Injured Reserve 6,ir6,Injured Reserve,ir,79.0,ir,False,2026-01-27,,
vegas-golden-knights,montreal-canadiens,Colton Sissons,Injured Reserve 7,ir7,Injured Reserve,ir,10.0,out,False,2026-01-27,,8476925.0
washington-capitals,seattle-kraken,Pierre-Luc Dubois,Injured Reserve 1,ir1,Injured Reserve,ir,80.0,ir,False,2026-01-27,,8479400.0
washington-capitals,seattle-kraken,Tom Wilson,Injured Reserve 2,ir2,Injured Reserve,ir,43.0,dtd,False,2026-01-27,,8476880.0
washington-capitals,seattle-kraken,Rasmus Sandin,Injured Reserve 3,ir3,Injured Reserve,ir,38.0,dtd,False,2026-01-27,,8480873.0
washington-capitals,seattle-kraken,Matt Roy,Injured Reserve 4,ir4,Injured Reserve,ir,3.0,dtd,False,2026-01-27,,8478911.0
washington-capitals,seattle-kraken,Declan Chisholm,Injured Reserve 5,ir5,Injured Reserve,ir,47.0,dtd,False,2026-01-27,,8480990.0
winnipeg-jets,new-jersey-devils,Haydn Fleury,Injured Reserve 1,ir1,Injured Reserve,ir,24.0,ir,False,2026-01-27,,8477938.0
winnipeg-jets,new-jersey-devils,Colin Miller,Injured Reserve 2,ir2,Injured Reserve,ir,6.0,ir,False,2026-01-27,,8476525.0
winnipeg-jets,new-jersey-devils,Neal Pionk,Injured Reserve 3,ir3,Injured Reserve,ir,4.0,ir,False,2026-01-27,,8480145.0
colorado-avalanche,ottawa-senators,Devon Toews,Injured Reserve 1,ir1,Injured Reserve,ir,7.0,out,False,2026-01-28,,8478038.0
colorado-avalanche,ottawa-senators,Logan O'Connor,Injured Reserve 2,ir2,Injured Reserve,ir,25.0,out,False,2026-01-28,,
colorado-avalanche,ottawa-senators,Gabriel Landeskog,Injured Reserve 3,ir3,Injured Reserve,ir,92.0,out,False,2026-01-28,,8476455.0
colorado-avalanche,ottawa-senators,Ross Colton,Injured Reserve 4,ir4,Injured Reserve,ir,20.0,dtd,False,2026-01-28,,8479525.0
columbus-blue-jackets,philadelphia-flyers,Brendan Smith,Injured Reserve 1,ir1,Injured Reserve,ir,2.0,ir,False,2026-01-28,,
columbus-blue-jackets,philadelphia-flyers,Dante Fabbro,Injured Reserve 2,ir2,Injured Reserve,ir,15.0,out,False,2026-01-28,,8479371.0
new-york-islanders,new-york-rangers,Semyon Varlamov,Injured Reserve 1,ir1,Injured Reserve,ir,40.0,ir,False,2026-01-28,,
new-york-islanders,new-york-rangers,Pierre Engvall,Injured Reserve 2,ir2,Injured Reserve,ir,18.0,ir,False,2026-01-28,,
new-york-islanders,new-york-rangers,Alexander Romanov,Injured Reserve 3,ir3,Injured Reserve,ir,28.0,ir,False,2026-01-28,,8481014.0
new-york-islanders,new-york-rangers,Kyle Palmieri,Injured Reserve 4,ir4,Injured Reserve,ir,21.0,ir,False,2026-01-28,,8475151.0
new-york-islanders,new-york-rangers,Ryan Pulock,Injured Reserve 5,ir5,Injured Reserve,ir,6.0,dtd,False,2026-01-28,,8477506.0
new-york-islanders,new-york-rangers,Simon Holmstrom,Injured Reserve 6,ir6,Injured Reserve,ir,10.0,dtd,False,2026-01-28,,8481601.0
new-york-islanders,new-york-rangers,Calum Ritchie,Injured Reserve 7,ir7,Injured Reserve,ir,64.0,dtd,False,2026-01-28,,8484221.0
new-york-rangers,new-york-islanders,Conor Sheary,Injured Reserve 1,ir1,Injured Reserve,ir,,ir,False,2026-01-28,,8477839.0
new-york-rangers,new-york-islanders,Adam Fox,Injured Reserve 2,ir2,Injured Reserve,ir,23.0,ir,False,2026-01-28,,8479323.0
new-york-rangers,new-york-islanders,Adam Edstrom,Injured Reserve 3,ir3,Injured Reserve,ir,84.0,ir,False,2026-01-28,,8481726.0
new-york-rangers,new-york-islanders,Igor Shesterkin,Injured Reserve 4,ir4,Injured Reserve,ir,31.0,ir,False,2026-01-28,,
ottawa-senators,colorado-avalanche,David Perron,Injured Reserve 1,ir1,Injured Reserve,ir,57.0,out,False,2026-01-28,,8474102.0
ottawa-senators,colorado-avalanche,Stephen Halliday,Injured Reserve 2,ir2,Injured Reserve,ir,83.0,dtd,False,2026-01-28,,8483676.0
philadelphia-flyers,columbus-blue-jackets,Tyson Foerster,Injured Reserve 1,ir1,Injured Reserve,ir,71.0,ir,False,2026-01-28,,8482159.0
philadelphia-flyers,columbus-blue-jackets,Rodrigo Abols,Injured Reserve 2,ir2,Injured Reserve,ir,18.0,ir,False,2026-01-28,,8479022.0
philadelphia-flyers,columbus-blue-jackets,Dan Vladar,Injured Reserve 3,ir3,Injured Reserve,ir,80.0,ir,False,2026-01-28,,
anaheim-ducks,vancouver-canucks,Frank Vatrano,Injured Reserve 1,ir1,Injured Reserve,ir,77.0,ir,False,2026-01-29,,8478366.0
anaheim-ducks,vancouver-canucks,Troy Terry,Injured Reserve 2,ir2,Injured Reserve,ir,19.0,ir,False,2026-01-29,,8478873.0
anaheim-ducks,vancouver-canucks,Petr Mrazek,Injured Reserve 3,ir3,Injured Reserve,ir,34.0,ir,False,2026-01-29,,
anaheim-ducks,vancouver-canucks,Leo Carlsson,Injured Reserve 4,ir4,Injured Reserve,ir,91.0,out,False,2026-01-29,,8484153.0
anaheim-ducks,vancouver-canucks,Mason McTavish,Injured Reserve 5,ir5,Injured Reserve,ir,23.0,dtd,False,2026-01-29,,8482745.0
boston-bruins,philadelphia-flyers,Jordan Harris,Injured Reserve 1,ir1,Injured Reserve,ir,43.0,ir,False,2026-01-29,,8480887.0
boston-bruins,philadelphia-flyers,Elias Lindholm,Injured Reserve 2,ir2,Injured Reserve,ir,28.0,dtd,False,2026-01-29,,8477496.0
buffalo-sabres,los-angeles-kings,Conor Timmins,Injured Reserve 1,ir1,Injured Reserve,ir,21.0,ir,False,2026-01-29,,8479982.0
buffalo-sabres,los-angeles-kings,Josh Dunne,Injured Reserve 2,ir2,Injured Reserve,ir,,ir,False,2026-01-29,,8482623.0
buffalo-sabres,los-angeles-kings,Jiri Kulich,Injured Reserve 3,ir3,Injured Reserve,ir,20.0,ir,False,2026-01-29,,8483468.0
buffalo-sabres,los-angeles-kings,Justin Danforth,Injured Reserve 4,ir4,Injured Reserve,ir,15.0,ir,False,2026-01-29,,8479941.0
buffalo-sabres,los-angeles-kings,Josh Norris,Injured Reserve 5,ir5,Injured Reserve,ir,9.0,ir,False,2026-01-29,,8480064.0
buffalo-sabres,los-angeles-kings,Jacob Bryson,Injured Reserve 6,ir6,Injured Reserve,ir,78.0,ir,False,2026-01-29,,8480196.0
buffalo-sabres,los-angeles-kings,Ukko-Pekka Luukkonen,Injured Reserve 7,ir7,Injured Reserve,ir,1.0,dtd,False,2026-01-29,,
calgary-flames,minnesota-wild,Blake Coleman,Injured Reserve 1,ir1,Injured Reserve,ir,20.0,ir,False,2026-01-29,,8476399.0
calgary-flames,minnesota-wild,John Beecher,Injured Reserve 2,ir2,Injured Reserve,ir,18.0,ir,False,2026-01-29,,8481556.0
calgary-flames,minnesota-wild,Samuel Honzek,Injured Reserve 3,ir3,Injured Reserve,ir,29.0,ir,False,2026-01-29,,8484180.0
calgary-flames,minnesota-wild,Jake Bean,Injured Reserve 4,ir4,Injured Reserve,ir,24.0,ir,False,2026-01-29,,8479402.0
calgary-flames,minnesota-wild,Zayne Parekh,Injured Reserve 5,ir5,Injured Reserve,ir,89.0,out,False,2026-01-29,,8484768.0
carolina-hurricanes,utah-hockey-club,Charles-Alexis Legault,Injured Reserve 1,ir1,Injured Reserve,ir,62.0,ir,False,2026-01-29,,
carolina-hurricanes,utah-hockey-club,Pyotr Kochetkov,Injured Reserve 2,ir2,Injured Reserve,ir,52.0,ir,False,2026-01-29,,
carolina-hurricanes,utah-hockey-club,Noah Philp,Injured Reserve 3,ir3,Injured Reserve,ir,15.0,ir,False,2026-01-29,,8481491.0
carolina-hurricanes,utah-hockey-club,Eric Robinson,Injured Reserve 4,ir4,Injured Reserve,ir,50.0,out,False,2026-01-29,,8480762.0
carolina-hurricanes,utah-hockey-club,Shayne Gostisbehere,Injured Reserve 5,ir5,Injured Reserve,ir,4.0,dtd,False,2026-01-29,,8476906.0
colorado-avalanche,montreal-canadiens,Devon Toews,Injured Reserve 1,ir1,Injured Reserve,ir,7.0,out,False,2026-01-29,,8478038.0
colorado-avalanche,montreal-canadiens,Logan O'Connor,Injured Reserve 2,ir2,Injured Reserve,ir,25.0,out,False,2026-01-29,,
colorado-avalanche,montreal-canadiens,Gabriel Landeskog,Injured Reserve 3,ir3,Injured Reserve,ir,92.0,out,False,2026-01-29,,8476455.0
colorado-avalanche,montreal-canadiens,Ross Colton,Injured Reserve 4,ir4,Injured Reserve,ir,20.0,dtd,False,2026-01-29,,8479525.0
dallas-stars,vegas-golden-knights,Tyler Seguin,Injured Reserve 1,ir1,Injured Reserve,ir,91.0,ir,False,2026-01-29,,8475794.0
dallas-stars,vegas-golden-knights,Lian Bichsel,Injured Reserve 2,ir2,Injured Reserve,ir,6.0,ir,False,2026-01-29,,8483425.0
detroit-red-wings,washington-capitals,Simon Edvinsson,Injured Reserve 1,ir1,Injured Reserve,ir,77.0,dtd,False,2026-01-29,,8482762.0
edmonton-oilers,san-jose-sharks,Adam Henrique,Injured Reserve 1,ir1,Injured Reserve,ir,19.0,ir,False,2026-01-29,,8474641.0
edmonton-oilers,san-jose-sharks,Mattias Ekholm,Injured Reserve 2,ir2,Injured Reserve,ir,14.0,none,False,2026-01-29,,8475218.0
florida-panthers,st-louis-blues,Aleksander Barkov,Injured Reserve 1,ir1,Injured Reserve,ir,16.0,ir,False,2026-01-29,,
florida-panthers,st-louis-blues,Dmitry Kulikov,Injured Reserve 2,ir2,Injured Reserve,ir,7.0,ir,False,2026-01-29,,8475179.0
florida-panthers,st-louis-blues,Jonah Gadjovich,Injured Reserve 3,ir3,Injured Reserve,ir,12.0,ir,False,2026-01-29,,8479981.0
florida-panthers,st-louis-blues,Seth Jones,Injured Reserve 4,ir4,Injured Reserve,ir,3.0,ir,False,2026-01-29,,8477495.0
florida-panthers,st-louis-blues,Tomas Nosek,Injured Reserve 5,ir5,Injured Reserve,ir,92.0,out,False,2026-01-29,,
los-angeles-kings,buffalo-sabres,Anze Kopitar,Injured Reserve 1,ir1,Injured Reserve,ir,11.0,ir,False,2026-01-29,,8471685.0
los-angeles-kings,buffalo-sabres,Alex Turcotte,Injured Reserve 2,ir2,Injured Reserve,ir,15.0,out,False,2026-01-29,,8481532.0
minnesota-wild,calgary-flames,Zach Bogosian,Injured Reserve 1,ir1,Injured Reserve,ir,24.0,ir,False,2026-01-29,,8474567.0
minnesota-wild,calgary-flames,Jonas Brodin,Injured Reserve 2,ir2,Injured Reserve,ir,25.0,ir,False,2026-01-29,,8476463.0
montreal-canadiens,colorado-avalanche,Patrik Laine,Injured Reserve 1,ir1,Injured Reserve,ir,92.0,ir,False,2026-01-29,,8479339.0
montreal-canadiens,colorado-avalanche,Alex Newhook,Injured Reserve 2,ir2,Injured Reserve,ir,15.0,ir,False,2026-01-29,,8481618.0
montreal-canadiens,colorado-avalanche,David Reinbacher,Injured Reserve 3,ir3,Injured Reserve,ir,64.0,out,False,2026-01-29,,
nashville-predators,new-jersey-devils,Nicolas Hague,Injured Reserve 1,ir1,Injured Reserve,ir,41.0,out,False,2026-01-29,,8479980.0
nashville-predators,new-jersey-devils,Fedor Svechkov,Injured Reserve 2,ir2,Injured Reserve,ir,40.0,dtd,False,2026-01-29,,8482768.0
new-jersey-devils,nashville-predators,Zack MacEwen,Injured Reserve 1,ir1,Injured Reserve,ir,,ir,False,2026-01-29,,8479772.0
new-jersey-devils,nashville-predators,Stefan Noesen,Injured Reserve 2,ir2,Injured Reserve,ir,11.0,ir,False,2026-01-29,,8476474.0
new-jersey-devils,nashville-predators,Luke Hughes,Injured Reserve 3,ir3,Injured Reserve,ir,43.0,ir,False,2026-01-29,,8482684.0
new-jersey-devils,nashville-predators,Cody Glass,Injured Reserve 4,ir4,Injured Reserve,ir,12.0,dtd,False,2026-01-29,,8479996.0
new-york-islanders,new-york-rangers,Semyon Varlamov,Injured Reserve 1,ir1,Injured Reserve,ir,40.0,ir,False,2026-01-29,,
new-york-islanders,new-york-rangers,Pierre Engvall,Injured Reserve 2,ir2,Injured Reserve,ir,18.0,ir,False,2026-01-29,,
new-york-islanders,new-york-rangers,Alexander Romanov,Injured Reserve 3,ir3,Injured Reserve,ir,28.0,ir,False,2026-01-29,,8481014.0
new-york-islanders,new-york-rangers,Kyle Palmieri,Injured Reserve 4,ir4,Injured Reserve,ir,21.0,ir,False,2026-01-29,,8475151.0
new-york-islanders,new-york-rangers,Calum Ritchie,Injured Reserve 5,ir5,Injured Reserve,ir,64.0,dtd,False,2026-01-29,,8484221.0
new-york-rangers,new-york-islanders,Conor Sheary,Injured Reserve 1,ir1,Injured Reserve,ir,,ir,False,2026-01-29,,8477839.0
new-york-rangers,new-york-islanders,Adam Fox,Injured Reserve 2,ir2,Injured Reserve,ir,23.0,ir,False,2026-01-29,,8479323.0
new-york-rangers,new-york-islanders,Adam Edstrom,Injured Reserve 3,ir3,Injured Reserve,ir,84.0,ir,False,2026-01-29,,8481726.0
new-york-rangers,new-york-islanders,Igor Shesterkin,Injured Reserve 4,ir4,Injured Reserve,ir,31.0,ir,False,2026-01-29,,
new-york-rangers,new-york-islanders,Artemi Panarin,Injured Reserve 5,ir5,Injured Reserve,ir,10.0,out,False,2026-01-29,,8478550.0
philadelphia-flyers,boston-bruins,Tyson Foerster,Injured Reserve 1,ir1,Injured Reserve,ir,71.0,ir,False,2026-01-29,,8482159.0
philadelphia-flyers,boston-bruins,Rodrigo Abols,Injured Reserve 2,ir2,Injured Reserve,ir,18.0,ir,False,2026-01-29,,8479022.0
pittsburgh-penguins,chicago-blackhawks,Caleb Jones,Injured Reserve 1,ir1,Injured Reserve,ir,82.0,ir,False,2026-01-29,,8478452.0
pittsburgh-penguins,chicago-blackhawks,Filip Hallander,Injured Reserve 2,ir2,Injured Reserve,ir,11.0,ir,False,2026-01-29,,8480842.0
pittsburgh-penguins,chicago-blackhawks,Joel Blomqvist,Injured Reserve 3,ir3,Injured Reserve,ir,30.0,ir,False,2026-01-29,,
pittsburgh-penguins,chicago-blackhawks,Ryan Graves,Injured Reserve 4,ir4,Injured Reserve,ir,27.0,ir,False,2026-01-29,,8477435.0
pittsburgh-penguins,chicago-blackhawks,Jack St. Ivany,Injured Reserve 5,ir5,Injured Reserve,ir,,ir,False,2026-01-29,,
pittsburgh-penguins,chicago-blackhawks,Bryan Rust,Injured Reserve 6,ir6,Injured Reserve,ir,17.0,out,False,2026-01-29,,8475810.0
san-jose-sharks,edmonton-oilers,Shakir Mukhamadullin,Injured Reserve 1,ir1,Injured Reserve,ir,,ir,False,2026-01-29,,8482166.0
san-jose-sharks,edmonton-oilers,Philipp Kurashev,Injured Reserve 2,ir2,Injured Reserve,ir,96.0,ir,False,2026-01-29,,8480798.0
san-jose-sharks,edmonton-oilers,Ty Dellandrea,Injured Reserve 3,ir3,Injured Reserve,ir,10.0,ir,False,2026-01-29,,8480848.0
san-jose-sharks,edmonton-oilers,Kiefer Sherwood,Injured Reserve 4,ir4,Injured Reserve,ir,44.0,ir,False,2026-01-29,,8480748.0
seattle-kraken,toronto-maple-leafs,Ben Meyers,Injured Reserve 1,ir1,Injured Reserve,ir,59.0,ir,False,2026-01-29,,8483570.0
seattle-kraken,toronto-maple-leafs,Matt Murray,Injured Reserve 2,ir2,Injured Reserve,ir,30.0,ir,False,2026-01-29,,
st-louis-blues,florida-panthers,Pius Suter,Injured Reserve 1,ir1,Injured Reserve,ir,24.0,ir,False,2026-01-29,,8480459.0
st-louis-blues,florida-panthers,Mathieu Joseph,Injured Reserve 2,ir2,Injured Reserve,ir,71.0,ir,False,2026-01-29,,8478472.0
st-louis-blues,florida-panthers,Robert Thomas,Injured Reserve 3,ir3,Injured Reserve,ir,18.0,ir,False,2026-01-29,,8480023.0
st-louis-blues,florida-panthers,Oskar Sundqvist,Injured Reserve 4,ir4,Injured Reserve,ir,70.0,out,False,2026-01-29,,8476897.0
st-louis-blues,florida-panthers,Dylan Holloway,Injured Reserve 5,ir5,Injured Reserve,ir,81.0,out,False,2026-01-29,,8482077.0
st-louis-blues,florida-panthers,Jake Neighbours,Injured Reserve 6,ir6,Injured Reserve,ir,63.0,dtd,False,2026-01-29,,8482089.0
st-louis-blues,florida-panthers,Jordan Kyrou,Injured Reserve 7,ir7,Injured Reserve,ir,25.0,dtd,False,2026-01-29,,8479385.0
tampa-bay-lightning,winnipeg-jets,Victor Hedman,Injured Reserve 1,ir1,Injured Reserve,ir,77.0,ir,False,2026-01-29,,8475167.0
tampa-bay-lightning,winnipeg-jets,Ryan McDonagh,Injured Reserve 2,ir2,Injured Reserve,ir,27.0,ir,False,2026-01-29,,8474151.0
tampa-bay-lightning,winnipeg-jets,Emil Lilleberg,Injured Reserve 3,ir3,Injured Reserve,ir,,ir,False,2026-01-29,,8482929.0
tampa-bay-lightning,winnipeg-jets,Scott Sabourin,Injured Reserve 4,ir4,Injured Reserve,ir,46.0,ir,False,2026-01-29,,8477149.0
tampa-bay-lightning,winnipeg-jets,Brayden Point,Injured Reserve 5,ir5,Injured Reserve,ir,21.0,ir,False,2026-01-29,,8478010.0
tampa-bay-lightning,winnipeg-jets,Charle-Edouard D'Astous,Injured Reserve 6,ir6,Injured Reserve,ir,51.0,ir,False,2026-01-29,,8480426.0
toronto-maple-leafs,seattle-kraken,Chris Tanev,Injured Reserve 1,ir1,Injured Reserve,ir,8.0,ir,False,2026-01-29,,8475690.0
toronto-maple-leafs,seattle-kraken,Dakota Mermis,Injured Reserve 2,ir2,Injured Reserve,ir,36.0,ir,False,2026-01-29,,8477541.0
toronto-maple-leafs,seattle-kraken,William Nylander,Injured Reserve 3,ir3,Injured Reserve,ir,88.0,ir,False,2026-01-29,,8477939.0
toronto-maple-leafs,seattle-kraken,Dakota Joshua,Injured Reserve 4,ir4,Injured Reserve,ir,81.0,ir,False,2026-01-29,,8478057.0
utah-hockey-club,carolina-hurricanes,Alex Kerfoot,Injured Reserve 1,ir1,Injured Reserve,ir,15.0,ir,False,2026-01-29,,
utah-hockey-club,carolina-hurricanes,Logan Cooley,Injured Reserve 2,ir2,Injured Reserve,ir,92.0,ir,False,2026-01-29,,8483431.0
utah-hockey-club,carolina-hurricanes,Dylan Guenther,Injured Reserve 3,ir3,Injured Reserve,ir,11.0,dtd,False,2026-01-29,,8482699.0
vancouver-canucks,anaheim-ducks,Thatcher Demko,Injured Reserve 1,ir1,Injured Reserve,ir,35.0,ir,False,2026-01-29,,
vancouver-canucks,anaheim-ducks,Derek Forbort,Injured Reserve 2,ir2,Injured Reserve,ir,27.0,ir,False,2026-01-29,,8475762.0
vancouver-canucks,anaheim-ducks,Marco Rossi,Injured Reserve 3,ir3,Injured Reserve,ir,93.0,ir,False,2026-01-29,,8482079.0
vancouver-canucks,anaheim-ducks,Brock Boeser,Injured Reserve 4,ir4,Injured Reserve,ir,6.0,ir,False,2026-01-29,,8478444.0
vancouver-canucks,anaheim-ducks,Nils Hoglander,Injured Reserve 5,ir5,Injured Reserve,ir,21.0,dtd,False,2026-01-29,,
vegas-golden-knights,dallas-stars,Alex Pietrangelo,Injured Reserve 1,ir1,Injured Reserve,ir,7.0,ir,False,2026-01-29,,
vegas-golden-knights,dallas-stars,Brett Howden,Injured Reserve 2,ir2,Injured Reserve,ir,21.0,ir,False,2026-01-29,,8479353.0
vegas-golden-knights,dallas-stars,Brandon Saad,Injured Reserve 3,ir3,Injured Reserve,ir,20.0,ir,False,2026-01-29,,8476438.0
vegas-golden-knights,dallas-stars,Brayden McNabb,Injured Reserve 4,ir4,Injured Reserve,ir,3.0,ir,False,2026-01-29,,8475188.0
vegas-golden-knights,dallas-stars,William Karlsson,Injured Reserve 5,ir5,Injured Reserve,ir,71.0,ir,False,2026-01-29,,8476448.0
vegas-golden-knights,dallas-stars,Carter Hart,Injured Reserve 6,ir6,Injured Reserve,ir,79.0,ir,False,2026-01-29,,
vegas-golden-knights,dallas-stars,Colton Sissons,Injured Reserve 7,ir7,Injured Reserve,ir,10.0,out,False,2026-01-29,,8476925.0
washington-capitals,detroit-red-wings,Pierre-Luc Dubois,Injured Reserve 1,ir1,Injured Reserve,ir,80.0,ir,False,2026-01-29,,8479400.0
washington-capitals,detroit-red-wings,Matt Roy,Injured Reserve 2,ir2,Injured Reserve,ir,3.0,dtd,False,2026-01-29,,8478911.0
washington-capitals,detroit-red-wings,Rasmus Sandin,Injured Reserve 3,ir3,Injured Reserve,ir,38.0,dtd,False,2026-01-29,,8480873.0
winnipeg-jets,tampa-bay-lightning,Haydn Fleury,Injured Reserve 1,ir1,Injured Reserve,ir,24.0,ir,False,2026-01-29,,8477938.0
winnipeg-jets,tampa-bay-lightning,Colin Miller,Injured Reserve 2,ir2,Injured Reserve,ir,6.0,ir,False,2026-01-29,,8476525.0
winnipeg-jets,tampa-bay-lightning,Neal Pionk,Injured Reserve 3,ir3,Injured Reserve,ir,4.0,ir,False,2026-01-29,,8480145.0
columbus-blue-jackets,chicago-blackhawks,Brendan Smith,Injured Reserve 1,ir1,Injured Reserve,ir,2.0,ir,False,2026-01-30,,
columbus-blue-jackets,chicago-blackhawks,Dante Fabbro,Injured Reserve 2,ir2,Injured Reserve,ir,15.0,out,False,2026-01-30,,8479371.0
buffalo-sabres,montreal-canadiens,Conor Timmins,Injured Reserve 1,ir1,Injured Reserve,ir,21.0,ir,False,2026-01-31,,8479982.0
buffalo-sabres,montreal-canadiens,Josh Dunne,Injured Reserve 2,ir2,Injured Reserve,ir,,ir,False,2026-01-31,,8482623.0
buffalo-sabres,montreal-canadiens,Jiri Kulich,Injured Reserve 3,ir3,Injured Reserve,ir,20.0,ir,False,2026-01-31,,8483468.0
buffalo-sabres,montreal-canadiens,Justin Danforth,Injured Reserve 4,ir4,Injured Reserve,ir,15.0,ir,False,2026-01-31,,8479941.0
buffalo-sabres,montreal-canadiens,Josh Norris,Injured Reserve 5,ir5,Injured Reserve,ir,9.0,ir,False,2026-01-31,,8480064.0
buffalo-sabres,montreal-canadiens,Jacob Bryson,Injured Reserve 6,ir6,Injured Reserve,ir,78.0,ir,False,2026-01-31,,8480196.0
buffalo-sabres,montreal-canadiens,Ukko-Pekka Luukkonen,Injured Reserve 7,ir7,Injured Reserve,ir,1.0,out,False,2026-01-31,,
calgary-flames,san-jose-sharks,Blake Coleman,Injured Reserve 1,ir1,Injured Reserve,ir,20.0,ir,False,2026-01-31,,8476399.0
calgary-flames,san-jose-sharks,John Beecher,Injured Reserve 2,ir2,Injured Reserve,ir,18.0,ir,False,2026-01-31,,8481556.0
calgary-flames,san-jose-sharks,Samuel Honzek,Injured Reserve 3,ir3,Injured Reserve,ir,29.0,ir,False,2026-01-31,,8484180.0
calgary-flames,san-jose-sharks,Jake Bean,Injured Reserve 4,ir4,Injured Reserve,ir,24.0,ir,False,2026-01-31,,8479402.0
calgary-flames,san-jose-sharks,Zayne Parekh,Injured Reserve 5,ir5,Injured Reserve,ir,89.0,out,False,2026-01-31,,8484768.0
carolina-hurricanes,washington-capitals,Charles-Alexis Legault,Injured Reserve 1,ir1,Injured Reserve,ir,62.0,ir,False,2026-01-31,,
carolina-hurricanes,washington-capitals,Pyotr Kochetkov,Injured Reserve 2,ir2,Injured Reserve,ir,52.0,ir,False,2026-01-31,,
carolina-hurricanes,washington-capitals,Noah Philp,Injured Reserve 3,ir3,Injured Reserve,ir,15.0,ir,False,2026-01-31,,8481491.0
carolina-hurricanes,washington-capitals,Eric Robinson,Injured Reserve 4,ir4,Injured Reserve,ir,50.0,out,False,2026-01-31,,8480762.0
colorado-avalanche,detroit-red-wings,Devon Toews,Injured Reserve 1,ir1,Injured Reserve,ir,7.0,out,False,2026-01-31,,8478038.0
colorado-avalanche,detroit-red-wings,Logan O'Connor,Injured Reserve 2,ir2,Injured Reserve,ir,25.0,out,False,2026-01-31,,
colorado-avalanche,detroit-red-wings,Gabriel Landeskog,Injured Reserve 3,ir3,Injured Reserve,ir,92.0,out,False,2026-01-31,,8476455.0
columbus-blue-jackets,st-louis-blues,Brendan Smith,Injured Reserve 1,ir1,Injured Reserve,ir,2.0,ir,False,2026-01-31,,
columbus-blue-jackets,st-louis-blues,Dante Fabbro,Injured Reserve 2,ir2,Injured Reserve,ir,15.0,out,False,2026-01-31,,8479371.0
dallas-stars,utah-hockey-club,Tyler Seguin,Injured Reserve 1,ir1,Injured Reserve,ir,91.0,ir,False,2026-01-31,,8475794.0
dallas-stars,utah-hockey-club,Lian Bichsel,Injured Reserve 2,ir2,Injured Reserve,ir,6.0,ir,False,2026-01-31,,8483425.0
detroit-red-wings,colorado-avalanche,Simon Edvinsson,Injured Reserve 1,ir1,Injured Reserve,ir,77.0,ir,False,2026-01-31,,8482762.0
edmonton-oilers,minnesota-wild,Adam Henrique,Injured Reserve 1,ir1,Injured Reserve,ir,19.0,ir,False,2026-01-31,,8474641.0
florida-panthers,winnipeg-jets,Aleksander Barkov,Injured Reserve 1,ir1,Injured Reserve,ir,16.0,ir,False,2026-01-31,,
florida-panthers,winnipeg-jets,Dmitry Kulikov,Injured Reserve 2,ir2,Injured Reserve,ir,7.0,ir,False,2026-01-31,,8475179.0
florida-panthers,winnipeg-jets,Jonah Gadjovich,Injured Reserve 3,ir3,Injured Reserve,ir,12.0,ir,False,2026-01-31,,8479981.0
florida-panthers,winnipeg-jets,Seth Jones,Injured Reserve 4,ir4,Injured Reserve,ir,3.0,ir,False,2026-01-31,,8477495.0
florida-panthers,winnipeg-jets,Tomas Nosek,Injured Reserve 5,ir5,Injured Reserve,ir,92.0,out,False,2026-01-31,,
florida-panthers,winnipeg-jets,Anton Lundell,Injured Reserve 6,ir6,Injured Reserve,ir,15.0,dtd,False,2026-01-31,,8482113.0
florida-panthers,winnipeg-jets,Brad Marchand,Injured Reserve 7,ir7,Injured Reserve,ir,63.0,dtd,False,2026-01-31,,8473419.0
los-angeles-kings,philadelphia-flyers,Anze Kopitar,Injured Reserve 1,ir1,Injured Reserve,ir,11.0,ir,False,2026-01-31,,8471685.0
los-angeles-kings,philadelphia-flyers,Alex Turcotte,Injured Reserve 2,ir2,Injured Reserve,ir,15.0,out,False,2026-01-31,,8481532.0
minnesota-wild,edmonton-oilers,Zach Bogosian,Injured Reserve 1,ir1,Injured Reserve,ir,24.0,ir,False,2026-01-31,,8474567.0
minnesota-wild,edmonton-oilers,Jonas Brodin,Injured Reserve 2,ir2,Injured Reserve,ir,25.0,ir,False,2026-01-31,,8476463.0
montreal-canadiens,buffalo-sabres,Patrik Laine,Injured Reserve 1,ir1,Injured Reserve,ir,92.0,ir,False,2026-01-31,,8479339.0
montreal-canadiens,buffalo-sabres,Alex Newhook,Injured Reserve 2,ir2,Injured Reserve,ir,15.0,ir,False,2026-01-31,,8481618.0
montreal-canadiens,buffalo-sabres,David Reinbacher,Injured Reserve 3,ir3,Injured Reserve,ir,64.0,out,False,2026-01-31,,
nashville-predators,new-york-islanders,Nicolas Hague,Injured Reserve 1,ir1,Injured Reserve,ir,41.0,out,False,2026-01-31,,8479980.0
new-jersey-devils,ottawa-senators,Zack MacEwen,Injured Reserve 1,ir1,Injured Reserve,ir,,ir,False,2026-01-31,,8479772.0
new-jersey-devils,ottawa-senators,Stefan Noesen,Injured Reserve 2,ir2,Injured Reserve,ir,11.0,ir,False,2026-01-31,,8476474.0
new-jersey-devils,ottawa-senators,Luke Hughes,Injured Reserve 3,ir3,Injured Reserve,ir,43.0,ir,False,2026-01-31,,8482684.0
new-jersey-devils,ottawa-senators,Cody Glass,Injured Reserve 4,ir4,Injured Reserve,ir,12.0,dtd,False,2026-01-31,,8479996.0
new-jersey-devils,ottawa-senators,Jack Hughes,Injured Reserve 5,ir5,Injured Reserve,ir,86.0,dtd,False,2026-01-31,,8481559.0
new-york-islanders,nashville-predators,Semyon Varlamov,Injured Reserve 1,ir1,Injured Reserve,ir,40.0,ir,False,2026-01-31,,
new-york-islanders,nashville-predators,Pierre Engvall,Injured Reserve 2,ir2,Injured Reserve,ir,18.0,ir,False,2026-01-31,,
new-york-islanders,nashville-predators,Alexander Romanov,Injured Reserve 3,ir3,Injured Reserve,ir,28.0,ir,False,2026-01-31,,8481014.0
new-york-islanders,nashville-predators,Kyle Palmieri,Injured Reserve 4,ir4,Injured Reserve,ir,21.0,ir,False,2026-01-31,,8475151.0
new-york-islanders,nashville-predators,Calum Ritchie,Injured Reserve 5,ir5,Injured Reserve,ir,64.0,dtd,False,2026-01-31,,8484221.0
new-york-rangers,pittsburgh-penguins,Conor Sheary,Injured Reserve 1,ir1,Injured Reserve,ir,,ir,False,2026-01-31,,8477839.0
new-york-rangers,pittsburgh-penguins,Adam Fox,Injured Reserve 2,ir2,Injured Reserve,ir,23.0,ir,False,2026-01-31,,8479323.0
new-york-rangers,pittsburgh-penguins,Adam Edstrom,Injured Reserve 3,ir3,Injured Reserve,ir,84.0,ir,False,2026-01-31,,8481726.0
new-york-rangers,pittsburgh-penguins,Igor Shesterkin,Injured Reserve 4,ir4,Injured Reserve,ir,31.0,ir,False,2026-01-31,,
new-york-rangers,pittsburgh-penguins,Artemi Panarin,Injured Reserve 5,ir5,Injured Reserve,ir,10.0,out,False,2026-01-31,,8478550.0
ottawa-senators,new-jersey-devils,David Perron,Injured Reserve 1,ir1,Injured Reserve,ir,57.0,out,False,2026-01-31,,8474102.0
ottawa-senators,new-jersey-devils,Stephen Halliday,Injured Reserve 2,ir2,Injured Reserve,ir,83.0,dtd,False,2026-01-31,,8483676.0
philadelphia-flyers,los-angeles-kings,Tyson Foerster,Injured Reserve 1,ir1,Injured Reserve,ir,71.0,ir,False,2026-01-31,,8482159.0
philadelphia-flyers,los-angeles-kings,Rodrigo Abols,Injured Reserve 2,ir2,Injured Reserve,ir,18.0,ir,False,2026-01-31,,8479022.0
philadelphia-flyers,los-angeles-kings,Samuel Ersson,Injured Reserve 3,ir3,Injured Reserve,ir,33.0,dtd,False,2026-01-31,,
pittsburgh-penguins,new-york-rangers,Caleb Jones,Injured Reserve 1,ir1,Injured Reserve,ir,82.0,ir,False,2026-01-31,,8478452.0
pittsburgh-penguins,new-york-rangers,Filip Hallander,Injured Reserve 2,ir2,Injured Reserve,ir,11.0,ir,False,2026-01-31,,8480842.0
pittsburgh-penguins,new-york-rangers,Joel Blomqvist,Injured Reserve 3,ir3,Injured Reserve,ir,30.0,ir,False,2026-01-31,,
pittsburgh-penguins,new-york-rangers,Ryan Graves,Injured Reserve 4,ir4,Injured Reserve,ir,27.0,ir,False,2026-01-31,,8477435.0
pittsburgh-penguins,new-york-rangers,Jack St. Ivany,Injured Reserve 5,ir5,Injured Reserve,ir,,ir,False,2026-01-31,,
pittsburgh-penguins,new-york-rangers,Bryan Rust,Injured Reserve 6,ir6,Injured Reserve,ir,17.0,out,False,2026-01-31,,8475810.0
pittsburgh-penguins,new-york-rangers,Evgeni Malkin,Injured Reserve 7,ir7,Injured Reserve,ir,71.0,dtd,False,2026-01-31,,8471215.0
pittsburgh-penguins,new-york-rangers,Kris Letang,Injured Reserve 8,ir8,Injured Reserve,ir,58.0,dtd,False,2026-01-31,,8471724.0
san-jose-sharks,calgary-flames,Shakir Mukhamadullin,Injured Reserve 1,ir1,Injured Reserve,ir,,ir,False,2026-01-31,,8482166.0
san-jose-sharks,calgary-flames,Philipp Kurashev,Injured Reserve 2,ir2,Injured Reserve,ir,96.0,ir,False,2026-01-31,,8480798.0
san-jose-sharks,calgary-flames,Ty Dellandrea,Injured Reserve 3,ir3,Injured Reserve,ir,10.0,ir,False,2026-01-31,,8480848.0
san-jose-sharks,calgary-flames,Kiefer Sherwood,Injured Reserve 4,ir4,Injured Reserve,ir,44.0,ir,False,2026-01-31,,8480748.0
san-jose-sharks,calgary-flames,Tyler Toffoli,Injured Reserve 5,ir5,Injured Reserve,ir,73.0,dtd,False,2026-01-31,,8475726.0
seattle-kraken,vegas-golden-knights,Ben Meyers,Injured Reserve 1,ir1,Injured Reserve,ir,59.0,ir,False,2026-01-31,,8483570.0
seattle-kraken,vegas-golden-knights,Matt Murray,Injured Reserve 2,ir2,Injured Reserve,ir,30.0,ir,False,2026-01-31,,
seattle-kraken,vegas-golden-knights,Berkly Catton,Injured Reserve 3,ir3,Injured Reserve,ir,27.0,dtd,False,2026-01-31,,8484800.0
st-louis-blues,columbus-blue-jackets,Pius Suter,Injured Reserve 1,ir1,Injured Reserve,ir,24.0,ir,False,2026-01-31,,8480459.0
st-louis-blues,columbus-blue-jackets,Dylan Holloway,Injured Reserve 2,ir2,Injured Reserve,ir,81.0,ir,False,2026-01-31,,8482077.0
st-louis-blues,columbus-blue-jackets,Robert Thomas,Injured Reserve 3,ir3,Injured Reserve,ir,18.0,ir,False,2026-01-31,,8480023.0
toronto-maple-leafs,vancouver-canucks,Chris Tanev,Injured Reserve 1,ir1,Injured Reserve,ir,8.0,ir,False,2026-01-31,,8475690.0
toronto-maple-leafs,vancouver-canucks,Dakota Mermis,Injured Reserve 2,ir2,Injured Reserve,ir,36.0,ir,False,2026-01-31,,8477541.0
toronto-maple-leafs,vancouver-canucks,Dakota Joshua,Injured Reserve 3,ir3,Injured Reserve,ir,81.0,ir,False,2026-01-31,,8478057.0
utah-hockey-club,dallas-stars,Alex Kerfoot,Injured Reserve 1,ir1,Injured Reserve,ir,15.0,ir,False,2026-01-31,,
utah-hockey-club,dallas-stars,Logan Cooley,Injured Reserve 2,ir2,Injured Reserve,ir,92.0,ir,False,2026-01-31,,8483431.0
utah-hockey-club,dallas-stars,Dylan Guenther,Injured Reserve 3,ir3,Injured Reserve,ir,11.0,dtd,False,2026-01-31,,8482699.0
vancouver-canucks,toronto-maple-leafs,Thatcher Demko,Injured Reserve 1,ir1,Injured Reserve,ir,35.0,ir,False,2026-01-31,,
vancouver-canucks,toronto-maple-leafs,Derek Forbort,Injured Reserve 2,ir2,Injured Reserve,ir,27.0,ir,False,2026-01-31,,8475762.0
vancouver-canucks,toronto-maple-leafs,Marco Rossi,Injured Reserve 3,ir3,Injured Reserve,ir,93.0,ir,False,2026-01-31,,8482079.0
vancouver-canucks,toronto-maple-leafs,Brock Boeser,Injured Reserve 4,ir4,Injured Reserve,ir,6.0,ir,False,2026-01-31,,8478444.0
vancouver-canucks,toronto-maple-leafs,Nils Hoglander,Injured Reserve 5,ir5,Injured Reserve,ir,21.0,dtd,False,2026-01-31,,
vancouver-canucks,toronto-maple-leafs,Filip Hronek,Injured Reserve 6,ir6,Injured Reserve,ir,17.0,dtd,False,2026-01-31,,8479425.0
vegas-golden-knights,seattle-kraken,Alex Pietrangelo,Injured Reserve 1,ir1,Injured Reserve,ir,7.0,ir,False,2026-01-31,,
vegas-golden-knights,seattle-kraken,Brett Howden,Injured Reserve 2,ir2,Injured Reserve,ir,21.0,ir,False,2026-01-31,,8479353.0
vegas-golden-knights,seattle-kraken,Brandon Saad,Injured Reserve 3,ir3,Injured Reserve,ir,20.0,ir,False,2026-01-31,,8476438.0
vegas-golden-knights,seattle-kraken,Brayden McNabb,Injured Reserve 4,ir4,Injured Reserve,ir,3.0,ir,False,2026-01-31,,8475188.0
vegas-golden-knights,seattle-kraken,William Karlsson,Injured Reserve 5,ir5,Injured Reserve,ir,71.0,ir,False,2026-01-31,,8476448.0
vegas-golden-knights,seattle-kraken,Carter Hart,Injured Reserve 6,ir6,Injured Reserve,ir,79.0,ir,False,2026-01-31,,
vegas-golden-knights,seattle-kraken,Colton Sissons,Injured Reserve 7,ir7,Injured Reserve,ir,10.0,out,False,2026-01-31,,8476925.0
washington-capitals,carolina-hurricanes,Pierre-Luc Dubois,Injured Reserve 1,ir1,Injured Reserve,ir,80.0,ir,False,2026-01-31,,8479400.0
washington-capitals,carolina-hurricanes,Matt Roy,Injured Reserve 2,ir2,Injured Reserve,ir,3.0,dtd,False,2026-01-31,,8478911.0
washington-capitals,carolina-hurricanes,Logan Thompson,Injured Reserve 3,ir3,Injured Reserve,ir,48.0,dtd,False,2026-01-31,,
washington-capitals,carolina-hurricanes,Charlie Lindgren,Injured Reserve 4,ir4,Injured Reserve,ir,79.0,dtd,False,2026-01-31,,
winnipeg-jets,florida-panthers,Haydn Fleury,Injured Reserve 1,ir1,Injured Reserve,ir,24.0,ir,False,2026-01-31,,8477938.0
winnipeg-jets,florida-panthers,Colin Miller,Injured Reserve 2,ir2,Injured Reserve,ir,6.0,ir,False,2026-01-31,,8476525.0
winnipeg-jets,florida-panthers,Neal Pionk,Injured Reserve 3,ir3,Injured Reserve,ir,4.0,ir,False,2026-01-31,,8480145.0
anaheim-ducks,vegas-golden-knights,Frank Vatrano,Injured Reserve 1,ir1,Injured Reserve,ir,77.0,ir,False,2026-02-01,,8478366.0
anaheim-ducks,vegas-golden-knights,Petr Mrazek,Injured Reserve 2,ir2,Injured Reserve,ir,34.0,ir,False,2026-02-01,,
anaheim-ducks,vegas-golden-knights,Leo Carlsson,Injured Reserve 3,ir3,Injured Reserve,ir,91.0,out,False,2026-02-01,,8484153.0
anaheim-ducks,vegas-golden-knights,Mason McTavish,Injured Reserve 4,ir4,Injured Reserve,ir,23.0,dtd,False,2026-02-01,,8482745.0
boston-bruins,tampa-bay-lightning,Jordan Harris,Injured Reserve 1,ir1,Injured Reserve,ir,43.0,ir,False,2026-02-01,,8480887.0
boston-bruins,tampa-bay-lightning,Elias Lindholm,Injured Reserve 2,ir2,Injured Reserve,ir,28.0,dtd,False,2026-02-01,,8477496.0
boston-bruins,tampa-bay-lightning,Pavel Zacha,Injured Reserve 3,ir3,Injured Reserve,ir,18.0,dtd,False,2026-02-01,,8478401.0
carolina-hurricanes,los-angeles-kings,Charles-Alexis Legault,Injured Reserve 1,ir1,Injured Reserve,ir,62.0,ir,False,2026-02-01,,
carolina-hurricanes,los-angeles-kings,Pyotr Kochetkov,Injured Reserve 2,ir2,Injured Reserve,ir,52.0,ir,False,2026-02-01,,
carolina-hurricanes,los-angeles-kings,Eric Robinson,Injured Reserve 3,ir3,Injured Reserve,ir,50.0,out,False,2026-02-01,,8480762.0
los-angeles-kings,carolina-hurricanes,Alex Turcotte,Injured Reserve 1,ir1,Injured Reserve,ir,15.0,ir,False,2026-02-01,,8481532.0
tampa-bay-lightning,boston-bruins,Victor Hedman,Injured Reserve 1,ir1,Injured Reserve,ir,77.0,ir,False,2026-02-01,,8475167.0
tampa-bay-lightning,boston-bruins,Charle-Edouard D'Astous,Injured Reserve 2,ir2,Injured Reserve,ir,51.0,ir,False,2026-02-01,,8480426.0
tampa-bay-lightning,boston-bruins,Emil Lilleberg,Injured Reserve 3,ir3,Injured Reserve,ir,,ir,False,2026-02-01,,8482929.0
tampa-bay-lightning,boston-bruins,Scott Sabourin,Injured Reserve 4,ir4,Injured Reserve,ir,46.0,ir,False,2026-02-01,,8477149.0
tampa-bay-lightning,boston-bruins,Brayden Point,Injured Reserve 5,ir5,Injured Reserve,ir,21.0,ir,False,2026-02-01,,8478010.0
vegas-golden-knights,anaheim-ducks,Alex Pietrangelo,Injured Reserve 1,ir1,Injured Reserve,ir,7.0,ir,False,2026-02-01,,
vegas-golden-knights,anaheim-ducks,Brett Howden,Injured Reserve 2,ir2,Injured Reserve,ir,21.0,ir,False,2026-02-01,,8479353.0
vegas-golden-knights,anaheim-ducks,Brandon Saad,Injured Reserve 3,ir3,Injured Reserve,ir,20.0,ir,False,2026-02-01,,8476438.0
vegas-golden-knights,anaheim-ducks,Brayden McNabb,Injured Reserve 4,ir4,Injured Reserve,ir,3.0,ir,False,2026-02-01,,8475188.0
vegas-golden-knights,anaheim-ducks,William Karlsson,Injured Reserve 5,ir5,Injured Reserve,ir,71.0,ir,False,2026-02-01,,8476448.0
vegas-golden-knights,anaheim-ducks,Carter Hart,Injured Reserve 6,ir6,Injured Reserve,ir,79.0,ir,False,2026-02-01,,
vegas-golden-knights,anaheim-ducks,Colton Sissons,Injured Reserve 7,ir7,Injured Reserve,ir,10.0,out,False,2026-02-01,,8476925.0
buffalo-sabres,florida-panthers,Conor Timmins,Injured Reserve 1,ir1,Injured Reserve,ir,21.0,ir,False,2026-02-02,,8479982.0
buffalo-sabres,florida-panthers,Josh Dunne,Injured Reserve 2,ir2,Injured Reserve,ir,,ir,False,2026-02-02,,8482623.0
buffalo-sabres,florida-panthers,Jiri Kulich,Injured Reserve 3,ir3,Injured Reserve,ir,20.0,ir,False,2026-02-02,,8483468.0
buffalo-sabres,florida-panthers,Justin Danforth,Injured Reserve 4,ir4,Injured Reserve,ir,15.0,ir,False,2026-02-02,,8479941.0
buffalo-sabres,florida-panthers,Josh Norris,Injured Reserve 5,ir5,Injured Reserve,ir,9.0,ir,False,2026-02-02,,8480064.0
buffalo-sabres,florida-panthers,Jacob Bryson,Injured Reserve 6,ir6,Injured Reserve,ir,78.0,ir,False,2026-02-02,,8480196.0
buffalo-sabres,florida-panthers,Ukko-Pekka Luukkonen,Injured Reserve 7,ir7,Injured Reserve,ir,1.0,out,False,2026-02-02,,
calgary-flames,toronto-maple-leafs,Blake Coleman,Injured Reserve 1,ir1,Injured Reserve,ir,20.0,ir,False,2026-02-02,,8476399.0
calgary-flames,toronto-maple-leafs,John Beecher,Injured Reserve 2,ir2,Injured Reserve,ir,18.0,ir,False,2026-02-02,,8481556.0
calgary-flames,toronto-maple-leafs,Samuel Honzek,Injured Reserve 3,ir3,Injured Reserve,ir,29.0,ir,False,2026-02-02,,8484180.0
calgary-flames,toronto-maple-leafs,Jake Bean,Injured Reserve 4,ir4,Injured Reserve,ir,24.0,ir,False,2026-02-02,,8479402.0
calgary-flames,toronto-maple-leafs,Zayne Parekh,Injured Reserve 5,ir5,Injured Reserve,ir,89.0,out,False,2026-02-02,,8484768.0
chicago-blackhawks,san-jose-sharks,Nick Foligno,Injured Reserve 1,ir1,Injured Reserve,ir,17.0,dtd,False,2026-02-02,,8473422.0
colorado-avalanche,detroit-red-wings,Devon Toews,Injured Reserve 1,ir1,Injured Reserve,ir,7.0,out,False,2026-02-02,,8478038.0
colorado-avalanche,detroit-red-wings,Logan O'Connor,Injured Reserve 2,ir2,Injured Reserve,ir,25.0,out,False,2026-02-02,,
colorado-avalanche,detroit-red-wings,Gabriel Landeskog,Injured Reserve 3,ir3,Injured Reserve,ir,92.0,out,False,2026-02-02,,8476455.0
colorado-avalanche,detroit-red-wings,Martin Necas,Injured Reserve 4,ir4,Injured Reserve,ir,88.0,dtd,False,2026-02-02,,8480039.0
dallas-stars,winnipeg-jets,Tyler Seguin,Injured Reserve 1,ir1,Injured Reserve,ir,91.0,ir,False,2026-02-02,,8475794.0
dallas-stars,winnipeg-jets,Lian Bichsel,Injured Reserve 2,ir2,Injured Reserve,ir,6.0,ir,False,2026-02-02,,8483425.0
detroit-red-wings,colorado-avalanche,Simon Edvinsson,Injured Reserve 1,ir1,Injured Reserve,ir,77.0,ir,False,2026-02-02,,8482762.0
florida-panthers,buffalo-sabres,Aleksander Barkov,Injured Reserve 1,ir1,Injured Reserve,ir,16.0,ir,False,2026-02-02,,
florida-panthers,buffalo-sabres,Dmitry Kulikov,Injured Reserve 2,ir2,Injured Reserve,ir,7.0,ir,False,2026-02-02,,8475179.0
florida-panthers,buffalo-sabres,Jonah Gadjovich,Injured Reserve 3,ir3,Injured Reserve,ir,12.0,ir,False,2026-02-02,,8479981.0
florida-panthers,buffalo-sabres,Seth Jones,Injured Reserve 4,ir4,Injured Reserve,ir,3.0,ir,False,2026-02-02,,8477495.0
florida-panthers,buffalo-sabres,Tomas Nosek,Injured Reserve 5,ir5,Injured Reserve,ir,92.0,out,False,2026-02-02,,
florida-panthers,buffalo-sabres,Anton Lundell,Injured Reserve 6,ir6,Injured Reserve,ir,15.0,dtd,False,2026-02-02,,8482113.0
florida-panthers,buffalo-sabres,Brad Marchand,Injured Reserve 7,ir7,Injured Reserve,ir,63.0,dtd,False,2026-02-02,,8473419.0
minnesota-wild,montreal-canadiens,Zach Bogosian,Injured Reserve 1,ir1,Injured Reserve,ir,24.0,ir,False,2026-02-02,,8474567.0
minnesota-wild,montreal-canadiens,Jonas Brodin,Injured Reserve 2,ir2,Injured Reserve,ir,25.0,ir,False,2026-02-02,,8476463.0
montreal-canadiens,minnesota-wild,Patrik Laine,Injured Reserve 1,ir1,Injured Reserve,ir,92.0,ir,False,2026-02-02,,8479339.0
montreal-canadiens,minnesota-wild,Alex Newhook,Injured Reserve 2,ir2,Injured Reserve,ir,15.0,ir,False,2026-02-02,,8481618.0
montreal-canadiens,minnesota-wild,David Reinbacher,Injured Reserve 3,ir3,Injured Reserve,ir,64.0,out,False,2026-02-02,,
montreal-canadiens,minnesota-wild,Alexandre Texier,Injured Reserve 4,ir4,Injured Reserve,ir,85.0,dtd,False,2026-02-02,,8480074.0
nashville-predators,st-louis-blues,Nicolas Hague,Injured Reserve 1,ir1,Injured Reserve,ir,41.0,out,False,2026-02-02,,8479980.0
new-york-islanders,washington-capitals,Semyon Varlamov,Injured Reserve 1,ir1,Injured Reserve,ir,40.0,ir,False,2026-02-02,,
new-york-islanders,washington-capitals,Pierre Engvall,Injured Reserve 2,ir2,Injured Reserve,ir,18.0,ir,False,2026-02-02,,
new-york-islanders,washington-capitals,Alexander Romanov,Injured Reserve 3,ir3,Injured Reserve,ir,28.0,ir,False,2026-02-02,,8481014.0
new-york-islanders,washington-capitals,Kyle Palmieri,Injured Reserve 4,ir4,Injured Reserve,ir,21.0,ir,False,2026-02-02,,8475151.0
new-york-islanders,washington-capitals,Calum Ritchie,Injured Reserve 5,ir5,Injured Reserve,ir,64.0,dtd,False,2026-02-02,,8484221.0
new-york-islanders,washington-capitals,Jonathan Drouin,Injured Reserve 6,ir6,Injured Reserve,ir,29.0,dtd,False,2026-02-02,,8477494.0
ottawa-senators,pittsburgh-penguins,David Perron,Injured Reserve 1,ir1,Injured Reserve,ir,57.0,out,False,2026-02-02,,8474102.0
ottawa-senators,pittsburgh-penguins,Stephen Halliday,Injured Reserve 2,ir2,Injured Reserve,ir,83.0,dtd,False,2026-02-02,,8483676.0
ottawa-senators,pittsburgh-penguins,Thomas Chabot,Injured Reserve 3,ir3,Injured Reserve,ir,72.0,dtd,False,2026-02-02,,8478469.0
pittsburgh-penguins,ottawa-senators,Caleb Jones,Injured Reserve 1,ir1,Injured Reserve,ir,82.0,ir,False,2026-02-02,,8478452.0
pittsburgh-penguins,ottawa-senators,Filip Hallander,Injured Reserve 2,ir2,Injured Reserve,ir,11.0,ir,False,2026-02-02,,8480842.0
pittsburgh-penguins,ottawa-senators,Joel Blomqvist,Injured Reserve 3,ir3,Injured Reserve,ir,30.0,ir,False,2026-02-02,,
pittsburgh-penguins,ottawa-senators,Ryan Graves,Injured Reserve 4,ir4,Injured Reserve,ir,27.0,ir,False,2026-02-02,,8477435.0
pittsburgh-penguins,ottawa-senators,Jack St. Ivany,Injured Reserve 5,ir5,Injured Reserve,ir,,ir,False,2026-02-02,,
pittsburgh-penguins,ottawa-senators,Kris Letang,Injured Reserve 6,ir6,Injured Reserve,ir,58.0,ir,False,2026-02-02,,8471724.0
pittsburgh-penguins,ottawa-senators,Bryan Rust,Injured Reserve 7,ir7,Injured Reserve,ir,17.0,out,False,2026-02-02,,8475810.0
san-jose-sharks,chicago-blackhawks,Ty Dellandrea,Injured Reserve 1,ir1,Injured Reserve,ir,10.0,ir,False,2026-02-02,,8480848.0
san-jose-sharks,chicago-blackhawks,Kiefer Sherwood,Injured Reserve 2,ir2,Injured Reserve,ir,44.0,ir,False,2026-02-02,,8480748.0
st-louis-blues,nashville-predators,Robert Thomas,Injured Reserve 1,ir1,Injured Reserve,ir,18.0,ir,False,2026-02-02,,8480023.0
st-louis-blues,nashville-predators,Dylan Holloway,Injured Reserve 2,ir2,Injured Reserve,ir,81.0,ir,False,2026-02-02,,8482077.0
st-louis-blues,nashville-predators,Jake Neighbours,Injured Reserve 3,ir3,Injured Reserve,ir,63.0,dtd,False,2026-02-02,,8482089.0
toronto-maple-leafs,calgary-flames,Chris Tanev,Injured Reserve 1,ir1,Injured Reserve,ir,8.0,ir,False,2026-02-02,,8475690.0
toronto-maple-leafs,calgary-flames,Dakota Mermis,Injured Reserve 2,ir2,Injured Reserve,ir,36.0,ir,False,2026-02-02,,8477541.0
toronto-maple-leafs,calgary-flames,Dakota Joshua,Injured Reserve 3,ir3,Injured Reserve,ir,81.0,ir,False,2026-02-02,,8478057.0
toronto-maple-leafs,calgary-flames,Morgan Rielly,Injured Reserve 4,ir4,Injured Reserve,ir,44.0,dtd,False,2026-02-02,,8476853.0
utah-hockey-club,vancouver-canucks,Alex Kerfoot,Injured Reserve 1,ir1,Injured Reserve,ir,15.0,ir,False,2026-02-02,,
utah-hockey-club,vancouver-canucks,Logan Cooley,Injured Reserve 2,ir2,Injured Reserve,ir,92.0,ir,False,2026-02-02,,8483431.0
vancouver-canucks,utah-hockey-club,Thatcher Demko,Injured Reserve 1,ir1,Injured Reserve,ir,35.0,ir,False,2026-02-02,,
vancouver-canucks,utah-hockey-club,Derek Forbort,Injured Reserve 2,ir2,Injured Reserve,ir,27.0,ir,False,2026-02-02,,8475762.0
vancouver-canucks,utah-hockey-club,Marco Rossi,Injured Reserve 3,ir3,Injured Reserve,ir,93.0,ir,False,2026-02-02,,8482079.0
vancouver-canucks,utah-hockey-club,Brock Boeser,Injured Reserve 4,ir4,Injured Reserve,ir,6.0,ir,False,2026-02-02,,8478444.0
vancouver-canucks,utah-hockey-club,Nils Hoglander,Injured Reserve 5,ir5,Injured Reserve,ir,21.0,dtd,False,2026-02-02,,
washington-capitals,new-york-islanders,Pierre-Luc Dubois,Injured Reserve 1,ir1,Injured Reserve,ir,80.0,ir,False,2026-02-02,,8479400.0
washington-capitals,new-york-islanders,Matt Roy,Injured Reserve 2,ir2,Injured Reserve,ir,3.0,ir,False,2026-02-02,,8478911.0
washington-capitals,new-york-islanders,Connor McMichael,Injured Reserve 3,ir3,Injured Reserve,ir,24.0,ir,False,2026-02-02,,8481580.0
washington-capitals,new-york-islanders,Charlie Lindgren,Injured Reserve 4,ir4,Injured Reserve,ir,79.0,ir,False,2026-02-02,,
washington-capitals,new-york-islanders,Logan Thompson,Injured Reserve 5,ir5,Injured Reserve,ir,48.0,dtd,False,2026-02-02,,
washington-capitals,new-york-islanders,Martin Fehervary,Injured Reserve 6,ir6,Injured Reserve,ir,42.0,out,False,2026-02-02,,
winnipeg-jets,dallas-stars,Haydn Fleury,Injured Reserve 1,ir1,Injured Reserve,ir,24.0,ir,False,2026-02-02,,8477938.0
winnipeg-jets,dallas-stars,Colin Miller,Injured Reserve 2,ir2,Injured Reserve,ir,6.0,ir,False,2026-02-02,,8476525.0
winnipeg-jets,dallas-stars,Neal Pionk,Injured Reserve 3,ir3,Injured Reserve,ir,4.0,ir,False,2026-02-02,,8480145.0
anaheim-ducks,seattle-kraken,Frank Vatrano,Injured Reserve 1,ir1,Injured Reserve,ir,77.0,ir,False,2026-02-03,,8478366.0
anaheim-ducks,seattle-kraken,Petr Mrazek,Injured Reserve 2,ir2,Injured Reserve,ir,34.0,ir,False,2026-02-03,,
anaheim-ducks,seattle-kraken,Leo Carlsson,Injured Reserve 3,ir3,Injured Reserve,ir,91.0,out,False,2026-02-03,,8484153.0
buffalo-sabres,tampa-bay-lightning,Conor Timmins,Injured Reserve 1,ir1,Injured Reserve,ir,21.0,ir,False,2026-02-03,,8479982.0
buffalo-sabres,tampa-bay-lightning,Josh Dunne,Injured Reserve 2,ir2,Injured Reserve,ir,,ir,False,2026-02-03,,8482623.0
buffalo-sabres,tampa-bay-lightning,Jiri Kulich,Injured Reserve 3,ir3,Injured Reserve,ir,20.0,ir,False,2026-02-03,,8483468.0
buffalo-sabres,tampa-bay-lightning,Justin Danforth,Injured Reserve 4,ir4,Injured Reserve,ir,15.0,ir,False,2026-02-03,,8479941.0
buffalo-sabres,tampa-bay-lightning,Josh Norris,Injured Reserve 5,ir5,Injured Reserve,ir,9.0,ir,False,2026-02-03,,8480064.0
buffalo-sabres,tampa-bay-lightning,Jacob Bryson,Injured Reserve 6,ir6,Injured Reserve,ir,78.0,ir,False,2026-02-03,,8480196.0
buffalo-sabres,tampa-bay-lightning,Ukko-Pekka Luukkonen,Injured Reserve 7,ir7,Injured Reserve,ir,1.0,out,False,2026-02-03,,
carolina-hurricanes,ottawa-senators,Charles-Alexis Legault,Injured Reserve 1,ir1,Injured Reserve,ir,62.0,ir,False,2026-02-03,,
carolina-hurricanes,ottawa-senators,Pyotr Kochetkov,Injured Reserve 2,ir2,Injured Reserve,ir,52.0,ir,False,2026-02-03,,
carolina-hurricanes,ottawa-senators,Eric Robinson,Injured Reserve 3,ir3,Injured Reserve,ir,50.0,out,False,2026-02-03,,8480762.0
columbus-blue-jackets,new-jersey-devils,Brendan Smith,Injured Reserve 1,ir1,Injured Reserve,ir,2.0,ir,False,2026-02-03,,
columbus-blue-jackets,new-jersey-devils,Dante Fabbro,Injured Reserve 2,ir2,Injured Reserve,ir,15.0,out,False,2026-02-03,,8479371.0
columbus-blue-jackets,new-jersey-devils,Sean Monahan,Injured Reserve 3,ir3,Injured Reserve,ir,23.0,dtd,False,2026-02-03,,8477497.0
columbus-blue-jackets,new-jersey-devils,Kirill Marchenko,Injured Reserve 4,ir4,Injured Reserve,ir,86.0,dtd,False,2026-02-03,,8480893.0
edmonton-oilers,toronto-maple-leafs,Adam Henrique,Injured Reserve 1,ir1,Injured Reserve,ir,19.0,ir,False,2026-02-03,,8474641.0
new-jersey-devils,columbus-blue-jackets,Zack MacEwen,Injured Reserve 1,ir1,Injured Reserve,ir,,ir,False,2026-02-03,,8479772.0
new-jersey-devils,columbus-blue-jackets,Stefan Noesen,Injured Reserve 2,ir2,Injured Reserve,ir,11.0,ir,False,2026-02-03,,8476474.0
new-jersey-devils,columbus-blue-jackets,Luke Hughes,Injured Reserve 3,ir3,Injured Reserve,ir,43.0,ir,False,2026-02-03,,8482684.0
new-jersey-devils,columbus-blue-jackets,Jack Hughes,Injured Reserve 4,ir4,Injured Reserve,ir,86.0,dtd,False,2026-02-03,,8481559.0
new-york-islanders,pittsburgh-penguins,Semyon Varlamov,Injured Reserve 1,ir1,Injured Reserve,ir,40.0,ir,False,2026-02-03,,
new-york-islanders,pittsburgh-penguins,Pierre Engvall,Injured Reserve 2,ir2,Injured Reserve,ir,18.0,ir,False,2026-02-03,,
new-york-islanders,pittsburgh-penguins,Alexander Romanov,Injured Reserve 3,ir3,Injured Reserve,ir,28.0,ir,False,2026-02-03,,8481014.0
new-york-islanders,pittsburgh-penguins,Kyle Palmieri,Injured Reserve 4,ir4,Injured Reserve,ir,21.0,ir,False,2026-02-03,,8475151.0
new-york-islanders,pittsburgh-penguins,Calum Ritchie,Injured Reserve 5,ir5,Injured Reserve,ir,64.0,dtd,False,2026-02-03,,8484221.0
new-york-islanders,pittsburgh-penguins,Jonathan Drouin,Injured Reserve 6,ir6,Injured Reserve,ir,29.0,dtd,False,2026-02-03,,8477494.0
ottawa-senators,carolina-hurricanes,David Perron,Injured Reserve 1,ir1,Injured Reserve,ir,57.0,out,False,2026-02-03,,8474102.0
ottawa-senators,carolina-hurricanes,Stephen Halliday,Injured Reserve 2,ir2,Injured Reserve,ir,83.0,dtd,False,2026-02-03,,8483676.0
philadelphia-flyers,washington-capitals,Tyson Foerster,Injured Reserve 1,ir1,Injured Reserve,ir,71.0,ir,False,2026-02-03,,8482159.0
philadelphia-flyers,washington-capitals,Rodrigo Abols,Injured Reserve 2,ir2,Injured Reserve,ir,18.0,ir,False,2026-02-03,,8479022.0
philadelphia-flyers,washington-capitals,Samuel Ersson,Injured Reserve 3,ir3,Injured Reserve,ir,33.0,out,False,2026-02-03,,
pittsburgh-penguins,new-york-islanders,Caleb Jones,Injured Reserve 1,ir1,Injured Reserve,ir,82.0,ir,False,2026-02-03,,8478452.0
pittsburgh-penguins,new-york-islanders,Filip Hallander,Injured Reserve 2,ir2,Injured Reserve,ir,11.0,ir,False,2026-02-03,,8480842.0
pittsburgh-penguins,new-york-islanders,Joel Blomqvist,Injured Reserve 3,ir3,Injured Reserve,ir,30.0,ir,False,2026-02-03,,
pittsburgh-penguins,new-york-islanders,Ryan Graves,Injured Reserve 4,ir4,Injured Reserve,ir,27.0,ir,False,2026-02-03,,8477435.0
pittsburgh-penguins,new-york-islanders,Jack St. Ivany,Injured Reserve 5,ir5,Injured Reserve,ir,,ir,False,2026-02-03,,
pittsburgh-penguins,new-york-islanders,Kris Letang,Injured Reserve 6,ir6,Injured Reserve,ir,58.0,ir,False,2026-02-03,,8471724.0
pittsburgh-penguins,new-york-islanders,Bryan Rust,Injured Reserve 7,ir7,Injured Reserve,ir,17.0,out,False,2026-02-03,,8475810.0
seattle-kraken,anaheim-ducks,Ben Meyers,Injured Reserve 1,ir1,Injured Reserve,ir,59.0,ir,False,2026-02-03,,8483570.0
seattle-kraken,anaheim-ducks,Matt Murray,Injured Reserve 2,ir2,Injured Reserve,ir,30.0,ir,False,2026-02-03,,
seattle-kraken,anaheim-ducks,Berkly Catton,Injured Reserve 3,ir3,Injured Reserve,ir,27.0,dtd,False,2026-02-03,,8484800.0
tampa-bay-lightning,buffalo-sabres,Brayden Point,Injured Reserve 1,ir1,Injured Reserve,ir,21.0,ir,False,2026-02-03,,8478010.0
tampa-bay-lightning,buffalo-sabres,Charle-Edouard D'Astous,Injured Reserve 2,ir2,Injured Reserve,ir,51.0,ir,False,2026-02-03,,8480426.0
tampa-bay-lightning,buffalo-sabres,Emil Lilleberg,Injured Reserve 3,ir3,Injured Reserve,ir,,ir,False,2026-02-03,,8482929.0
tampa-bay-lightning,buffalo-sabres,Scott Sabourin,Injured Reserve 4,ir4,Injured Reserve,ir,46.0,ir,False,2026-02-03,,8477149.0
tampa-bay-lightning,buffalo-sabres,Anthony Cirelli,Injured Reserve 5,ir5,Injured Reserve,ir,71.0,dtd,False,2026-02-03,,8478519.0
toronto-maple-leafs,edmonton-oilers,Chris Tanev,Injured Reserve 1,ir1,Injured Reserve,ir,8.0,ir,False,2026-02-03,,8475690.0
toronto-maple-leafs,edmonton-oilers,Dakota Mermis,Injured Reserve 2,ir2,Injured Reserve,ir,36.0,ir,False,2026-02-03,,8477541.0
toronto-maple-leafs,edmonton-oilers,Dakota Joshua,Injured Reserve 3,ir3,Injured Reserve,ir,81.0,ir,False,2026-02-03,,8478057.0
toronto-maple-leafs,edmonton-oilers,Morgan Rielly,Injured Reserve 4,ir4,Injured Reserve,ir,44.0,dtd,False,2026-02-03,,8476853.0
washington-capitals,philadelphia-flyers,Pierre-Luc Dubois,Injured Reserve 1,ir1,Injured Reserve,ir,80.0,ir,False,2026-02-03,,8479400.0
washington-capitals,philadelphia-flyers,Charlie Lindgren,Injured Reserve 2,ir2,Injured Reserve,ir,79.0,ir,False,2026-02-03,,
washington-capitals,philadelphia-flyers,Connor McMichael,Injured Reserve 3,ir3,Injured Reserve,ir,24.0,ir,False,2026-02-03,,8481580.0
washington-capitals,philadelphia-flyers,Logan Thompson,Injured Reserve 4,ir4,Injured Reserve,ir,48.0,dtd,False,2026-02-03,,
boston-bruins,florida-panthers,Jordan Harris,Injured Reserve 1,ir1,Injured Reserve,ir,43.0,ir,False,2026-02-04,,8480887.0
boston-bruins,florida-panthers,Elias Lindholm,Injured Reserve 2,ir2,Injured Reserve,ir,28.0,ir,False,2026-02-04,,8477496.0
boston-bruins,florida-panthers,Pavel Zacha,Injured Reserve 3,ir3,Injured Reserve,ir,18.0,dtd,False,2026-02-04,,8478401.0
calgary-flames,edmonton-oilers,Blake Coleman,Injured Reserve 1,ir1,Injured Reserve,ir,20.0,ir,False,2026-02-04,,8476399.0
calgary-flames,edmonton-oilers,John Beecher,Injured Reserve 2,ir2,Injured Reserve,ir,18.0,ir,False,2026-02-04,,8481556.0
calgary-flames,edmonton-oilers,Samuel Honzek,Injured Reserve 3,ir3,Injured Reserve,ir,29.0,ir,False,2026-02-04,,8484180.0
calgary-flames,edmonton-oilers,Jake Bean,Injured Reserve 4,ir4,Injured Reserve,ir,24.0,ir,False,2026-02-04,,8479402.0
colorado-avalanche,san-jose-sharks,Gabriel Landeskog,Injured Reserve 1,ir1,Injured Reserve,ir,92.0,out,False,2026-02-04,,8476455.0
colorado-avalanche,san-jose-sharks,Logan O'Connor,Injured Reserve 2,ir2,Injured Reserve,ir,25.0,out,False,2026-02-04,,
colorado-avalanche,san-jose-sharks,Martin Necas,Injured Reserve 3,ir3,Injured Reserve,ir,88.0,dtd,False,2026-02-04,,8480039.0
columbus-blue-jackets,chicago-blackhawks,Brendan Smith,Injured Reserve 1,ir1,Injured Reserve,ir,2.0,ir,False,2026-02-04,,
columbus-blue-jackets,chicago-blackhawks,Kirill Marchenko,Injured Reserve 2,ir2,Injured Reserve,ir,86.0,dtd,False,2026-02-04,,8480893.0
dallas-stars,st-louis-blues,Tyler Seguin,Injured Reserve 1,ir1,Injured Reserve,ir,91.0,ir,False,2026-02-04,,8475794.0
dallas-stars,st-louis-blues,Lian Bichsel,Injured Reserve 2,ir2,Injured Reserve,ir,6.0,ir,False,2026-02-04,,8483425.0
detroit-red-wings,utah-hockey-club,Simon Edvinsson,Injured Reserve 1,ir1,Injured Reserve,ir,77.0,ir,False,2026-02-04,,8482762.0
edmonton-oilers,calgary-flames,Adam Henrique,Injured Reserve 1,ir1,Injured Reserve,ir,19.0,ir,False,2026-02-04,,8474641.0
florida-panthers,boston-bruins,Aleksander Barkov,Injured Reserve 1,ir1,Injured Reserve,ir,16.0,ir,False,2026-02-04,,
florida-panthers,boston-bruins,Dmitry Kulikov,Injured Reserve 2,ir2,Injured Reserve,ir,7.0,ir,False,2026-02-04,,8475179.0
florida-panthers,boston-bruins,Jonah Gadjovich,Injured Reserve 3,ir3,Injured Reserve,ir,12.0,ir,False,2026-02-04,,8479981.0
florida-panthers,boston-bruins,Seth Jones,Injured Reserve 4,ir4,Injured Reserve,ir,3.0,ir,False,2026-02-04,,8477495.0
florida-panthers,boston-bruins,Tomas Nosek,Injured Reserve 5,ir5,Injured Reserve,ir,92.0,out,False,2026-02-04,,
florida-panthers,boston-bruins,Anton Lundell,Injured Reserve 6,ir6,Injured Reserve,ir,15.0,dtd,False,2026-02-04,,8482113.0
florida-panthers,boston-bruins,Brad Marchand,Injured Reserve 7,ir7,Injured Reserve,ir,63.0,dtd,False,2026-02-04,,8473419.0
florida-panthers,boston-bruins,Sam Bennett,Injured Reserve 8,ir8,Injured Reserve,ir,9.0,dtd,False,2026-02-04,,8477935.0
los-angeles-kings,seattle-kraken,Alex Turcotte,Injured Reserve 1,ir1,Injured Reserve,ir,15.0,ir,False,2026-02-04,,8481532.0
los-angeles-kings,seattle-kraken,Mikey Anderson,Injured Reserve 2,ir2,Injured Reserve,ir,44.0,dtd,False,2026-02-04,,8479998.0
minnesota-wild,nashville-predators,Jonas Brodin,Injured Reserve 1,ir1,Injured Reserve,ir,25.0,ir,False,2026-02-04,,8476463.0
montreal-canadiens,winnipeg-jets,Patrik Laine,Injured Reserve 1,ir1,Injured Reserve,ir,92.0,ir,False,2026-02-04,,8479339.0
montreal-canadiens,winnipeg-jets,Alex Newhook,Injured Reserve 2,ir2,Injured Reserve,ir,15.0,ir,False,2026-02-04,,8481618.0
montreal-canadiens,winnipeg-jets,David Reinbacher,Injured Reserve 3,ir3,Injured Reserve,ir,64.0,out,False,2026-02-04,,
montreal-canadiens,winnipeg-jets,Alexandre Texier,Injured Reserve 4,ir4,Injured Reserve,ir,85.0,dtd,False,2026-02-04,,8480074.0
nashville-predators,minnesota-wild,Nicolas Hague,Injured Reserve 1,ir1,Injured Reserve,ir,41.0,out,False,2026-02-04,,8479980.0
san-jose-sharks,colorado-avalanche,Ty Dellandrea,Injured Reserve 1,ir1,Injured Reserve,ir,10.0,ir,False,2026-02-04,,8480848.0
san-jose-sharks,colorado-avalanche,Kiefer Sherwood,Injured Reserve 2,ir2,Injured Reserve,ir,44.0,ir,False,2026-02-04,,8480748.0
san-jose-sharks,colorado-avalanche,Ryan Reaves,Injured Reserve 3,ir3,Injured Reserve,ir,75.0,ir,False,2026-02-04,,8471817.0
seattle-kraken,los-angeles-kings,Ben Meyers,Injured Reserve 1,ir1,Injured Reserve,ir,59.0,ir,False,2026-02-04,,8483570.0
seattle-kraken,los-angeles-kings,Matt Murray,Injured Reserve 2,ir2,Injured Reserve,ir,30.0,ir,False,2026-02-04,,
seattle-kraken,los-angeles-kings,Berkly Catton,Injured Reserve 3,ir3,Injured Reserve,ir,27.0,dtd,False,2026-02-04,,8484800.0
st-louis-blues,dallas-stars,Robert Thomas,Injured Reserve 1,ir1,Injured Reserve,ir,18.0,ir,False,2026-02-04,,8480023.0
st-louis-blues,dallas-stars,Dylan Holloway,Injured Reserve 2,ir2,Injured Reserve,ir,81.0,ir,False,2026-02-04,,8482077.0
utah-hockey-club,detroit-red-wings,Alex Kerfoot,Injured Reserve 1,ir1,Injured Reserve,ir,15.0,ir,False,2026-02-04,,
utah-hockey-club,detroit-red-wings,Logan Cooley,Injured Reserve 2,ir2,Injured Reserve,ir,92.0,ir,False,2026-02-04,,8483431.0
vancouver-canucks,vegas-golden-knights,Thatcher Demko,Injured Reserve 1,ir1,Injured Reserve,ir,35.0,ir,False,2026-02-04,,
vancouver-canucks,vegas-golden-knights,Derek Forbort,Injured Reserve 2,ir2,Injured Reserve,ir,27.0,ir,False,2026-02-04,,8475762.0
vancouver-canucks,vegas-golden-knights,Marco Rossi,Injured Reserve 3,ir3,Injured Reserve,ir,93.0,ir,False,2026-02-04,,8482079.0
vancouver-canucks,vegas-golden-knights,Brock Boeser,Injured Reserve 4,ir4,Injured Reserve,ir,6.0,ir,False,2026-02-04,,8478444.0
vancouver-canucks,vegas-golden-knights,Nils Hoglander,Injured Reserve 5,ir5,Injured Reserve,ir,21.0,dtd,False,2026-02-04,,
vancouver-canucks,vegas-golden-knights,Filip Chytil,Injured Reserve 6,ir6,Injured Reserve,ir,72.0,dtd,False,2026-02-04,,8480078.0
vancouver-canucks,vegas-golden-knights,Conor Garland,Injured Reserve 7,ir7,Injured Reserve,ir,8.0,dtd,False,2026-02-04,,8478856.0
vegas-golden-knights,vancouver-canucks,Alex Pietrangelo,Injured Reserve 1,ir1,Injured Reserve,ir,7.0,ir,False,2026-02-04,,
vegas-golden-knights,vancouver-canucks,Brett Howden,Injured Reserve 2,ir2,Injured Reserve,ir,21.0,ir,False,2026-02-04,,8479353.0
vegas-golden-knights,vancouver-canucks,Brandon Saad,Injured Reserve 3,ir3,Injured Reserve,ir,20.0,ir,False,2026-02-04,,8476438.0
vegas-golden-knights,vancouver-canucks,Brayden McNabb,Injured Reserve 4,ir4,Injured Reserve,ir,3.0,ir,False,2026-02-04,,8475188.0
vegas-golden-knights,vancouver-canucks,William Karlsson,Injured Reserve 5,ir5,Injured Reserve,ir,71.0,ir,False,2026-02-04,,8476448.0
vegas-golden-knights,vancouver-canucks,Carter Hart,Injured Reserve 6,ir6,Injured Reserve,ir,79.0,ir,False,2026-02-04,,
vegas-golden-knights,vancouver-canucks,Jonas Rondbjerg,Injured Reserve 7,ir7,Injured Reserve,ir,46.0,ir,False,2026-02-04,,
vegas-golden-knights,vancouver-canucks,Colton Sissons,Injured Reserve 8,ir8,Injured Reserve,ir,10.0,out,False,2026-02-04,,8476925.0
winnipeg-jets,montreal-canadiens,Haydn Fleury,Injured Reserve 1,ir1,Injured Reserve,ir,24.0,ir,False,2026-02-04,,8477938.0
winnipeg-jets,montreal-canadiens,Colin Miller,Injured Reserve 2,ir2,Injured Reserve,ir,6.0,ir,False,2026-02-04,,8476525.0
winnipeg-jets,montreal-canadiens,Neal Pionk,Injured Reserve 3,ir3,Injured Reserve,ir,4.0,ir,False,2026-02-04,,8480145.0
buffalo-sabres,pittsburgh-penguins,Conor Timmins,Injured Reserve 1,ir1,Injured Reserve,ir,21.0,ir,False,2026-02-05,,8479982.0
buffalo-sabres,pittsburgh-penguins,Josh Dunne,Injured Reserve 2,ir2,Injured Reserve,ir,,ir,False,2026-02-05,,8482623.0
buffalo-sabres,pittsburgh-penguins,Jiri Kulich,Injured Reserve 3,ir3,Injured Reserve,ir,20.0,ir,False,2026-02-05,,8483468.0
buffalo-sabres,pittsburgh-penguins,Justin Danforth,Injured Reserve 4,ir4,Injured Reserve,ir,15.0,ir,False,2026-02-05,,8479941.0
buffalo-sabres,pittsburgh-penguins,Josh Norris,Injured Reserve 5,ir5,Injured Reserve,ir,9.0,ir,False,2026-02-05,,8480064.0
buffalo-sabres,pittsburgh-penguins,Ukko-Pekka Luukkonen,Injured Reserve 6,ir6,Injured Reserve,ir,1.0,out,False,2026-02-05,,
buffalo-sabres,pittsburgh-penguins,Zach Benson,Injured Reserve 7,ir7,Injured Reserve,ir,6.0,dtd,False,2026-02-05,,8484145.0
carolina-hurricanes,new-york-rangers,Charles-Alexis Legault,Injured Reserve 1,ir1,Injured Reserve,ir,62.0,ir,False,2026-02-05,,
carolina-hurricanes,new-york-rangers,Pyotr Kochetkov,Injured Reserve 2,ir2,Injured Reserve,ir,52.0,ir,False,2026-02-05,,
carolina-hurricanes,new-york-rangers,Eric Robinson,Injured Reserve 3,ir3,Injured Reserve,ir,50.0,out,False,2026-02-05,,8480762.0
florida-panthers,tampa-bay-lightning,Aleksander Barkov,Injured Reserve 1,ir1,Injured Reserve,ir,16.0,ir,False,2026-02-05,,
florida-panthers,tampa-bay-lightning,Dmitry Kulikov,Injured Reserve 2,ir2,Injured Reserve,ir,7.0,ir,False,2026-02-05,,8475179.0
florida-panthers,tampa-bay-lightning,Jonah Gadjovich,Injured Reserve 3,ir3,Injured Reserve,ir,12.0,ir,False,2026-02-05,,8479981.0
florida-panthers,tampa-bay-lightning,Seth Jones,Injured Reserve 4,ir4,Injured Reserve,ir,3.0,ir,False,2026-02-05,,8477495.0
florida-panthers,tampa-bay-lightning,Tomas Nosek,Injured Reserve 5,ir5,Injured Reserve,ir,92.0,out,False,2026-02-05,,
florida-panthers,tampa-bay-lightning,Sandis Vilmanis,Injured Reserve 6,ir6,Injured Reserve,ir,95.0,dtd,False,2026-02-05,,
florida-panthers,tampa-bay-lightning,Tobias Bjornfot,Injured Reserve 7,ir7,Injured Reserve,ir,22.0,dtd,False,2026-02-05,,
los-angeles-kings,vegas-golden-knights,Alex Turcotte,Injured Reserve 1,ir1,Injured Reserve,ir,15.0,ir,False,2026-02-05,,8481532.0
los-angeles-kings,vegas-golden-knights,Mikey Anderson,Injured Reserve 2,ir2,Injured Reserve,ir,44.0,dtd,False,2026-02-05,,8479998.0
new-jersey-devils,new-york-islanders,Zack MacEwen,Injured Reserve 1,ir1,Injured Reserve,ir,,ir,False,2026-02-05,,8479772.0
new-jersey-devils,new-york-islanders,Stefan Noesen,Injured Reserve 2,ir2,Injured Reserve,ir,11.0,ir,False,2026-02-05,,8476474.0
new-jersey-devils,new-york-islanders,Luke Hughes,Injured Reserve 3,ir3,Injured Reserve,ir,43.0,ir,False,2026-02-05,,8482684.0
new-jersey-devils,new-york-islanders,Jack Hughes,Injured Reserve 4,ir4,Injured Reserve,ir,86.0,dtd,False,2026-02-05,,8481559.0
new-york-islanders,new-jersey-devils,Semyon Varlamov,Injured Reserve 1,ir1,Injured Reserve,ir,40.0,ir,False,2026-02-05,,
new-york-islanders,new-jersey-devils,Pierre Engvall,Injured Reserve 2,ir2,Injured Reserve,ir,18.0,ir,False,2026-02-05,,
new-york-islanders,new-jersey-devils,Alexander Romanov,Injured Reserve 3,ir3,Injured Reserve,ir,28.0,ir,False,2026-02-05,,8481014.0
new-york-islanders,new-jersey-devils,Kyle Palmieri,Injured Reserve 4,ir4,Injured Reserve,ir,21.0,ir,False,2026-02-05,,8475151.0
new-york-islanders,new-jersey-devils,Calum Ritchie,Injured Reserve 5,ir5,Injured Reserve,ir,64.0,dtd,False,2026-02-05,,8484221.0
new-york-rangers,carolina-hurricanes,Conor Sheary,Injured Reserve 1,ir1,Injured Reserve,ir,,ir,False,2026-02-05,,8477839.0
new-york-rangers,carolina-hurricanes,Adam Fox,Injured Reserve 2,ir2,Injured Reserve,ir,23.0,ir,False,2026-02-05,,8479323.0
new-york-rangers,carolina-hurricanes,Adam Edstrom,Injured Reserve 3,ir3,Injured Reserve,ir,84.0,ir,False,2026-02-05,,8481726.0
new-york-rangers,carolina-hurricanes,Igor Shesterkin,Injured Reserve 4,ir4,Injured Reserve,ir,31.0,ir,False,2026-02-05,,
new-york-rangers,carolina-hurricanes,Artemi Panarin,Injured Reserve 5,ir5,Injured Reserve,ir,10.0,out,False,2026-02-05,,8478550.0
ottawa-senators,philadelphia-flyers,David Perron,Injured Reserve 1,ir1,Injured Reserve,ir,57.0,out,False,2026-02-05,,8474102.0
ottawa-senators,philadelphia-flyers,Stephen Halliday,Injured Reserve 2,ir2,Injured Reserve,ir,83.0,dtd,False,2026-02-05,,8483676.0
philadelphia-flyers,ottawa-senators,Tyson Foerster,Injured Reserve 1,ir1,Injured Reserve,ir,71.0,ir,False,2026-02-05,,8482159.0
philadelphia-flyers,ottawa-senators,Rodrigo Abols,Injured Reserve 2,ir2,Injured Reserve,ir,18.0,ir,False,2026-02-05,,8479022.0
philadelphia-flyers,ottawa-senators,Samuel Ersson,Injured Reserve 3,ir3,Injured Reserve,ir,33.0,out,False,2026-02-05,,
pittsburgh-penguins,buffalo-sabres,Caleb Jones,Injured Reserve 1,ir1,Injured Reserve,ir,82.0,ir,False,2026-02-05,,8478452.0
pittsburgh-penguins,buffalo-sabres,Filip Hallander,Injured Reserve 2,ir2,Injured Reserve,ir,11.0,ir,False,2026-02-05,,8480842.0
pittsburgh-penguins,buffalo-sabres,Joel Blomqvist,Injured Reserve 3,ir3,Injured Reserve,ir,30.0,ir,False,2026-02-05,,
pittsburgh-penguins,buffalo-sabres,Ryan Graves,Injured Reserve 4,ir4,Injured Reserve,ir,27.0,ir,False,2026-02-05,,8477435.0
pittsburgh-penguins,buffalo-sabres,Jack St. Ivany,Injured Reserve 5,ir5,Injured Reserve,ir,,ir,False,2026-02-05,,
pittsburgh-penguins,buffalo-sabres,Kris Letang,Injured Reserve 6,ir6,Injured Reserve,ir,58.0,ir,False,2026-02-05,,8471724.0
pittsburgh-penguins,buffalo-sabres,Bryan Rust,Injured Reserve 7,ir7,Injured Reserve,ir,17.0,out,False,2026-02-05,,8475810.0
tampa-bay-lightning,florida-panthers,Brayden Point,Injured Reserve 1,ir1,Injured Reserve,ir,21.0,ir,False,2026-02-05,,8478010.0
tampa-bay-lightning,florida-panthers,Charle-Edouard D'Astous,Injured Reserve 2,ir2,Injured Reserve,ir,51.0,ir,False,2026-02-05,,8480426.0
tampa-bay-lightning,florida-panthers,Emil Lilleberg,Injured Reserve 3,ir3,Injured Reserve,ir,,ir,False,2026-02-05,,8482929.0
tampa-bay-lightning,florida-panthers,Anthony Cirelli,Injured Reserve 4,ir4,Injured Reserve,ir,71.0,dtd,False,2026-02-05,,8478519.0
tampa-bay-lightning,florida-panthers,Nick Paul,Injured Reserve 5,ir5,Injured Reserve,ir,20.0,dtd,False,2026-02-05,,8477426.0
vegas-golden-knights,los-angeles-kings,Alex Pietrangelo,Injured Reserve 1,ir1,Injured Reserve,ir,7.0,ir,False,2026-02-05,,
vegas-golden-knights,los-angeles-kings,Brett Howden,Injured Reserve 2,ir2,Injured Reserve,ir,21.0,ir,False,2026-02-05,,8479353.0
vegas-golden-knights,los-angeles-kings,Brandon Saad,Injured Reserve 3,ir3,Injured Reserve,ir,20.0,ir,False,2026-02-05,,8476438.0
vegas-golden-knights,los-angeles-kings,Brayden McNabb,Injured Reserve 4,ir4,Injured Reserve,ir,3.0,ir,False,2026-02-05,,8475188.0
vegas-golden-knights,los-angeles-kings,William Karlsson,Injured Reserve 5,ir5,Injured Reserve,ir,71.0,ir,False,2026-02-05,,8476448.0
vegas-golden-knights,los-angeles-kings,Carter Hart,Injured Reserve 6,ir6,Injured Reserve,ir,79.0,ir,False,2026-02-05,,
vegas-golden-knights,los-angeles-kings,Jonas Rondbjerg,Injured Reserve 7,ir7,Injured Reserve,ir,46.0,ir,False,2026-02-05,,
vegas-golden-knights,los-angeles-kings,Colton Sissons,Injured Reserve 8,ir8,Injured Reserve,ir,10.0,out,False,2026-02-05,,8476925.0
washington-capitals,nashville-predators,Pierre-Luc Dubois,Injured Reserve 1,ir1,Injured Reserve,ir,80.0,ir,False,2026-02-05,,8479400.0
washington-capitals,nashville-predators,Charlie Lindgren,Injured Reserve 2,ir2,Injured Reserve,ir,79.0,ir,False,2026-02-05,,
washington-capitals,nashville-predators,Connor McMichael,Injured Reserve 3,ir3,Injured Reserve,ir,24.0,ir,False,2026-02-05,,8481580.0
washington-capitals,nashville-predators,Logan Thompson,Injured Reserve 4,ir4,Injured Reserve,ir,48.0,dtd,False,2026-02-05,,
anaheim-ducks,edmonton-oilers,Petr Mrazek,Injured Reserve 1,ir1,Injured Reserve,ir,34.0,ir,False,2026-02-25,,
anaheim-ducks,edmonton-oilers,Frank Vatrano,Injured Reserve 2,ir2,Injured Reserve,ir,77.0,ir,False,2026-02-25,,8478366.0
anaheim-ducks,edmonton-oilers,Leo Carlsson,Injured Reserve 3,ir3,Injured Reserve,ir,91.0,ir,False,2026-02-25,,8484153.0
anaheim-ducks,edmonton-oilers,Mikael Granlund,Injured Reserve 4,ir4,Injured Reserve,ir,64.0,dtd,False,2026-02-25,,8475798.0
anaheim-ducks,edmonton-oilers,Jackson Lacombe,Injured Reserve 5,ir5,Injured Reserve,ir,2.0,dtd,False,2026-02-25,,
buffalo-sabres,new-jersey-devils,Conor Timmins,Injured Reserve 1,ir1,Injured Reserve,ir,21.0,ir,False,2026-02-25,,8479982.0
buffalo-sabres,new-jersey-devils,Josh Dunne,Injured Reserve 2,ir2,Injured Reserve,ir,,ir,False,2026-02-25,,8482623.0
buffalo-sabres,new-jersey-devils,Jiri Kulich,Injured Reserve 3,ir3,Injured Reserve,ir,20.0,ir,False,2026-02-25,,8483468.0
buffalo-sabres,new-jersey-devils,Justin Danforth,Injured Reserve 4,ir4,Injured Reserve,ir,15.0,ir,False,2026-02-25,,8479941.0
buffalo-sabres,new-jersey-devils,Josh Norris,Injured Reserve 5,ir5,Injured Reserve,ir,9.0,ir,False,2026-02-25,,8480064.0
buffalo-sabres,new-jersey-devils,Ukko-Pekka Luukkonen,Injured Reserve 6,ir6,Injured Reserve,ir,1.0,ir,False,2026-02-25,,
buffalo-sabres,new-jersey-devils,Zach Benson,Injured Reserve 7,ir7,Injured Reserve,ir,6.0,out,False,2026-02-25,,8484145.0
buffalo-sabres,new-jersey-devils,Jordan Greenway,Injured Reserve 8,ir8,Injured Reserve,ir,12.0,dtd,False,2026-02-25,,8478413.0
colorado-avalanche,utah-hockey-club,Logan O'Connor,Injured Reserve 1,ir1,Injured Reserve,ir,25.0,out,False,2026-02-25,,
colorado-avalanche,utah-hockey-club,Brock Nelson,Injured Reserve 2,ir2,Injured Reserve,ir,11.0,dtd,False,2026-02-25,,8475754.0
dallas-stars,seattle-kraken,Tyler Seguin,Injured Reserve 1,ir1,Injured Reserve,ir,91.0,ir,False,2026-02-25,,8475794.0
dallas-stars,seattle-kraken,Lian Bichsel,Injured Reserve 2,ir2,Injured Reserve,ir,6.0,ir,False,2026-02-25,,8483425.0
dallas-stars,seattle-kraken,Mikko Rantanen,Injured Reserve 3,ir3,Injured Reserve,ir,96.0,ir,False,2026-02-25,,8478420.0
dallas-stars,seattle-kraken,Radek Faksa,Injured Reserve 4,ir4,Injured Reserve,ir,12.0,ir,False,2026-02-25,,8476889.0
dallas-stars,seattle-kraken,Jake Oettinger,Injured Reserve 5,ir5,Injured Reserve,ir,29.0,dtd,False,2026-02-25,,
dallas-stars,seattle-kraken,Roope Hintz,Injured Reserve 6,ir6,Injured Reserve,ir,24.0,dtd,False,2026-02-25,,8478449.0
edmonton-oilers,anaheim-ducks,Adam Henrique,Injured Reserve 1,ir1,Injured Reserve,ir,19.0,dtd,False,2026-02-25,,8474641.0
edmonton-oilers,anaheim-ducks,Connor McDavid,Injured Reserve 2,ir2,Injured Reserve,ir,97.0,dtd,False,2026-02-25,,8478402.0
los-angeles-kings,vegas-golden-knights,Alex Turcotte,Injured Reserve 1,ir1,Injured Reserve,ir,15.0,ir,False,2026-02-25,,8481532.0
los-angeles-kings,vegas-golden-knights,Kevin Fiala,Injured Reserve 2,ir2,Injured Reserve,ir,22.0,ir,False,2026-02-25,,8477942.0
los-angeles-kings,vegas-golden-knights,Mikey Anderson,Injured Reserve 3,ir3,Injured Reserve,ir,44.0,dtd,False,2026-02-25,,8479998.0
los-angeles-kings,vegas-golden-knights,Drew Doughty,Injured Reserve 4,ir4,Injured Reserve,ir,8.0,dtd,False,2026-02-25,,8474563.0
new-jersey-devils,buffalo-sabres,Zack MacEwen,Injured Reserve 1,ir1,Injured Reserve,ir,,ir,False,2026-02-25,,8479772.0
new-jersey-devils,buffalo-sabres,Stefan Noesen,Injured Reserve 2,ir2,Injured Reserve,ir,11.0,ir,False,2026-02-25,,8476474.0
new-jersey-devils,buffalo-sabres,Luke Hughes,Injured Reserve 3,ir3,Injured Reserve,ir,43.0,ir,False,2026-02-25,,8482684.0
new-jersey-devils,buffalo-sabres,Jack Hughes,Injured Reserve 4,ir4,Injured Reserve,ir,86.0,dtd,False,2026-02-25,,8481559.0
new-jersey-devils,buffalo-sabres,Timo Meier,Injured Reserve 5,ir5,Injured Reserve,ir,28.0,dtd,False,2026-02-25,,8478414.0
new-jersey-devils,buffalo-sabres,Jonas Siegenthaler,Injured Reserve 6,ir6,Injured Reserve,ir,71.0,dtd,False,2026-02-25,,8478399.0
philadelphia-flyers,washington-capitals,Tyson Foerster,Injured Reserve 1,ir1,Injured Reserve,ir,71.0,ir,False,2026-02-25,,8482159.0
philadelphia-flyers,washington-capitals,Rodrigo Abols,Injured Reserve 2,ir2,Injured Reserve,ir,18.0,ir,False,2026-02-25,,8479022.0
philadelphia-flyers,washington-capitals,Samuel Ersson,Injured Reserve 3,ir3,Injured Reserve,ir,33.0,out,False,2026-02-25,,
philadelphia-flyers,washington-capitals,Travis Sanheim,Injured Reserve 4,ir4,Injured Reserve,ir,6.0,dtd,False,2026-02-25,,8477948.0
seattle-kraken,dallas-stars,Ben Meyers,Injured Reserve 1,ir1,Injured Reserve,ir,59.0,ir,False,2026-02-25,,8483570.0
seattle-kraken,dallas-stars,Matt Murray,Injured Reserve 2,ir2,Injured Reserve,ir,30.0,ir,False,2026-02-25,,
seattle-kraken,dallas-stars,Berkly Catton,Injured Reserve 3,ir3,Injured Reserve,ir,27.0,ir,False,2026-02-25,,8484800.0
seattle-kraken,dallas-stars,Jaden Schwartz,Injured Reserve 4,ir4,Injured Reserve,ir,17.0,dtd,False,2026-02-25,,8475768.0
tampa-bay-lightning,toronto-maple-leafs,Emil Lilleberg,Injured Reserve 1,ir1,Injured Reserve,ir,,ir,False,2026-02-25,,8482929.0
tampa-bay-lightning,toronto-maple-leafs,Maxwell Crozier,Injured Reserve 2,ir2,Injured Reserve,ir,24.0,ir,False,2026-02-25,,
tampa-bay-lightning,toronto-maple-leafs,Nick Paul,Injured Reserve 3,ir3,Injured Reserve,ir,20.0,out,False,2026-02-25,,8477426.0
tampa-bay-lightning,toronto-maple-leafs,Anthony Cirelli,Injured Reserve 4,ir4,Injured Reserve,ir,71.0,dtd,False,2026-02-25,,8478519.0
toronto-maple-leafs,tampa-bay-lightning,Chris Tanev,Injured Reserve 1,ir1,Injured Reserve,ir,8.0,ir,False,2026-02-25,,8475690.0
toronto-maple-leafs,tampa-bay-lightning,Dakota Mermis,Injured Reserve 2,ir2,Injured Reserve,ir,36.0,ir,False,2026-02-25,,8477541.0
toronto-maple-leafs,tampa-bay-lightning,Auston Matthews,Injured Reserve 3,ir3,Injured Reserve,ir,34.0,dtd,False,2026-02-25,,8479318.0
toronto-maple-leafs,tampa-bay-lightning,John Tavares,Injured Reserve 4,ir4,Injured Reserve,ir,91.0,dtd,False,2026-02-25,,8475166.0
utah-hockey-club,colorado-avalanche,Alex Kerfoot,Injured Reserve 1,ir1,Injured Reserve,ir,15.0,ir,False,2026-02-25,,
utah-hockey-club,colorado-avalanche,Logan Cooley,Injured Reserve 2,ir2,Injured Reserve,ir,92.0,ir,False,2026-02-25,,8483431.0
utah-hockey-club,colorado-avalanche,Jack McBain,Injured Reserve 3,ir3,Injured Reserve,ir,22.0,dtd,False,2026-02-25,,8480855.0
vancouver-canucks,winnipeg-jets,Thatcher Demko,Injured Reserve 1,ir1,Injured Reserve,ir,35.0,ir,False,2026-02-25,,
vancouver-canucks,winnipeg-jets,Derek Forbort,Injured Reserve 2,ir2,Injured Reserve,ir,27.0,ir,False,2026-02-25,,8475762.0
vancouver-canucks,winnipeg-jets,Marco Rossi,Injured Reserve 3,ir3,Injured Reserve,ir,93.0,ir,False,2026-02-25,,8482079.0
vancouver-canucks,winnipeg-jets,Brock Boeser,Injured Reserve 4,ir4,Injured Reserve,ir,6.0,ir,False,2026-02-25,,8478444.0
vancouver-canucks,winnipeg-jets,Nils Hoglander,Injured Reserve 5,ir5,Injured Reserve,ir,21.0,dtd,False,2026-02-25,,
vancouver-canucks,winnipeg-jets,Filip Chytil,Injured Reserve 6,ir6,Injured Reserve,ir,72.0,dtd,False,2026-02-25,,8480078.0
vancouver-canucks,winnipeg-jets,Kevin Lankinen,Injured Reserve 7,ir7,Injured Reserve,ir,32.0,dtd,False,2026-02-25,,
vegas-golden-knights,los-angeles-kings,Brett Howden,Injured Reserve 1,ir1,Injured Reserve,ir,21.0,ir,False,2026-02-25,,8479353.0
vegas-golden-knights,los-angeles-kings,William Karlsson,Injured Reserve 2,ir2,Injured Reserve,ir,71.0,ir,False,2026-02-25,,8476448.0
vegas-golden-knights,los-angeles-kings,Carter Hart,Injured Reserve 3,ir3,Injured Reserve,ir,79.0,ir,False,2026-02-25,,
vegas-golden-knights,los-angeles-kings,Jack Eichel,Injured Reserve 4,ir4,Injured Reserve,ir,9.0,dtd,False,2026-02-25,,8478403.0
vegas-golden-knights,los-angeles-kings,Noah Hanifin,Injured Reserve 5,ir5,Injured Reserve,ir,15.0,dtd,False,2026-02-25,,8478396.0
vegas-golden-knights,los-angeles-kings,Mark Stone,Injured Reserve 6,ir6,Injured Reserve,ir,61.0,dtd,False,2026-02-25,,8475913.0
vegas-golden-knights,los-angeles-kings,Mitch Marner,Injured Reserve 7,ir7,Injured Reserve,ir,16.0,dtd,False,2026-02-25,,8478483.0
vegas-golden-knights,los-angeles-kings,Shea Theodore,Injured Reserve 8,ir8,Injured Reserve,ir,27.0,dtd,False,2026-02-25,,8477447.0
washington-capitals,philadelphia-flyers,Connor McMichael,Injured Reserve 1,ir1,Injured Reserve,ir,24.0,ir,False,2026-02-25,,8481580.0
washington-capitals,philadelphia-flyers,John Carlson,Injured Reserve 2,ir2,Injured Reserve,ir,74.0,dtd,False,2026-02-25,,8474590.0
washington-capitals,philadelphia-flyers,Sonny Milano,Injured Reserve 3,ir3,Injured Reserve,ir,15.0,dtd,False,2026-02-25,,8477947.0
winnipeg-jets,vancouver-canucks,Haydn Fleury,Injured Reserve 1,ir1,Injured Reserve,ir,24.0,ir,False,2026-02-25,,8477938.0
winnipeg-jets,vancouver-canucks,Colin Miller,Injured Reserve 2,ir2,Injured Reserve,ir,6.0,ir,False,2026-02-25,,8476525.0
winnipeg-jets,vancouver-canucks,Neal Pionk,Injured Reserve 3,ir3,Injured Reserve,ir,4.0,ir,False,2026-02-25,,8480145.0
winnipeg-jets,vancouver-canucks,Josh Morrissey,Injured Reserve 4,ir4,Injured Reserve,ir,44.0,ir,False,2026-02-25,,8477504.0
boston-bruins,columbus-blue-jackets,Jordan Harris,Injured Reserve 1,ir1,Injured Reserve,ir,43.0,ir,False,2026-02-26,,8480887.0
calgary-flames,san-jose-sharks,Jonathan Huberdeau,Injured Reserve 1,ir1,Injured Reserve,ir,10.0,ir,False,2026-02-26,,8476456.0
calgary-flames,san-jose-sharks,Samuel Honzek,Injured Reserve 2,ir2,Injured Reserve,ir,29.0,ir,False,2026-02-26,,8484180.0
calgary-flames,san-jose-sharks,Jake Bean,Injured Reserve 3,ir3,Injured Reserve,ir,24.0,ir,False,2026-02-26,,8479402.0
carolina-hurricanes,tampa-bay-lightning,Charles-Alexis Legault,Injured Reserve 1,ir1,Injured Reserve,ir,62.0,ir,False,2026-02-26,,
carolina-hurricanes,tampa-bay-lightning,Pyotr Kochetkov,Injured Reserve 2,ir2,Injured Reserve,ir,52.0,ir,False,2026-02-26,,
carolina-hurricanes,tampa-bay-lightning,Eric Robinson,Injured Reserve 3,ir3,Injured Reserve,ir,50.0,out,False,2026-02-26,,8480762.0
chicago-blackhawks,nashville-predators,Wyatt Kaiser,Injured Reserve 1,ir1,Injured Reserve,ir,,ir,False,2026-02-26,,8482176.0
chicago-blackhawks,nashville-predators,Colton Dach,Injured Reserve 2,ir2,Injured Reserve,ir,34.0,dtd,False,2026-02-26,,8482703.0
colorado-avalanche,minnesota-wild,Logan O'Connor,Injured Reserve 1,ir1,Injured Reserve,ir,25.0,out,False,2026-02-26,,
colorado-avalanche,minnesota-wild,Nathan MacKinnon,Injured Reserve 2,ir2,Injured Reserve,ir,29.0,dtd,False,2026-02-26,,8477492.0
columbus-blue-jackets,boston-bruins,Brendan Smith,Injured Reserve 1,ir1,Injured Reserve,ir,2.0,ir,False,2026-02-26,,
columbus-blue-jackets,boston-bruins,Kirill Marchenko,Injured Reserve 2,ir2,Injured Reserve,ir,86.0,dtd,False,2026-02-26,,8480893.0
detroit-red-wings,ottawa-senators,Simon Edvinsson,Injured Reserve 1,ir1,Injured Reserve,ir,77.0,ir,False,2026-02-26,,8482762.0
florida-panthers,toronto-maple-leafs,Aleksander Barkov,Injured Reserve 1,ir1,Injured Reserve,ir,16.0,ir,False,2026-02-26,,
florida-panthers,toronto-maple-leafs,Dmitry Kulikov,Injured Reserve 2,ir2,Injured Reserve,ir,7.0,ir,False,2026-02-26,,8475179.0
florida-panthers,toronto-maple-leafs,Jonah Gadjovich,Injured Reserve 3,ir3,Injured Reserve,ir,12.0,ir,False,2026-02-26,,8479981.0
florida-panthers,toronto-maple-leafs,Seth Jones,Injured Reserve 4,ir4,Injured Reserve,ir,3.0,ir,False,2026-02-26,,8477495.0
florida-panthers,toronto-maple-leafs,Tobias Bjornfot,Injured Reserve 5,ir5,Injured Reserve,ir,22.0,ir,False,2026-02-26,,
los-angeles-kings,edmonton-oilers,Kevin Fiala,Injured Reserve 1,ir1,Injured Reserve,ir,22.0,ir,False,2026-02-26,,8477942.0
minnesota-wild,colorado-avalanche,Jonas Brodin,Injured Reserve 1,ir1,Injured Reserve,ir,25.0,ir,False,2026-02-26,,8476463.0
montreal-canadiens,new-york-islanders,Patrik Laine,Injured Reserve 1,ir1,Injured Reserve,ir,92.0,ir,False,2026-02-26,,8479339.0
montreal-canadiens,new-york-islanders,Alex Newhook,Injured Reserve 2,ir2,Injured Reserve,ir,15.0,ir,False,2026-02-26,,8481618.0
montreal-canadiens,new-york-islanders,David Reinbacher,Injured Reserve 3,ir3,Injured Reserve,ir,64.0,out,False,2026-02-26,,
new-jersey-devils,pittsburgh-penguins,Zack MacEwen,Injured Reserve 1,ir1,Injured Reserve,ir,,ir,False,2026-02-26,,8479772.0
new-jersey-devils,pittsburgh-penguins,Stefan Noesen,Injured Reserve 2,ir2,Injured Reserve,ir,11.0,ir,False,2026-02-26,,8476474.0
new-jersey-devils,pittsburgh-penguins,Luke Hughes,Injured Reserve 3,ir3,Injured Reserve,ir,43.0,ir,False,2026-02-26,,8482684.0
new-york-islanders,montreal-canadiens,Semyon Varlamov,Injured Reserve 1,ir1,Injured Reserve,ir,40.0,ir,False,2026-02-26,,
new-york-islanders,montreal-canadiens,Pierre Engvall,Injured Reserve 2,ir2,Injured Reserve,ir,18.0,ir,False,2026-02-26,,
new-york-islanders,montreal-canadiens,Alexander Romanov,Injured Reserve 3,ir3,Injured Reserve,ir,28.0,ir,False,2026-02-26,,8481014.0
new-york-islanders,montreal-canadiens,Kyle Palmieri,Injured Reserve 4,ir4,Injured Reserve,ir,21.0,ir,False,2026-02-26,,8475151.0
new-york-rangers,philadelphia-flyers,Conor Sheary,Injured Reserve 1,ir1,Injured Reserve,ir,,ir,False,2026-02-26,,8477839.0
new-york-rangers,philadelphia-flyers,Adam Fox,Injured Reserve 2,ir2,Injured Reserve,ir,23.0,ir,False,2026-02-26,,8479323.0
new-york-rangers,philadelphia-flyers,Adam Edstrom,Injured Reserve 3,ir3,Injured Reserve,ir,84.0,ir,False,2026-02-26,,8481726.0
new-york-rangers,philadelphia-flyers,Igor Shesterkin,Injured Reserve 4,ir4,Injured Reserve,ir,31.0,ir,False,2026-02-26,,
new-york-rangers,philadelphia-flyers,Matt Rempe,Injured Reserve 5,ir5,Injured Reserve,ir,73.0,ir,False,2026-02-26,,8482460.0
new-york-rangers,philadelphia-flyers,Mika Zibanejad,Injured Reserve 6,ir6,Injured Reserve,ir,93.0,dtd,False,2026-02-26,,8476459.0
ottawa-senators,detroit-red-wings,David Perron,Injured Reserve 1,ir1,Injured Reserve,ir,57.0,out,False,2026-02-26,,8474102.0
ottawa-senators,detroit-red-wings,Stephen Halliday,Injured Reserve 2,ir2,Injured Reserve,ir,83.0,dtd,False,2026-02-26,,8483676.0
ottawa-senators,detroit-red-wings,Brady Tkachuk,Injured Reserve 3,ir3,Injured Reserve,ir,7.0,dtd,False,2026-02-26,,8480801.0
ottawa-senators,detroit-red-wings,Tim Stützle,Injured Reserve 4,ir4,Injured Reserve,ir,18.0,dtd,False,2026-02-26,,8482116.0
ottawa-senators,detroit-red-wings,Jake Sanderson,Injured Reserve 5,ir5,Injured Reserve,ir,85.0,dtd,False,2026-02-26,,8482105.0
philadelphia-flyers,new-york-rangers,Tyson Foerster,Injured Reserve 1,ir1,Injured Reserve,ir,71.0,ir,False,2026-02-26,,8482159.0
philadelphia-flyers,new-york-rangers,Rodrigo Abols,Injured Reserve 2,ir2,Injured Reserve,ir,18.0,ir,False,2026-02-26,,8479022.0
pittsburgh-penguins,new-jersey-devils,Sidney Crosby,Injured Reserve 1,ir1,Injured Reserve,ir,87.0,ir,False,2026-02-26,,8471675.0
pittsburgh-penguins,new-jersey-devils,Filip Hallander,Injured Reserve 2,ir2,Injured Reserve,ir,11.0,ir,False,2026-02-26,,8480842.0
pittsburgh-penguins,new-jersey-devils,Joel Blomqvist,Injured Reserve 3,ir3,Injured Reserve,ir,30.0,ir,False,2026-02-26,,
pittsburgh-penguins,new-jersey-devils,Ryan Graves,Injured Reserve 4,ir4,Injured Reserve,ir,27.0,ir,False,2026-02-26,,8477435.0
pittsburgh-penguins,new-jersey-devils,Jack St. Ivany,Injured Reserve 5,ir5,Injured Reserve,ir,,ir,False,2026-02-26,,
san-jose-sharks,calgary-flames,Ty Dellandrea,Injured Reserve 1,ir1,Injured Reserve,ir,10.0,ir,False,2026-02-26,,8480848.0
san-jose-sharks,calgary-flames,Ryan Reaves,Injured Reserve 2,ir2,Injured Reserve,ir,75.0,ir,False,2026-02-26,,8471817.0
seattle-kraken,st-louis-blues,Ben Meyers,Injured Reserve 1,ir1,Injured Reserve,ir,59.0,ir,False,2026-02-26,,8483570.0
seattle-kraken,st-louis-blues,Matt Murray,Injured Reserve 2,ir2,Injured Reserve,ir,30.0,ir,False,2026-02-26,,
seattle-kraken,st-louis-blues,Kaapo Kakko,Injured Reserve 3,ir3,Injured Reserve,ir,84.0,dtd,False,2026-02-26,,8481554.0
st-louis-blues,seattle-kraken,Robert Thomas,Injured Reserve 1,ir1,Injured Reserve,ir,18.0,ir,False,2026-02-26,,8480023.0
st-louis-blues,seattle-kraken,Dylan Holloway,Injured Reserve 2,ir2,Injured Reserve,ir,81.0,ir,False,2026-02-26,,8482077.0
st-louis-blues,seattle-kraken,Brayden Schenn,Injured Reserve 3,ir3,Injured Reserve,ir,10.0,dtd,False,2026-02-26,,8475170.0
st-louis-blues,seattle-kraken,Oskar Sundqvist,Injured Reserve 4,ir4,Injured Reserve,ir,70.0,dtd,False,2026-02-26,,8476897.0
tampa-bay-lightning,carolina-hurricanes,Maxwell Crozier,Injured Reserve 2,ir2,Injured Reserve,ir,24.0,ir,False,2026-02-26,,
tampa-bay-lightning,carolina-hurricanes,Nick Paul,Injured Reserve 3,ir3,Injured Reserve,ir,20.0,out,False,2026-02-26,,8477426.0
tampa-bay-lightning,carolina-hurricanes,Anthony Cirelli,Injured Reserve 4,ir4,Injured Reserve,ir,71.0,dtd,False,2026-02-26,,8478519.0
toronto-maple-leafs,florida-panthers,Chris Tanev,Injured Reserve 1,ir1,Injured Reserve,ir,8.0,ir,False,2026-02-26,,8475690.0
toronto-maple-leafs,florida-panthers,Dakota Mermis,Injured Reserve 2,ir2,Injured Reserve,ir,36.0,ir,False,2026-02-26,,8477541.0
anaheim-ducks,winnipeg-jets,Petr Mrazek,Injured Reserve 1,ir1,Injured Reserve,ir,34.0,ir,False,2026-02-27,,
anaheim-ducks,winnipeg-jets,Frank Vatrano,Injured Reserve 2,ir2,Injured Reserve,ir,77.0,ir,False,2026-02-27,,8478366.0
anaheim-ducks,winnipeg-jets,Mikael Granlund,Injured Reserve 3,ir3,Injured Reserve,ir,64.0,dtd,False,2026-02-27,,8475798.0
buffalo-sabres,florida-panthers,Conor Timmins,Injured Reserve 1,ir1,Injured Reserve,ir,21.0,ir,False,2026-02-27,,8479982.0
buffalo-sabres,florida-panthers,Jordan Greenway,Injured Reserve 2,ir2,Injured Reserve,ir,12.0,ir,False,2026-02-27,,8478413.0
buffalo-sabres,florida-panthers,Jiri Kulich,Injured Reserve 3,ir3,Injured Reserve,ir,20.0,ir,False,2026-02-27,,8483468.0
buffalo-sabres,florida-panthers,Justin Danforth,Injured Reserve 4,ir4,Injured Reserve,ir,15.0,ir,False,2026-02-27,,8479941.0
buffalo-sabres,florida-panthers,Zach Benson,Injured Reserve 5,ir5,Injured Reserve,ir,6.0,ir,False,2026-02-27,,8484145.0
florida-panthers,buffalo-sabres,Aleksander Barkov,Injured Reserve 1,ir1,Injured Reserve,ir,16.0,ir,False,2026-02-27,,
florida-panthers,buffalo-sabres,Dmitry Kulikov,Injured Reserve 2,ir2,Injured Reserve,ir,7.0,ir,False,2026-02-27,,8475179.0
florida-panthers,buffalo-sabres,Jonah Gadjovich,Injured Reserve 3,ir3,Injured Reserve,ir,12.0,ir,False,2026-02-27,,8479981.0
florida-panthers,buffalo-sabres,Seth Jones,Injured Reserve 4,ir4,Injured Reserve,ir,3.0,ir,False,2026-02-27,,8477495.0
florida-panthers,buffalo-sabres,Tobias Bjornfot,Injured Reserve 5,ir5,Injured Reserve,ir,22.0,ir,False,2026-02-27,,
minnesota-wild,utah-hockey-club,Jonas Brodin,Injured Reserve 1,ir1,Injured Reserve,ir,25.0,ir,False,2026-02-27,,8476463.0
utah-hockey-club,minnesota-wild,Michael Carcone,Injured Reserve 1,ir1,Injured Reserve,ir,53.0,dtd,False,2026-02-27,,8479619.0
vegas-golden-knights,washington-capitals,Brett Howden,Injured Reserve 1,ir1,Injured Reserve,ir,21.0,ir,False,2026-02-27,,8479353.0
vegas-golden-knights,washington-capitals,William Karlsson,Injured Reserve 2,ir2,Injured Reserve,ir,71.0,ir,False,2026-02-27,,8476448.0
vegas-golden-knights,washington-capitals,Carter Hart,Injured Reserve 3,ir3,Injured Reserve,ir,79.0,ir,False,2026-02-27,,
vegas-golden-knights,washington-capitals,Jack Eichel,Injured Reserve 4,ir4,Injured Reserve,ir,9.0,dtd,False,2026-02-27,,8478403.0
vegas-golden-knights,washington-capitals,Noah Hanifin,Injured Reserve 5,ir5,Injured Reserve,ir,15.0,dtd,False,2026-02-27,,8478396.0
vegas-golden-knights,washington-capitals,Mark Stone,Injured Reserve 6,ir6,Injured Reserve,ir,61.0,dtd,False,2026-02-27,,8475913.0
vegas-golden-knights,washington-capitals,Mitch Marner,Injured Reserve 7,ir7,Injured Reserve,ir,16.0,dtd,False,2026-02-27,,8478483.0
vegas-golden-knights,washington-capitals,Shea Theodore,Injured Reserve 8,ir8,Injured Reserve,ir,27.0,dtd,False,2026-02-27,,8477447.0
washington-capitals,vegas-golden-knights,John Carlson,Injured Reserve 2,ir2,Injured Reserve,ir,74.0,dtd,False,2026-02-27,,8474590.0
washington-capitals,vegas-golden-knights,Sonny Milano,Injured Reserve 3,ir3,Injured Reserve,ir,15.0,dtd,False,2026-02-27,,8477947.0
winnipeg-jets,anaheim-ducks,Haydn Fleury,Injured Reserve 1,ir1,Injured Reserve,ir,24.0,ir,False,2026-02-27,,8477938.0
winnipeg-jets,anaheim-ducks,Colin Miller,Injured Reserve 2,ir2,Injured Reserve,ir,6.0,ir,False,2026-02-27,,8476525.0
winnipeg-jets,anaheim-ducks,Neal Pionk,Injured Reserve 3,ir3,Injured Reserve,ir,4.0,ir,False,2026-02-27,,8480145.0
winnipeg-jets,anaheim-ducks,Josh Morrissey,Injured Reserve 4,ir4,Injured Reserve,ir,44.0,ir,False,2026-02-27,,8477504.0
winnipeg-jets,anaheim-ducks,Nino Niederreiter,Injured Reserve 5,ir5,Injured Reserve,ir,62.0,out,False,2026-02-27,,8475799.0
boston-bruins,philadelphia-flyers,Jordan Harris,Injured Reserve 1,ir1,Injured Reserve,ir,43.0,ir,False,2026-02-28,,8480887.0
boston-bruins,philadelphia-flyers,Jeremy Swayman,Injured Reserve 2,ir2,Injured Reserve,ir,1.0,dtd,False,2026-02-28,,
buffalo-sabres,tampa-bay-lightning,Conor Timmins,Injured Reserve 1,ir1,Injured Reserve,ir,21.0,ir,False,2026-02-28,,8479982.0
buffalo-sabres,tampa-bay-lightning,Jordan Greenway,Injured Reserve 2,ir2,Injured Reserve,ir,12.0,ir,False,2026-02-28,,8478413.0
buffalo-sabres,tampa-bay-lightning,Jiri Kulich,Injured Reserve 3,ir3,Injured Reserve,ir,20.0,ir,False,2026-02-28,,8483468.0
buffalo-sabres,tampa-bay-lightning,Justin Danforth,Injured Reserve 4,ir4,Injured Reserve,ir,15.0,ir,False,2026-02-28,,8479941.0
buffalo-sabres,tampa-bay-lightning,Zach Benson,Injured Reserve 5,ir5,Injured Reserve,ir,6.0,ir,False,2026-02-28,,8484145.0
calgary-flames,los-angeles-kings,Jonathan Huberdeau,Injured Reserve 1,ir1,Injured Reserve,ir,10.0,ir,False,2026-02-28,,8476456.0
calgary-flames,los-angeles-kings,Samuel Honzek,Injured Reserve 2,ir2,Injured Reserve,ir,29.0,ir,False,2026-02-28,,8484180.0
calgary-flames,los-angeles-kings,Jake Bean,Injured Reserve 3,ir3,Injured Reserve,ir,24.0,ir,False,2026-02-28,,8479402.0
carolina-hurricanes,detroit-red-wings,Charles-Alexis Legault,Injured Reserve 1,ir1,Injured Reserve,ir,62.0,ir,False,2026-02-28,,
carolina-hurricanes,detroit-red-wings,Pyotr Kochetkov,Injured Reserve 2,ir2,Injured Reserve,ir,52.0,ir,False,2026-02-28,,
chicago-blackhawks,colorado-avalanche,Wyatt Kaiser,Injured Reserve 1,ir1,Injured Reserve,ir,,ir,False,2026-02-28,,8482176.0
chicago-blackhawks,colorado-avalanche,Colton Dach,Injured Reserve 2,ir2,Injured Reserve,ir,34.0,dtd,False,2026-02-28,,8482703.0
colorado-avalanche,chicago-blackhawks,Logan O'Connor,Injured Reserve 1,ir1,Injured Reserve,ir,25.0,out,False,2026-02-28,,
colorado-avalanche,chicago-blackhawks,Joel Kiviranta,Injured Reserve 2,ir2,Injured Reserve,ir,94.0,dtd,False,2026-02-28,,8481641.0
columbus-blue-jackets,new-york-islanders,Brendan Smith,Injured Reserve 1,ir1,Injured Reserve,ir,2.0,ir,False,2026-02-28,,
dallas-stars,nashville-predators,Tyler Seguin,Injured Reserve 1,ir1,Injured Reserve,ir,91.0,ir,False,2026-02-28,,8475794.0
dallas-stars,nashville-predators,Lian Bichsel,Injured Reserve 2,ir2,Injured Reserve,ir,6.0,ir,False,2026-02-28,,8483425.0
dallas-stars,nashville-predators,Mikko Rantanen,Injured Reserve 3,ir3,Injured Reserve,ir,96.0,ir,False,2026-02-28,,8478420.0
dallas-stars,nashville-predators,Radek Faksa,Injured Reserve 4,ir4,Injured Reserve,ir,12.0,ir,False,2026-02-28,,8476889.0
dallas-stars,nashville-predators,Roope Hintz,Injured Reserve 5,ir5,Injured Reserve,ir,24.0,dtd,False,2026-02-28,,8478449.0
edmonton-oilers,san-jose-sharks,Mattias Janmark,Injured Reserve 1,ir1,Injured Reserve,ir,13.0,out,False,2026-02-28,,8477406.0
los-angeles-kings,calgary-flames,Kevin Fiala,Injured Reserve 1,ir1,Injured Reserve,ir,22.0,ir,False,2026-02-28,,8477942.0
los-angeles-kings,calgary-flames,Andrei Kuzmenko,Injured Reserve 2,ir2,Injured Reserve,ir,96.0,dtd,False,2026-02-28,,8483808.0
los-angeles-kings,calgary-flames,Joel Armia,Injured Reserve 3,ir3,Injured Reserve,ir,40.0,dtd,False,2026-02-28,,8476469.0
los-angeles-kings,calgary-flames,Drew Doughty,Injured Reserve 4,ir4,Injured Reserve,ir,8.0,dtd,False,2026-02-28,,8474563.0
montreal-canadiens,washington-capitals,Patrik Laine,Injured Reserve 1,ir1,Injured Reserve,ir,92.0,ir,False,2026-02-28,,8479339.0
montreal-canadiens,washington-capitals,David Reinbacher,Injured Reserve 2,ir2,Injured Reserve,ir,64.0,out,False,2026-02-28,,
new-jersey-devils,st-louis-blues,Zack MacEwen,Injured Reserve 1,ir1,Injured Reserve,ir,,ir,False,2026-02-28,,8479772.0
new-jersey-devils,st-louis-blues,Stefan Noesen,Injured Reserve 2,ir2,Injured Reserve,ir,11.0,ir,False,2026-02-28,,8476474.0
new-jersey-devils,st-louis-blues,Luke Hughes,Injured Reserve 3,ir3,Injured Reserve,ir,43.0,ir,False,2026-02-28,,8482684.0
new-york-islanders,columbus-blue-jackets,Semyon Varlamov,Injured Reserve 1,ir1,Injured Reserve,ir,40.0,ir,False,2026-02-28,,
new-york-islanders,columbus-blue-jackets,Pierre Engvall,Injured Reserve 2,ir2,Injured Reserve,ir,18.0,ir,False,2026-02-28,,
new-york-islanders,columbus-blue-jackets,Alexander Romanov,Injured Reserve 3,ir3,Injured Reserve,ir,28.0,ir,False,2026-02-28,,8481014.0
new-york-islanders,columbus-blue-jackets,Kyle Palmieri,Injured Reserve 4,ir4,Injured Reserve,ir,21.0,ir,False,2026-02-28,,8475151.0
new-york-rangers,pittsburgh-penguins,Adam Edstrom,Injured Reserve 1,ir1,Injured Reserve,ir,84.0,ir,False,2026-02-28,,8481726.0
new-york-rangers,pittsburgh-penguins,Matt Rempe,Injured Reserve 2,ir2,Injured Reserve,ir,73.0,ir,False,2026-02-28,,8482460.0
ottawa-senators,toronto-maple-leafs,David Perron,Injured Reserve 1,ir1,Injured Reserve,ir,57.0,out,False,2026-02-28,,8474102.0
philadelphia-flyers,boston-bruins,Tyson Foerster,Injured Reserve 1,ir1,Injured Reserve,ir,71.0,ir,False,2026-02-28,,8482159.0
philadelphia-flyers,boston-bruins,Rodrigo Abols,Injured Reserve 2,ir2,Injured Reserve,ir,18.0,ir,False,2026-02-28,,8479022.0
pittsburgh-penguins,new-york-rangers,Sidney Crosby,Injured Reserve 1,ir1,Injured Reserve,ir,87.0,ir,False,2026-02-28,,8471675.0
pittsburgh-penguins,new-york-rangers,Filip Hallander,Injured Reserve 2,ir2,Injured Reserve,ir,11.0,ir,False,2026-02-28,,8480842.0
pittsburgh-penguins,new-york-rangers,Joel Blomqvist,Injured Reserve 3,ir3,Injured Reserve,ir,30.0,ir,False,2026-02-28,,
pittsburgh-penguins,new-york-rangers,Ryan Graves,Injured Reserve 4,ir4,Injured Reserve,ir,27.0,ir,False,2026-02-28,,8477435.0
pittsburgh-penguins,new-york-rangers,Jack St. Ivany,Injured Reserve 5,ir5,Injured Reserve,ir,,ir,False,2026-02-28,,
pittsburgh-penguins,new-york-rangers,Samuel Girard,Injured Reserve 6,ir6,Injured Reserve,ir,49.0,dtd,False,2026-02-28,,8479398.0
san-jose-sharks,edmonton-oilers,Ty Dellandrea,Injured Reserve 1,ir1,Injured Reserve,ir,10.0,ir,False,2026-02-28,,8480848.0
san-jose-sharks,edmonton-oilers,Ryan Reaves,Injured Reserve 2,ir2,Injured Reserve,ir,75.0,ir,False,2026-02-28,,8471817.0
san-jose-sharks,edmonton-oilers,Shakir Mukhamadullin,Injured Reserve 3,ir3,Injured Reserve,ir,,out,False,2026-02-28,,8482166.0
seattle-kraken,vancouver-canucks,Matt Murray,Injured Reserve 1,ir1,Injured Reserve,ir,30.0,ir,False,2026-02-28,,
st-louis-blues,new-jersey-devils,Robert Thomas,Injured Reserve 1,ir1,Injured Reserve,ir,18.0,ir,False,2026-02-28,,8480023.0
st-louis-blues,new-jersey-devils,Oskar Sundqvist,Injured Reserve 2,ir2,Injured Reserve,ir,70.0,dtd,False,2026-02-28,,8476897.0
tampa-bay-lightning,buffalo-sabres,Maxwell Crozier,Injured Reserve 1,ir1,Injured Reserve,ir,24.0,ir,False,2026-02-28,,
tampa-bay-lightning,buffalo-sabres,Nick Paul,Injured Reserve 2,ir2,Injured Reserve,ir,20.0,out,False,2026-02-28,,8477426.0
tampa-bay-lightning,buffalo-sabres,Anthony Cirelli,Injured Reserve 3,ir3,Injured Reserve,ir,71.0,dtd,False,2026-02-28,,8478519.0
toronto-maple-leafs,ottawa-senators,Chris Tanev,Injured Reserve 1,ir1,Injured Reserve,ir,8.0,ir,False,2026-02-28,,8475690.0
toronto-maple-leafs,ottawa-senators,Dakota Mermis,Injured Reserve 2,ir2,Injured Reserve,ir,36.0,ir,False,2026-02-28,,8477541.0
vancouver-canucks,seattle-kraken,Thatcher Demko,Injured Reserve 1,ir1,Injured Reserve,ir,35.0,ir,False,2026-02-28,,
vancouver-canucks,seattle-kraken,Derek Forbort,Injured Reserve 2,ir2,Injured Reserve,ir,27.0,ir,False,2026-02-28,,8475762.0
vancouver-canucks,seattle-kraken,Marco Rossi,Injured Reserve 3,ir3,Injured Reserve,ir,93.0,ir,False,2026-02-28,,8482079.0
vancouver-canucks,seattle-kraken,Brock Boeser,Injured Reserve 4,ir4,Injured Reserve,ir,6.0,ir,False,2026-02-28,,8478444.0
vancouver-canucks,seattle-kraken,Tyler Myers,Injured Reserve 5,ir5,Injured Reserve,ir,57.0,out,False,2026-02-28,,8474574.0
vancouver-canucks,seattle-kraken,Filip Chytil,Injured Reserve 6,ir6,Injured Reserve,ir,72.0,dtd,False,2026-02-28,,8480078.0
vancouver-canucks,seattle-kraken,Kevin Lankinen,Injured Reserve 7,ir7,Injured Reserve,ir,32.0,dtd,False,2026-02-28,,
washington-capitals,montreal-canadiens,John Carlson,Injured Reserve 1,ir1,Injured Reserve,ir,74.0,dtd,False,2026-02-28,,8474590.0
washington-capitals,montreal-canadiens,Sonny Milano,Injured Reserve 2,ir2,Injured Reserve,ir,15.0,dtd,False,2026-02-28,,8477947.0
anaheim-ducks,calgary-flames,Petr Mrazek,Injured Reserve 1,ir1,Injured Reserve,ir,34.0,ir,False,2026-03-01,,
anaheim-ducks,calgary-flames,Frank Vatrano,Injured Reserve 2,ir2,Injured Reserve,ir,77.0,ir,False,2026-03-01,,8478366.0
anaheim-ducks,calgary-flames,Mikael Granlund,Injured Reserve 3,ir3,Injured Reserve,ir,64.0,dtd,False,2026-03-01,,8475798.0
anaheim-ducks,calgary-flames,Troy Terry,Injured Reserve 4,ir4,Injured Reserve,ir,19.0,dtd,False,2026-03-01,,8478873.0
anaheim-ducks,calgary-flames,Ryan Strome,Injured Reserve 5,ir5,Injured Reserve,ir,16.0,dtd,False,2026-03-01,,8476458.0
calgary-flames,anaheim-ducks,Jonathan Huberdeau,Injured Reserve 1,ir1,Injured Reserve,ir,10.0,ir,False,2026-03-01,,8476456.0
calgary-flames,anaheim-ducks,Samuel Honzek,Injured Reserve 2,ir2,Injured Reserve,ir,29.0,ir,False,2026-03-01,,8484180.0
calgary-flames,anaheim-ducks,Jake Bean,Injured Reserve 3,ir3,Injured Reserve,ir,24.0,ir,False,2026-03-01,,8479402.0
chicago-blackhawks,utah-hockey-club,Wyatt Kaiser,Injured Reserve 1,ir1,Injured Reserve,ir,,ir,False,2026-03-01,,8482176.0
chicago-blackhawks,utah-hockey-club,Sam Rinzel,Injured Reserve 2,ir2,Injured Reserve,ir,6.0,dtd,False,2026-03-01,,8483506.0
florida-panthers,new-york-islanders,Aleksander Barkov,Injured Reserve 1,ir1,Injured Reserve,ir,16.0,ir,False,2026-03-01,,
florida-panthers,new-york-islanders,Dmitry Kulikov,Injured Reserve 2,ir2,Injured Reserve,ir,7.0,ir,False,2026-03-01,,8475179.0
florida-panthers,new-york-islanders,Jonah Gadjovich,Injured Reserve 3,ir3,Injured Reserve,ir,12.0,ir,False,2026-03-01,,8479981.0
florida-panthers,new-york-islanders,Seth Jones,Injured Reserve 4,ir4,Injured Reserve,ir,3.0,ir,False,2026-03-01,,8477495.0
florida-panthers,new-york-islanders,Tobias Bjornfot,Injured Reserve 5,ir5,Injured Reserve,ir,22.0,ir,False,2026-03-01,,
florida-panthers,new-york-islanders,Cole Schwindt,Injured Reserve 6,ir6,Injured Reserve,ir,79.0,dtd,False,2026-03-01,,8481655.0
minnesota-wild,st-louis-blues,Jonas Brodin,Injured Reserve 1,ir1,Injured Reserve,ir,25.0,ir,False,2026-03-01,,8476463.0
minnesota-wild,st-louis-blues,Joel Eriksson Ek,Injured Reserve 2,ir2,Injured Reserve,ir,14.0,dtd,False,2026-03-01,,8478493.0
new-york-islanders,florida-panthers,Semyon Varlamov,Injured Reserve 1,ir1,Injured Reserve,ir,40.0,ir,False,2026-03-01,,
new-york-islanders,florida-panthers,Pierre Engvall,Injured Reserve 2,ir2,Injured Reserve,ir,18.0,ir,False,2026-03-01,,
new-york-islanders,florida-panthers,Alexander Romanov,Injured Reserve 3,ir3,Injured Reserve,ir,28.0,ir,False,2026-03-01,,8481014.0
new-york-islanders,florida-panthers,Kyle Palmieri,Injured Reserve 4,ir4,Injured Reserve,ir,21.0,ir,False,2026-03-01,,8475151.0
pittsburgh-penguins,vegas-golden-knights,Sidney Crosby,Injured Reserve 1,ir1,Injured Reserve,ir,87.0,ir,False,2026-03-01,,8471675.0
pittsburgh-penguins,vegas-golden-knights,Filip Hallander,Injured Reserve 2,ir2,Injured Reserve,ir,11.0,ir,False,2026-03-01,,8480842.0
pittsburgh-penguins,vegas-golden-knights,Joel Blomqvist,Injured Reserve 3,ir3,Injured Reserve,ir,30.0,ir,False,2026-03-01,,
pittsburgh-penguins,vegas-golden-knights,Ryan Graves,Injured Reserve 4,ir4,Injured Reserve,ir,27.0,ir,False,2026-03-01,,8477435.0
pittsburgh-penguins,vegas-golden-knights,Jack St. Ivany,Injured Reserve 5,ir5,Injured Reserve,ir,,ir,False,2026-03-01,,
san-jose-sharks,winnipeg-jets,Ty Dellandrea,Injured Reserve 1,ir1,Injured Reserve,ir,10.0,ir,False,2026-03-01,,8480848.0
st-louis-blues,minnesota-wild,Robert Thomas,Injured Reserve 1,ir1,Injured Reserve,ir,18.0,ir,False,2026-03-01,,8480023.0
st-louis-blues,minnesota-wild,Oskar Sundqvist,Injured Reserve 2,ir2,Injured Reserve,ir,70.0,dtd,False,2026-03-01,,8476897.0
st-louis-blues,minnesota-wild,Colton Parayko,Injured Reserve 3,ir3,Injured Reserve,ir,55.0,dtd,False,2026-03-01,,8476892.0
vegas-golden-knights,pittsburgh-penguins,Brett Howden,Injured Reserve 1,ir1,Injured Reserve,ir,21.0,ir,False,2026-03-01,,8479353.0
vegas-golden-knights,pittsburgh-penguins,William Karlsson,Injured Reserve 2,ir2,Injured Reserve,ir,71.0,ir,False,2026-03-01,,8476448.0
vegas-golden-knights,pittsburgh-penguins,Carter Hart,Injured Reserve 3,ir3,Injured Reserve,ir,79.0,ir,False,2026-03-01,,
vegas-golden-knights,pittsburgh-penguins,Jack Eichel,Injured Reserve 4,ir4,Injured Reserve,ir,9.0,dtd,False,2026-03-01,,8478403.0
vegas-golden-knights,pittsburgh-penguins,Noah Hanifin,Injured Reserve 5,ir5,Injured Reserve,ir,15.0,dtd,False,2026-03-01,,8478396.0
vegas-golden-knights,pittsburgh-penguins,Mark Stone,Injured Reserve 6,ir6,Injured Reserve,ir,61.0,dtd,False,2026-03-01,,8475913.0
vegas-golden-knights,pittsburgh-penguins,Mitch Marner,Injured Reserve 7,ir7,Injured Reserve,ir,16.0,dtd,False,2026-03-01,,8478483.0
vegas-golden-knights,pittsburgh-penguins,Shea Theodore,Injured Reserve 8,ir8,Injured Reserve,ir,27.0,dtd,False,2026-03-01,,8477447.0
winnipeg-jets,san-jose-sharks,Haydn Fleury,Injured Reserve 1,ir1,Injured Reserve,ir,24.0,ir,False,2026-03-01,,8477938.0
winnipeg-jets,san-jose-sharks,Colin Miller,Injured Reserve 2,ir2,Injured Reserve,ir,6.0,ir,False,2026-03-01,,8476525.0
winnipeg-jets,san-jose-sharks,Neal Pionk,Injured Reserve 3,ir3,Injured Reserve,ir,4.0,ir,False,2026-03-01,,8480145.0
winnipeg-jets,san-jose-sharks,Josh Morrissey,Injured Reserve 4,ir4,Injured Reserve,ir,44.0,ir,False,2026-03-01,,8477504.0
winnipeg-jets,san-jose-sharks,Nino Niederreiter,Injured Reserve 5,ir5,Injured Reserve,ir,62.0,out,False,2026-03-01,,8475799.0
winnipeg-jets,san-jose-sharks,Vladislav Namestnikov,Injured Reserve 6,ir6,Injured Reserve,ir,7.0,out,False,2026-03-01,,8476480.0
carolina-hurricanes,seattle-kraken,Charles-Alexis Legault,Injured Reserve 1,ir1,Injured Reserve,ir,62.0,ir,False,2026-03-02,,
carolina-hurricanes,seattle-kraken,Pyotr Kochetkov,Injured Reserve 2,ir2,Injured Reserve,ir,52.0,ir,False,2026-03-02,,
colorado-avalanche,los-angeles-kings,Logan O'Connor,Injured Reserve 1,ir1,Injured Reserve,ir,25.0,out,False,2026-03-02,,
colorado-avalanche,los-angeles-kings,Joel Kiviranta,Injured Reserve 2,ir2,Injured Reserve,ir,94.0,dtd,False,2026-03-02,,8481641.0
columbus-blue-jackets,new-york-rangers,Brendan Smith,Injured Reserve 1,ir1,Injured Reserve,ir,2.0,ir,False,2026-03-02,,
dallas-stars,vancouver-canucks,Tyler Seguin,Injured Reserve 1,ir1,Injured Reserve,ir,91.0,ir,False,2026-03-02,,8475794.0
dallas-stars,vancouver-canucks,Lian Bichsel,Injured Reserve 2,ir2,Injured Reserve,ir,6.0,ir,False,2026-03-02,,8483425.0
dallas-stars,vancouver-canucks,Mikko Rantanen,Injured Reserve 3,ir3,Injured Reserve,ir,96.0,ir,False,2026-03-02,,8478420.0
dallas-stars,vancouver-canucks,Radek Faksa,Injured Reserve 4,ir4,Injured Reserve,ir,12.0,ir,False,2026-03-02,,8476889.0
dallas-stars,vancouver-canucks,Roope Hintz,Injured Reserve 5,ir5,Injured Reserve,ir,24.0,dtd,False,2026-03-02,,8478449.0
los-angeles-kings,colorado-avalanche,Kevin Fiala,Injured Reserve 1,ir1,Injured Reserve,ir,22.0,ir,False,2026-03-02,,8477942.0
los-angeles-kings,colorado-avalanche,Andrei Kuzmenko,Injured Reserve 2,ir2,Injured Reserve,ir,96.0,out,False,2026-03-02,,8483808.0
los-angeles-kings,colorado-avalanche,Joel Armia,Injured Reserve 3,ir3,Injured Reserve,ir,40.0,dtd,False,2026-03-02,,8476469.0
los-angeles-kings,colorado-avalanche,Drew Doughty,Injured Reserve 4,ir4,Injured Reserve,ir,8.0,dtd,False,2026-03-02,,8474563.0
los-angeles-kings,colorado-avalanche,Darcy Kuemper,Injured Reserve 5,ir5,Injured Reserve,ir,35.0,dtd,False,2026-03-02,,
los-angeles-kings,colorado-avalanche,Trevor Moore,Injured Reserve 6,ir6,Injured Reserve,ir,12.0,dtd,False,2026-03-02,,8479675.0
nashville-predators,detroit-red-wings,Adam Wilsby,Injured Reserve 1,ir1,Injured Reserve,ir,83.0,dtd,False,2026-03-02,,8482482.0
new-york-rangers,columbus-blue-jackets,Adam Edstrom,Injured Reserve 1,ir1,Injured Reserve,ir,84.0,ir,False,2026-03-02,,8481726.0
new-york-rangers,columbus-blue-jackets,Matt Rempe,Injured Reserve 2,ir2,Injured Reserve,ir,73.0,ir,False,2026-03-02,,8482460.0
philadelphia-flyers,toronto-maple-leafs,Tyson Foerster,Injured Reserve 1,ir1,Injured Reserve,ir,71.0,ir,False,2026-03-02,,8482159.0
philadelphia-flyers,toronto-maple-leafs,Rodrigo Abols,Injured Reserve 2,ir2,Injured Reserve,ir,18.0,ir,False,2026-03-02,,8479022.0
seattle-kraken,carolina-hurricanes,Matt Murray,Injured Reserve 1,ir1,Injured Reserve,ir,30.0,ir,False,2026-03-02,,
toronto-maple-leafs,philadelphia-flyers,Chris Tanev,Injured Reserve 1,ir1,Injured Reserve,ir,8.0,ir,False,2026-03-02,,8475690.0
toronto-maple-leafs,philadelphia-flyers,Dakota Mermis,Injured Reserve 2,ir2,Injured Reserve,ir,36.0,ir,False,2026-03-02,,8477541.0
vancouver-canucks,dallas-stars,Thatcher Demko,Injured Reserve 1,ir1,Injured Reserve,ir,35.0,ir,False,2026-03-02,,
vancouver-canucks,dallas-stars,Derek Forbort,Injured Reserve 2,ir2,Injured Reserve,ir,27.0,ir,False,2026-03-02,,8475762.0
vancouver-canucks,dallas-stars,Marco Rossi,Injured Reserve 3,ir3,Injured Reserve,ir,93.0,ir,False,2026-03-02,,8482079.0
vancouver-canucks,dallas-stars,Brock Boeser,Injured Reserve 4,ir4,Injured Reserve,ir,6.0,ir,False,2026-03-02,,8478444.0
vancouver-canucks,dallas-stars,Tyler Myers,Injured Reserve 5,ir5,Injured Reserve,ir,57.0,out,False,2026-03-02,,8474574.0
vancouver-canucks,dallas-stars,Filip Chytil,Injured Reserve 6,ir6,Injured Reserve,ir,72.0,dtd,False,2026-03-02,,8480078.0
vancouver-canucks,dallas-stars,Kevin Lankinen,Injured Reserve 7,ir7,Injured Reserve,ir,32.0,dtd,False,2026-03-02,,
anaheim-ducks,colorado-avalanche,Petr Mrazek,Injured Reserve 1,ir1,Injured Reserve,ir,34.0,ir,False,2026-03-03,,
anaheim-ducks,colorado-avalanche,Frank Vatrano,Injured Reserve 2,ir2,Injured Reserve,ir,77.0,ir,False,2026-03-03,,8478366.0
anaheim-ducks,colorado-avalanche,Mikael Granlund,Injured Reserve 3,ir3,Injured Reserve,ir,64.0,dtd,False,2026-03-03,,8475798.0
anaheim-ducks,colorado-avalanche,Troy Terry,Injured Reserve 4,ir4,Injured Reserve,ir,19.0,dtd,False,2026-03-03,,8478873.0
anaheim-ducks,colorado-avalanche,Ryan Strome,Injured Reserve 5,ir5,Injured Reserve,ir,16.0,dtd,False,2026-03-03,,8476458.0
boston-bruins,pittsburgh-penguins,Jordan Harris,Injured Reserve 1,ir1,Injured Reserve,ir,43.0,ir,False,2026-03-03,,8480887.0
buffalo-sabres,vegas-golden-knights,Conor Timmins,Injured Reserve 1,ir1,Injured Reserve,ir,21.0,ir,False,2026-03-03,,8479982.0
buffalo-sabres,vegas-golden-knights,Jordan Greenway,Injured Reserve 2,ir2,Injured Reserve,ir,12.0,ir,False,2026-03-03,,8478413.0
buffalo-sabres,vegas-golden-knights,Jiri Kulich,Injured Reserve 3,ir3,Injured Reserve,ir,20.0,ir,False,2026-03-03,,8483468.0
buffalo-sabres,vegas-golden-knights,Justin Danforth,Injured Reserve 4,ir4,Injured Reserve,ir,15.0,ir,False,2026-03-03,,8479941.0
buffalo-sabres,vegas-golden-knights,Zach Benson,Injured Reserve 5,ir5,Injured Reserve,ir,6.0,ir,False,2026-03-03,,8484145.0
calgary-flames,dallas-stars,Jonathan Huberdeau,Injured Reserve 1,ir1,Injured Reserve,ir,10.0,ir,False,2026-03-03,,8476456.0
calgary-flames,dallas-stars,Samuel Honzek,Injured Reserve 2,ir2,Injured Reserve,ir,29.0,ir,False,2026-03-03,,8484180.0
calgary-flames,dallas-stars,Jake Bean,Injured Reserve 3,ir3,Injured Reserve,ir,24.0,ir,False,2026-03-03,,8479402.0
chicago-blackhawks,winnipeg-jets,Wyatt Kaiser,Injured Reserve 1,ir1,Injured Reserve,ir,,ir,False,2026-03-03,,8482176.0
chicago-blackhawks,winnipeg-jets,Sam Rinzel,Injured Reserve 2,ir2,Injured Reserve,ir,6.0,dtd,False,2026-03-03,,8483506.0
colorado-avalanche,anaheim-ducks,Logan O'Connor,Injured Reserve 1,ir1,Injured Reserve,ir,25.0,out,False,2026-03-03,,
colorado-avalanche,anaheim-ducks,Joel Kiviranta,Injured Reserve 2,ir2,Injured Reserve,ir,94.0,dtd,False,2026-03-03,,8481641.0
columbus-blue-jackets,nashville-predators,Brendan Smith,Injured Reserve 1,ir1,Injured Reserve,ir,2.0,ir,False,2026-03-03,,
columbus-blue-jackets,nashville-predators,Zach Werenski,Injured Reserve 2,ir2,Injured Reserve,ir,8.0,dtd,False,2026-03-03,,8478460.0
dallas-stars,calgary-flames,Tyler Seguin,Injured Reserve 1,ir1,Injured Reserve,ir,91.0,ir,False,2026-03-03,,8475794.0
dallas-stars,calgary-flames,Lian Bichsel,Injured Reserve 2,ir2,Injured Reserve,ir,6.0,ir,False,2026-03-03,,8483425.0
dallas-stars,calgary-flames,Mikko Rantanen,Injured Reserve 3,ir3,Injured Reserve,ir,96.0,ir,False,2026-03-03,,8478420.0
dallas-stars,calgary-flames,Radek Faksa,Injured Reserve 4,ir4,Injured Reserve,ir,12.0,ir,False,2026-03-03,,8476889.0
dallas-stars,calgary-flames,Roope Hintz,Injured Reserve 5,ir5,Injured Reserve,ir,24.0,dtd,False,2026-03-03,,8478449.0
edmonton-oilers,ottawa-senators,Mattias Janmark,Injured Reserve 1,ir1,Injured Reserve,ir,13.0,ir,False,2026-03-03,,8477406.0
florida-panthers,new-jersey-devils,Aleksander Barkov,Injured Reserve 1,ir1,Injured Reserve,ir,16.0,ir,False,2026-03-03,,
florida-panthers,new-jersey-devils,Cole Schwindt,Injured Reserve 2,ir2,Injured Reserve,ir,79.0,ir,False,2026-03-03,,8481655.0
florida-panthers,new-jersey-devils,Jonah Gadjovich,Injured Reserve 3,ir3,Injured Reserve,ir,12.0,ir,False,2026-03-03,,8479981.0
florida-panthers,new-jersey-devils,Seth Jones,Injured Reserve 4,ir4,Injured Reserve,ir,3.0,ir,False,2026-03-03,,8477495.0
florida-panthers,new-jersey-devils,Tobias Bjornfot,Injured Reserve 5,ir5,Injured Reserve,ir,22.0,ir,False,2026-03-03,,
florida-panthers,new-jersey-devils,Uvis Balinskis,Injured Reserve 6,ir6,Injured Reserve,ir,26.0,dtd,False,2026-03-03,,8484304.0
minnesota-wild,tampa-bay-lightning,Jonas Brodin,Injured Reserve 1,ir1,Injured Reserve,ir,25.0,ir,False,2026-03-03,,8476463.0
minnesota-wild,tampa-bay-lightning,Marcus Foligno,Injured Reserve 2,ir2,Injured Reserve,ir,17.0,ir,False,2026-03-03,,8475220.0
montreal-canadiens,san-jose-sharks,Patrik Laine,Injured Reserve 1,ir1,Injured Reserve,ir,92.0,ir,False,2026-03-03,,8479339.0
montreal-canadiens,san-jose-sharks,David Reinbacher,Injured Reserve 2,ir2,Injured Reserve,ir,64.0,out,False,2026-03-03,,
montreal-canadiens,san-jose-sharks,Joe Veleno,Injured Reserve 3,ir3,Injured Reserve,ir,90.0,dtd,False,2026-03-03,,8480813.0
nashville-predators,columbus-blue-jackets,Adam Wilsby,Injured Reserve 1,ir1,Injured Reserve,ir,83.0,dtd,False,2026-03-03,,8482482.0
new-jersey-devils,florida-panthers,Zack MacEwen,Injured Reserve 1,ir1,Injured Reserve,ir,,ir,False,2026-03-03,,8479772.0
new-jersey-devils,florida-panthers,Stefan Noesen,Injured Reserve 2,ir2,Injured Reserve,ir,11.0,ir,False,2026-03-03,,8476474.0
ottawa-senators,edmonton-oilers,David Perron,Injured Reserve 1,ir1,Injured Reserve,ir,57.0,out,False,2026-03-03,,8474102.0
pittsburgh-penguins,boston-bruins,Sidney Crosby,Injured Reserve 1,ir1,Injured Reserve,ir,87.0,ir,False,2026-03-03,,8471675.0
pittsburgh-penguins,boston-bruins,Filip Hallander,Injured Reserve 2,ir2,Injured Reserve,ir,11.0,ir,False,2026-03-03,,8480842.0
pittsburgh-penguins,boston-bruins,Joel Blomqvist,Injured Reserve 3,ir3,Injured Reserve,ir,30.0,ir,False,2026-03-03,,
pittsburgh-penguins,boston-bruins,Ryan Graves,Injured Reserve 4,ir4,Injured Reserve,ir,27.0,ir,False,2026-03-03,,8477435.0
pittsburgh-penguins,boston-bruins,Jack St. Ivany,Injured Reserve 5,ir5,Injured Reserve,ir,,ir,False,2026-03-03,,
san-jose-sharks,montreal-canadiens,Ty Dellandrea,Injured Reserve 1,ir1,Injured Reserve,ir,10.0,ir,False,2026-03-03,,8480848.0
tampa-bay-lightning,minnesota-wild,Maxwell Crozier,Injured Reserve 1,ir1,Injured Reserve,ir,24.0,ir,False,2026-03-03,,
tampa-bay-lightning,minnesota-wild,Nick Paul,Injured Reserve 2,ir2,Injured Reserve,ir,20.0,out,False,2026-03-03,,8477426.0
tampa-bay-lightning,minnesota-wild,Dominic James,Injured Reserve 3,ir3,Injured Reserve,ir,17.0,dtd,False,2026-03-03,,8483752.0
tampa-bay-lightning,minnesota-wild,Gage Goncalves,Injured Reserve 4,ir4,Injured Reserve,ir,93.0,dtd,False,2026-03-03,,8482201.0
vegas-golden-knights,buffalo-sabres,Carter Hart,Injured Reserve 1,ir1,Injured Reserve,ir,79.0,ir,False,2026-03-03,,
vegas-golden-knights,buffalo-sabres,William Karlsson,Injured Reserve 2,ir2,Injured Reserve,ir,71.0,ir,False,2026-03-03,,8476448.0
vegas-golden-knights,buffalo-sabres,Brett Howden,Injured Reserve 3,ir3,Injured Reserve,ir,21.0,ir,False,2026-03-03,,8479353.0
vegas-golden-knights,buffalo-sabres,Mark Stone,Injured Reserve 4,ir4,Injured Reserve,ir,61.0,dtd,False,2026-03-03,,8475913.0
vegas-golden-knights,buffalo-sabres,Mitch Marner,Injured Reserve 5,ir5,Injured Reserve,ir,16.0,dtd,False,2026-03-03,,8478483.0
vegas-golden-knights,buffalo-sabres,Shea Theodore,Injured Reserve 6,ir6,Injured Reserve,ir,27.0,dtd,False,2026-03-03,,8477447.0
washington-capitals,utah-hockey-club,John Carlson,Injured Reserve 1,ir1,Injured Reserve,ir,74.0,dtd,False,2026-03-03,,8474590.0
washington-capitals,utah-hockey-club,Sonny Milano,Injured Reserve 2,ir2,Injured Reserve,ir,15.0,dtd,False,2026-03-03,,8477947.0
winnipeg-jets,chicago-blackhawks,Haydn Fleury,Injured Reserve 1,ir1,Injured Reserve,ir,24.0,ir,False,2026-03-03,,8477938.0
winnipeg-jets,chicago-blackhawks,Colin Miller,Injured Reserve 2,ir2,Injured Reserve,ir,6.0,ir,False,2026-03-03,,8476525.0
winnipeg-jets,chicago-blackhawks,Neal Pionk,Injured Reserve 3,ir3,Injured Reserve,ir,4.0,ir,False,2026-03-03,,8480145.0
winnipeg-jets,chicago-blackhawks,Josh Morrissey,Injured Reserve 4,ir4,Injured Reserve,ir,44.0,ir,False,2026-03-03,,8477504.0
winnipeg-jets,chicago-blackhawks,Nino Niederreiter,Injured Reserve 5,ir5,Injured Reserve,ir,62.0,out,False,2026-03-03,,8475799.0
winnipeg-jets,chicago-blackhawks,Vladislav Namestnikov,Injured Reserve 6,ir6,Injured Reserve,ir,7.0,out,False,2026-03-03,,8476480.0
anaheim-ducks,new-york-islanders,Petr Mrazek,Injured Reserve 1,ir1,Injured Reserve,ir,34.0,ir,False,2026-03-04,,
anaheim-ducks,new-york-islanders,Frank Vatrano,Injured Reserve 2,ir2,Injured Reserve,ir,77.0,ir,False,2026-03-04,,8478366.0
anaheim-ducks,new-york-islanders,Mikael Granlund,Injured Reserve 3,ir3,Injured Reserve,ir,64.0,dtd,False,2026-03-04,,8475798.0
anaheim-ducks,new-york-islanders,Troy Terry,Injured Reserve 4,ir4,Injured Reserve,ir,19.0,dtd,False,2026-03-04,,8478873.0
anaheim-ducks,new-york-islanders,Ryan Strome,Injured Reserve 5,ir5,Injured Reserve,ir,16.0,dtd,False,2026-03-04,,8476458.0
carolina-hurricanes,vancouver-canucks,Charles-Alexis Legault,Injured Reserve 1,ir1,Injured Reserve,ir,62.0,ir,False,2026-03-04,,
carolina-hurricanes,vancouver-canucks,Pyotr Kochetkov,Injured Reserve 2,ir2,Injured Reserve,ir,52.0,ir,False,2026-03-04,,
detroit-red-wings,vegas-golden-knights,John Gibson,Injured Reserve 1,ir1,Injured Reserve,ir,36.0,dtd,False,2026-03-04,,
new-jersey-devils,toronto-maple-leafs,Zack MacEwen,Injured Reserve 1,ir1,Injured Reserve,ir,,ir,False,2026-03-04,,8479772.0
new-jersey-devils,toronto-maple-leafs,Stefan Noesen,Injured Reserve 2,ir2,Injured Reserve,ir,11.0,ir,False,2026-03-04,,8476474.0
new-york-islanders,anaheim-ducks,Semyon Varlamov,Injured Reserve 1,ir1,Injured Reserve,ir,40.0,ir,False,2026-03-04,,
new-york-islanders,anaheim-ducks,Pierre Engvall,Injured Reserve 2,ir2,Injured Reserve,ir,18.0,ir,False,2026-03-04,,
new-york-islanders,anaheim-ducks,Alexander Romanov,Injured Reserve 3,ir3,Injured Reserve,ir,28.0,ir,False,2026-03-04,,8481014.0
new-york-islanders,anaheim-ducks,Kyle Palmieri,Injured Reserve 4,ir4,Injured Reserve,ir,21.0,ir,False,2026-03-04,,8475151.0
new-york-islanders,anaheim-ducks,Jonathan Drouin,Injured Reserve 5,ir5,Injured Reserve,ir,29.0,dtd,False,2026-03-04,,8477494.0
seattle-kraken,st-louis-blues,Matt Murray,Injured Reserve 1,ir1,Injured Reserve,ir,30.0,ir,False,2026-03-04,,
st-louis-blues,seattle-kraken,Colton Parayko,Injured Reserve 1,ir1,Injured Reserve,ir,55.0,dtd,False,2026-03-04,,8476892.0
st-louis-blues,seattle-kraken,Oskar Sundqvist,Injured Reserve 2,ir2,Injured Reserve,ir,70.0,dtd,False,2026-03-04,,8476897.0
toronto-maple-leafs,new-jersey-devils,Chris Tanev,Injured Reserve 1,ir1,Injured Reserve,ir,8.0,ir,False,2026-03-04,,8475690.0
toronto-maple-leafs,new-jersey-devils,Dakota Mermis,Injured Reserve 2,ir2,Injured Reserve,ir,36.0,ir,False,2026-03-04,,8477541.0
vancouver-canucks,carolina-hurricanes,Thatcher Demko,Injured Reserve 1,ir1,Injured Reserve,ir,35.0,ir,False,2026-03-04,,
vancouver-canucks,carolina-hurricanes,Derek Forbort,Injured Reserve 2,ir2,Injured Reserve,ir,27.0,ir,False,2026-03-04,,8475762.0
vancouver-canucks,carolina-hurricanes,Tyler Myers,Injured Reserve 3,ir3,Injured Reserve,ir,57.0,out,False,2026-03-04,,8474574.0
vancouver-canucks,carolina-hurricanes,Filip Chytil,Injured Reserve 4,ir4,Injured Reserve,ir,72.0,out,False,2026-03-04,,8480078.0
vegas-golden-knights,detroit-red-wings,Carter Hart,Injured Reserve 1,ir1,Injured Reserve,ir,79.0,ir,False,2026-03-04,,
vegas-golden-knights,detroit-red-wings,William Karlsson,Injured Reserve 2,ir2,Injured Reserve,ir,71.0,ir,False,2026-03-04,,8476448.0
vegas-golden-knights,detroit-red-wings,Brett Howden,Injured Reserve 3,ir3,Injured Reserve,ir,21.0,ir,False,2026-03-04,,8479353.0
vegas-golden-knights,detroit-red-wings,Mark Stone,Injured Reserve 4,ir4,Injured Reserve,ir,61.0,dtd,False,2026-03-04,,8475913.0
vegas-golden-knights,detroit-red-wings,Alexander Holtz,Injured Reserve 5,ir5,Injured Reserve,ir,26.0,dtd,False,2026-03-04,,8482125.0
boston-bruins,nashville-predators,Jordan Harris,Injured Reserve 1,ir1,Injured Reserve,ir,43.0,ir,False,2026-03-05,,8480887.0
buffalo-sabres,pittsburgh-penguins,Conor Timmins,Injured Reserve 1,ir1,Injured Reserve,ir,21.0,ir,False,2026-03-05,,8479982.0
buffalo-sabres,pittsburgh-penguins,Jordan Greenway,Injured Reserve 2,ir2,Injured Reserve,ir,12.0,ir,False,2026-03-05,,8478413.0
buffalo-sabres,pittsburgh-penguins,Jiri Kulich,Injured Reserve 3,ir3,Injured Reserve,ir,20.0,ir,False,2026-03-05,,8483468.0
buffalo-sabres,pittsburgh-penguins,Justin Danforth,Injured Reserve 4,ir4,Injured Reserve,ir,15.0,ir,False,2026-03-05,,8479941.0
buffalo-sabres,pittsburgh-penguins,Zach Benson,Injured Reserve 5,ir5,Injured Reserve,ir,6.0,ir,False,2026-03-05,,8484145.0
calgary-flames,ottawa-senators,Jonathan Huberdeau,Injured Reserve 1,ir1,Injured Reserve,ir,10.0,ir,False,2026-03-05,,8476456.0
calgary-flames,ottawa-senators,Samuel Honzek,Injured Reserve 2,ir2,Injured Reserve,ir,29.0,ir,False,2026-03-05,,8484180.0
calgary-flames,ottawa-senators,Jake Bean,Injured Reserve 3,ir3,Injured Reserve,ir,24.0,ir,False,2026-03-05,,8479402.0
columbus-blue-jackets,florida-panthers,Brendan Smith,Injured Reserve 1,ir1,Injured Reserve,ir,2.0,ir,False,2026-03-05,,
columbus-blue-jackets,florida-panthers,Zach Werenski,Injured Reserve 2,ir2,Injured Reserve,ir,8.0,dtd,False,2026-03-05,,8478460.0
columbus-blue-jackets,florida-panthers,Boone Jenner,Injured Reserve 3,ir3,Injured Reserve,ir,38.0,dtd,False,2026-03-05,,8476432.0
florida-panthers,columbus-blue-jackets,Aleksander Barkov,Injured Reserve 1,ir1,Injured Reserve,ir,16.0,ir,False,2026-03-05,,
florida-panthers,columbus-blue-jackets,Cole Schwindt,Injured Reserve 2,ir2,Injured Reserve,ir,79.0,ir,False,2026-03-05,,8481655.0
florida-panthers,columbus-blue-jackets,Jonah Gadjovich,Injured Reserve 3,ir3,Injured Reserve,ir,12.0,ir,False,2026-03-05,,8479981.0
florida-panthers,columbus-blue-jackets,Seth Jones,Injured Reserve 4,ir4,Injured Reserve,ir,3.0,ir,False,2026-03-05,,8477495.0
los-angeles-kings,new-york-islanders,Kevin Fiala,Injured Reserve 1,ir1,Injured Reserve,ir,22.0,ir,False,2026-03-05,,8477942.0
los-angeles-kings,new-york-islanders,Andrei Kuzmenko,Injured Reserve 2,ir2,Injured Reserve,ir,96.0,out,False,2026-03-05,,8483808.0
los-angeles-kings,new-york-islanders,Joel Armia,Injured Reserve 3,ir3,Injured Reserve,ir,40.0,dtd,False,2026-03-05,,8476469.0
los-angeles-kings,new-york-islanders,Drew Doughty,Injured Reserve 4,ir4,Injured Reserve,ir,8.0,dtd,False,2026-03-05,,8474563.0
los-angeles-kings,new-york-islanders,Darcy Kuemper,Injured Reserve 5,ir5,Injured Reserve,ir,35.0,dtd,False,2026-03-05,,
los-angeles-kings,new-york-islanders,Trevor Moore,Injured Reserve 6,ir6,Injured Reserve,ir,12.0,dtd,False,2026-03-05,,8479675.0
los-angeles-kings,new-york-islanders,Quinton Byfield,Injured Reserve 7,ir7,Injured Reserve,ir,55.0,dtd,False,2026-03-05,,8482124.0
nashville-predators,boston-bruins,Adam Wilsby,Injured Reserve 1,ir1,Injured Reserve,ir,83.0,dtd,False,2026-03-05,,8482482.0
nashville-predators,boston-bruins,Ryan O'Reilly,Injured Reserve 2,ir2,Injured Reserve,ir,90.0,dtd,False,2026-03-05,,8475158.0
new-york-islanders,los-angeles-kings,Semyon Varlamov,Injured Reserve 1,ir1,Injured Reserve,ir,40.0,ir,False,2026-03-05,,
new-york-islanders,los-angeles-kings,Pierre Engvall,Injured Reserve 2,ir2,Injured Reserve,ir,18.0,ir,False,2026-03-05,,
new-york-islanders,los-angeles-kings,Alexander Romanov,Injured Reserve 3,ir3,Injured Reserve,ir,28.0,ir,False,2026-03-05,,8481014.0
new-york-islanders,los-angeles-kings,Kyle Palmieri,Injured Reserve 4,ir4,Injured Reserve,ir,21.0,ir,False,2026-03-05,,8475151.0
new-york-islanders,los-angeles-kings,Ryan Pulock,Injured Reserve 5,ir5,Injured Reserve,ir,6.0,dtd,False,2026-03-05,,8477506.0
new-york-rangers,toronto-maple-leafs,Adam Edstrom,Injured Reserve 1,ir1,Injured Reserve,ir,84.0,ir,False,2026-03-05,,8481726.0
new-york-rangers,toronto-maple-leafs,Matt Rempe,Injured Reserve 2,ir2,Injured Reserve,ir,73.0,ir,False,2026-03-05,,8482460.0
new-york-rangers,toronto-maple-leafs,J.T. Miller,Injured Reserve 3,ir3,Injured Reserve,ir,9.0,ir,False,2026-03-05,,8476468.0
ottawa-senators,calgary-flames,David Perron,Injured Reserve 1,ir1,Injured Reserve,ir,57.0,out,False,2026-03-05,,8474102.0
philadelphia-flyers,utah-hockey-club,Tyson Foerster,Injured Reserve 1,ir1,Injured Reserve,ir,71.0,ir,False,2026-03-05,,8482159.0
philadelphia-flyers,utah-hockey-club,Rodrigo Abols,Injured Reserve 2,ir2,Injured Reserve,ir,18.0,ir,False,2026-03-05,,8479022.0
philadelphia-flyers,utah-hockey-club,Travis Konecny,Injured Reserve 3,ir3,Injured Reserve,ir,11.0,dtd,False,2026-03-05,,8478439.0
pittsburgh-penguins,buffalo-sabres,Sidney Crosby,Injured Reserve 1,ir1,Injured Reserve,ir,87.0,ir,False,2026-03-05,,8471675.0
pittsburgh-penguins,buffalo-sabres,Filip Hallander,Injured Reserve 2,ir2,Injured Reserve,ir,11.0,ir,False,2026-03-05,,8480842.0
pittsburgh-penguins,buffalo-sabres,Joel Blomqvist,Injured Reserve 3,ir3,Injured Reserve,ir,30.0,ir,False,2026-03-05,,
pittsburgh-penguins,buffalo-sabres,Ryan Graves,Injured Reserve 4,ir4,Injured Reserve,ir,27.0,ir,False,2026-03-05,,8477435.0
pittsburgh-penguins,buffalo-sabres,Jack St. Ivany,Injured Reserve 5,ir5,Injured Reserve,ir,,ir,False,2026-03-05,,
pittsburgh-penguins,buffalo-sabres,Blake Lizotte,Injured Reserve 6,ir6,Injured Reserve,ir,46.0,dtd,False,2026-03-05,,8481481.0
tampa-bay-lightning,winnipeg-jets,Maxwell Crozier,Injured Reserve 1,ir1,Injured Reserve,ir,24.0,ir,False,2026-03-05,,
tampa-bay-lightning,winnipeg-jets,Dominic James,Injured Reserve 2,ir2,Injured Reserve,ir,17.0,ir,False,2026-03-05,,8483752.0
tampa-bay-lightning,winnipeg-jets,Nick Paul,Injured Reserve 3,ir3,Injured Reserve,ir,20.0,out,False,2026-03-05,,8477426.0
tampa-bay-lightning,winnipeg-jets,Gage Goncalves,Injured Reserve 4,ir4,Injured Reserve,ir,93.0,out,False,2026-03-05,,8482201.0
toronto-maple-leafs,new-york-rangers,Chris Tanev,Injured Reserve 1,ir1,Injured Reserve,ir,8.0,ir,False,2026-03-05,,8475690.0
toronto-maple-leafs,new-york-rangers,Dakota Mermis,Injured Reserve 2,ir2,Injured Reserve,ir,36.0,ir,False,2026-03-05,,8477541.0
toronto-maple-leafs,new-york-rangers,Oliver Ekman-Larsson,Injured Reserve 3,ir3,Injured Reserve,ir,95.0,dtd,False,2026-03-05,,8475171.0
toronto-maple-leafs,new-york-rangers,Bobby McMann,Injured Reserve 4,ir4,Injured Reserve,ir,74.0,dtd,False,2026-03-05,,8482259.0
toronto-maple-leafs,new-york-rangers,Scott Laughton,Injured Reserve 5,ir5,Injured Reserve,ir,24.0,dtd,False,2026-03-05,,8476872.0
winnipeg-jets,tampa-bay-lightning,Haydn Fleury,Injured Reserve 1,ir1,Injured Reserve,ir,24.0,ir,False,2026-03-05,,8477938.0
winnipeg-jets,tampa-bay-lightning,Colin Miller,Injured Reserve 2,ir2,Injured Reserve,ir,6.0,ir,False,2026-03-05,,8476525.0
winnipeg-jets,tampa-bay-lightning,Neal Pionk,Injured Reserve 3,ir3,Injured Reserve,ir,4.0,ir,False,2026-03-05,,8480145.0
winnipeg-jets,tampa-bay-lightning,Josh Morrissey,Injured Reserve 4,ir4,Injured Reserve,ir,44.0,ir,False,2026-03-05,,8477504.0
winnipeg-jets,tampa-bay-lightning,Nino Niederreiter,Injured Reserve 5,ir5,Injured Reserve,ir,62.0,out,False,2026-03-05,,8475799.0
winnipeg-jets,tampa-bay-lightning,Vladislav Namestnikov,Injured Reserve 6,ir6,Injured Reserve,ir,7.0,out,False,2026-03-05,,8476480.0
anaheim-ducks,montreal-canadiens,Petr Mrazek,Injured Reserve 1,ir1,Injured Reserve,ir,34.0,ir,False,2026-03-06,,
anaheim-ducks,montreal-canadiens,Mikael Granlund,Injured Reserve 2,ir2,Injured Reserve,ir,64.0,ir,False,2026-03-06,,8475798.0
anaheim-ducks,montreal-canadiens,Ryan Strome,Injured Reserve 3,ir3,Injured Reserve,ir,16.0,dtd,False,2026-03-06,,8476458.0
anaheim-ducks,montreal-canadiens,Troy Terry,Injured Reserve 4,ir4,Injured Reserve,ir,19.0,dtd,False,2026-03-06,,8478873.0
anaheim-ducks,montreal-canadiens,John Carlson,Injured Reserve 5,ir5,Injured Reserve,ir,74.0,dtd,False,2026-03-06,,8474590.0
carolina-hurricanes,edmonton-oilers,Charles-Alexis Legault,Injured Reserve 1,ir1,Injured Reserve,ir,62.0,ir,False,2026-03-06,,
carolina-hurricanes,edmonton-oilers,Pyotr Kochetkov,Injured Reserve 2,ir2,Injured Reserve,ir,52.0,ir,False,2026-03-06,,
chicago-blackhawks,vancouver-canucks,Wyatt Kaiser,Injured Reserve 1,ir1,Injured Reserve,ir,,ir,False,2026-03-06,,8482176.0
colorado-avalanche,dallas-stars,Logan O'Connor,Injured Reserve 1,ir1,Injured Reserve,ir,25.0,out,False,2026-03-06,,
colorado-avalanche,dallas-stars,Joel Kiviranta,Injured Reserve 2,ir2,Injured Reserve,ir,94.0,dtd,False,2026-03-06,,8481641.0
colorado-avalanche,dallas-stars,Artturi Lehkonen,Injured Reserve 3,ir3,Injured Reserve,ir,62.0,dtd,False,2026-03-06,,8477476.0
dallas-stars,colorado-avalanche,Tyler Seguin,Injured Reserve 1,ir1,Injured Reserve,ir,91.0,ir,False,2026-03-06,,8475794.0
dallas-stars,colorado-avalanche,Lian Bichsel,Injured Reserve 2,ir2,Injured Reserve,ir,6.0,ir,False,2026-03-06,,8483425.0
dallas-stars,colorado-avalanche,Mikko Rantanen,Injured Reserve 3,ir3,Injured Reserve,ir,96.0,ir,False,2026-03-06,,8478420.0
dallas-stars,colorado-avalanche,Radek Faksa,Injured Reserve 4,ir4,Injured Reserve,ir,12.0,ir,False,2026-03-06,,8476889.0
dallas-stars,colorado-avalanche,Roope Hintz,Injured Reserve 5,ir5,Injured Reserve,ir,24.0,ir,False,2026-03-06,,8478449.0
detroit-red-wings,florida-panthers,David Perron,Injured Reserve 1,ir1,Injured Reserve,ir,57.0,ir,False,2026-03-06,,8474102.0
edmonton-oilers,carolina-hurricanes,Mattias Janmark,Injured Reserve 1,ir1,Injured Reserve,ir,13.0,ir,False,2026-03-06,,8477406.0
edmonton-oilers,carolina-hurricanes,Curtis Lazar,Injured Reserve 2,ir2,Injured Reserve,ir,20.0,out,False,2026-03-06,,8477508.0
florida-panthers,detroit-red-wings,Aleksander Barkov,Injured Reserve 1,ir1,Injured Reserve,ir,16.0,ir,False,2026-03-06,,
florida-panthers,detroit-red-wings,Cole Schwindt,Injured Reserve 2,ir2,Injured Reserve,ir,79.0,ir,False,2026-03-06,,8481655.0
florida-panthers,detroit-red-wings,Jonah Gadjovich,Injured Reserve 3,ir3,Injured Reserve,ir,12.0,ir,False,2026-03-06,,8479981.0
florida-panthers,detroit-red-wings,Seth Jones,Injured Reserve 4,ir4,Injured Reserve,ir,3.0,ir,False,2026-03-06,,8477495.0
minnesota-wild,vegas-golden-knights,Marcus Foligno,Injured Reserve 1,ir1,Injured Reserve,ir,17.0,ir,False,2026-03-06,,8475220.0
minnesota-wild,vegas-golden-knights,Marcus Johansson,Injured Reserve 2,ir2,Injured Reserve,ir,90.0,dtd,False,2026-03-06,,8475149.0
montreal-canadiens,anaheim-ducks,Patrik Laine,Injured Reserve 1,ir1,Injured Reserve,ir,92.0,ir,False,2026-03-06,,8479339.0
montreal-canadiens,anaheim-ducks,David Reinbacher,Injured Reserve 2,ir2,Injured Reserve,ir,64.0,out,False,2026-03-06,,
montreal-canadiens,anaheim-ducks,Joe Veleno,Injured Reserve 3,ir3,Injured Reserve,ir,90.0,dtd,False,2026-03-06,,8480813.0
san-jose-sharks,st-louis-blues,Ty Dellandrea,Injured Reserve 1,ir1,Injured Reserve,ir,10.0,ir,False,2026-03-06,,8480848.0
st-louis-blues,san-jose-sharks,Colton Parayko,Injured Reserve 1,ir1,Injured Reserve,ir,55.0,dtd,False,2026-03-06,,8476892.0
st-louis-blues,san-jose-sharks,Oskar Sundqvist,Injured Reserve 2,ir2,Injured Reserve,ir,70.0,dtd,False,2026-03-06,,8476897.0
vancouver-canucks,chicago-blackhawks,Thatcher Demko,Injured Reserve 1,ir1,Injured Reserve,ir,35.0,ir,False,2026-03-06,,
vancouver-canucks,chicago-blackhawks,Derek Forbort,Injured Reserve 2,ir2,Injured Reserve,ir,27.0,ir,False,2026-03-06,,8475762.0
vancouver-canucks,chicago-blackhawks,Pierre-Olivier Joseph,Injured Reserve 3,ir3,Injured Reserve,ir,7.0,ir,False,2026-03-06,,
vancouver-canucks,chicago-blackhawks,Filip Chytil,Injured Reserve 4,ir4,Injured Reserve,ir,72.0,out,False,2026-03-06,,8480078.0
vancouver-canucks,chicago-blackhawks,Evander Kane,Injured Reserve 5,ir5,Injured Reserve,ir,91.0,dtd,False,2026-03-06,,8475169.0
vegas-golden-knights,minnesota-wild,Carter Hart,Injured Reserve 1,ir1,Injured Reserve,ir,79.0,ir,False,2026-03-06,,
vegas-golden-knights,minnesota-wild,William Karlsson,Injured Reserve 2,ir2,Injured Reserve,ir,71.0,ir,False,2026-03-06,,8476448.0
vegas-golden-knights,minnesota-wild,Brett Howden,Injured Reserve 3,ir3,Injured Reserve,ir,21.0,ir,False,2026-03-06,,8479353.0
vegas-golden-knights,minnesota-wild,Mark Stone,Injured Reserve 4,ir4,Injured Reserve,ir,61.0,dtd,False,2026-03-06,,8475913.0
vegas-golden-knights,minnesota-wild,Alexander Holtz,Injured Reserve 5,ir5,Injured Reserve,ir,26.0,dtd,False,2026-03-06,,8482125.0
buffalo-sabres,nashville-predators,Conor Timmins,Injured Reserve 1,ir1,Injured Reserve,ir,21.0,ir,False,2026-03-07,,8479982.0
buffalo-sabres,nashville-predators,Jordan Greenway,Injured Reserve 2,ir2,Injured Reserve,ir,12.0,ir,False,2026-03-07,,8478413.0
buffalo-sabres,nashville-predators,Jiri Kulich,Injured Reserve 3,ir3,Injured Reserve,ir,20.0,ir,False,2026-03-07,,8483468.0
buffalo-sabres,nashville-predators,Justin Danforth,Injured Reserve 4,ir4,Injured Reserve,ir,15.0,ir,False,2026-03-07,,8479941.0
calgary-flames,carolina-hurricanes,Jonathan Huberdeau,Injured Reserve 1,ir1,Injured Reserve,ir,10.0,ir,False,2026-03-07,,8476456.0
calgary-flames,carolina-hurricanes,Samuel Honzek,Injured Reserve 2,ir2,Injured Reserve,ir,29.0,ir,False,2026-03-07,,8484180.0
calgary-flames,carolina-hurricanes,Jake Bean,Injured Reserve 3,ir3,Injured Reserve,ir,24.0,ir,False,2026-03-07,,8479402.0
calgary-flames,carolina-hurricanes,Olli Maatta,Injured Reserve 4,ir4,Injured Reserve,ir,2.0,dtd,False,2026-03-07,,
carolina-hurricanes,calgary-flames,Charles-Alexis Legault,Injured Reserve 1,ir1,Injured Reserve,ir,62.0,ir,False,2026-03-07,,
carolina-hurricanes,calgary-flames,Pyotr Kochetkov,Injured Reserve 2,ir2,Injured Reserve,ir,52.0,ir,False,2026-03-07,,
columbus-blue-jackets,utah-hockey-club,Brendan Smith,Injured Reserve 1,ir1,Injured Reserve,ir,2.0,ir,False,2026-03-07,,
columbus-blue-jackets,utah-hockey-club,Zach Werenski,Injured Reserve 2,ir2,Injured Reserve,ir,8.0,dtd,False,2026-03-07,,8478460.0
columbus-blue-jackets,utah-hockey-club,Dante Fabbro,Injured Reserve 3,ir3,Injured Reserve,ir,15.0,dtd,False,2026-03-07,,8479371.0
columbus-blue-jackets,utah-hockey-club,Mason Marchment,Injured Reserve 4,ir4,Injured Reserve,ir,27.0,dtd,False,2026-03-07,,8478975.0
los-angeles-kings,montreal-canadiens,Kevin Fiala,Injured Reserve 1,ir1,Injured Reserve,ir,22.0,ir,False,2026-03-07,,8477942.0
los-angeles-kings,montreal-canadiens,Andrei Kuzmenko,Injured Reserve 2,ir2,Injured Reserve,ir,96.0,out,False,2026-03-07,,8483808.0
los-angeles-kings,montreal-canadiens,Joel Armia,Injured Reserve 3,ir3,Injured Reserve,ir,40.0,dtd,False,2026-03-07,,8476469.0
los-angeles-kings,montreal-canadiens,Darcy Kuemper,Injured Reserve 5,ir5,Injured Reserve,ir,35.0,dtd,False,2026-03-07,,
los-angeles-kings,montreal-canadiens,Quinton Byfield,Injured Reserve 7,ir7,Injured Reserve,ir,55.0,dtd,False,2026-03-07,,8482124.0
montreal-canadiens,los-angeles-kings,Patrik Laine,Injured Reserve 1,ir1,Injured Reserve,ir,92.0,ir,False,2026-03-07,,8479339.0
montreal-canadiens,los-angeles-kings,David Reinbacher,Injured Reserve 2,ir2,Injured Reserve,ir,64.0,out,False,2026-03-07,,
montreal-canadiens,los-angeles-kings,Joe Veleno,Injured Reserve 3,ir3,Injured Reserve,ir,90.0,dtd,False,2026-03-07,,8480813.0
nashville-predators,buffalo-sabres,Adam Wilsby,Injured Reserve 1,ir1,Injured Reserve,ir,83.0,dtd,False,2026-03-07,,8482482.0
nashville-predators,buffalo-sabres,Ryan O'Reilly,Injured Reserve 2,ir2,Injured Reserve,ir,90.0,dtd,False,2026-03-07,,8475158.0
new-jersey-devils,new-york-rangers,Zack MacEwen,Injured Reserve 1,ir1,Injured Reserve,ir,,ir,False,2026-03-07,,8479772.0
new-jersey-devils,new-york-rangers,Stefan Noesen,Injured Reserve 2,ir2,Injured Reserve,ir,11.0,ir,False,2026-03-07,,8476474.0
new-jersey-devils,new-york-rangers,Brett Pesce,Injured Reserve 3,ir3,Injured Reserve,ir,22.0,dtd,False,2026-03-07,,8477488.0
new-york-islanders,san-jose-sharks,Semyon Varlamov,Injured Reserve 1,ir1,Injured Reserve,ir,40.0,ir,False,2026-03-07,,
new-york-islanders,san-jose-sharks,Pierre Engvall,Injured Reserve 2,ir2,Injured Reserve,ir,18.0,ir,False,2026-03-07,,
new-york-islanders,san-jose-sharks,Alexander Romanov,Injured Reserve 3,ir3,Injured Reserve,ir,28.0,ir,False,2026-03-07,,8481014.0
new-york-islanders,san-jose-sharks,Kyle Palmieri,Injured Reserve 4,ir4,Injured Reserve,ir,21.0,ir,False,2026-03-07,,8475151.0
new-york-rangers,new-jersey-devils,Adam Edstrom,Injured Reserve 1,ir1,Injured Reserve,ir,84.0,ir,False,2026-03-07,,8481726.0
new-york-rangers,new-jersey-devils,Matt Rempe,Injured Reserve 2,ir2,Injured Reserve,ir,73.0,ir,False,2026-03-07,,8482460.0
new-york-rangers,new-jersey-devils,J.T. Miller,Injured Reserve 3,ir3,Injured Reserve,ir,9.0,ir,False,2026-03-07,,8476468.0
new-york-rangers,new-jersey-devils,Vincent Trocheck,Injured Reserve 4,ir4,Injured Reserve,ir,16.0,dtd,False,2026-03-07,,8476389.0
new-york-rangers,new-jersey-devils,Sam Carrick,Injured Reserve 5,ir5,Injured Reserve,ir,39.0,dtd,False,2026-03-07,,8475842.0
philadelphia-flyers,pittsburgh-penguins,Tyson Foerster,Injured Reserve 1,ir1,Injured Reserve,ir,71.0,ir,False,2026-03-07,,8482159.0
philadelphia-flyers,pittsburgh-penguins,Rodrigo Abols,Injured Reserve 2,ir2,Injured Reserve,ir,18.0,ir,False,2026-03-07,,8479022.0
philadelphia-flyers,pittsburgh-penguins,Travis Konecny,Injured Reserve 3,ir3,Injured Reserve,ir,11.0,dtd,False,2026-03-07,,8478439.0
philadelphia-flyers,pittsburgh-penguins,Nick Seeler,Injured Reserve 4,ir4,Injured Reserve,ir,24.0,dtd,False,2026-03-07,,8476372.0
pittsburgh-penguins,philadelphia-flyers,Sidney Crosby,Injured Reserve 1,ir1,Injured Reserve,ir,87.0,ir,False,2026-03-07,,8471675.0
pittsburgh-penguins,philadelphia-flyers,Filip Hallander,Injured Reserve 2,ir2,Injured Reserve,ir,11.0,ir,False,2026-03-07,,8480842.0
pittsburgh-penguins,philadelphia-flyers,Joel Blomqvist,Injured Reserve 3,ir3,Injured Reserve,ir,30.0,ir,False,2026-03-07,,
pittsburgh-penguins,philadelphia-flyers,Ryan Graves,Injured Reserve 4,ir4,Injured Reserve,ir,27.0,ir,False,2026-03-07,,8477435.0
pittsburgh-penguins,philadelphia-flyers,Jack St. Ivany,Injured Reserve 5,ir5,Injured Reserve,ir,,ir,False,2026-03-07,,
san-jose-sharks,new-york-islanders,Ty Dellandrea,Injured Reserve 1,ir1,Injured Reserve,ir,10.0,ir,False,2026-03-07,,8480848.0
seattle-kraken,ottawa-senators,Matt Murray,Injured Reserve 1,ir1,Injured Reserve,ir,30.0,ir,False,2026-03-07,,
tampa-bay-lightning,toronto-maple-leafs,Maxwell Crozier,Injured Reserve 1,ir1,Injured Reserve,ir,24.0,ir,False,2026-03-07,,
tampa-bay-lightning,toronto-maple-leafs,Dominic James,Injured Reserve 2,ir2,Injured Reserve,ir,17.0,ir,False,2026-03-07,,8483752.0
tampa-bay-lightning,toronto-maple-leafs,Nick Paul,Injured Reserve 3,ir3,Injured Reserve,ir,20.0,out,False,2026-03-07,,8477426.0
tampa-bay-lightning,toronto-maple-leafs,Gage Goncalves,Injured Reserve 4,ir4,Injured Reserve,ir,93.0,out,False,2026-03-07,,8482201.0
toronto-maple-leafs,tampa-bay-lightning,Chris Tanev,Injured Reserve 1,ir1,Injured Reserve,ir,8.0,ir,False,2026-03-07,,8475690.0
toronto-maple-leafs,tampa-bay-lightning,Dakota Mermis,Injured Reserve 2,ir2,Injured Reserve,ir,36.0,ir,False,2026-03-07,,8477541.0
utah-hockey-club,columbus-blue-jackets,Mikhail Sergachev,Injured Reserve 1,ir1,Injured Reserve,ir,98.0,dtd,False,2026-03-07,,8479410.0
vancouver-canucks,winnipeg-jets,Thatcher Demko,Injured Reserve 1,ir1,Injured Reserve,ir,35.0,ir,False,2026-03-07,,
vancouver-canucks,winnipeg-jets,Derek Forbort,Injured Reserve 2,ir2,Injured Reserve,ir,27.0,ir,False,2026-03-07,,8475762.0
vancouver-canucks,winnipeg-jets,Pierre-Olivier Joseph,Injured Reserve 3,ir3,Injured Reserve,ir,7.0,ir,False,2026-03-07,,
vancouver-canucks,winnipeg-jets,Filip Chytil,Injured Reserve 4,ir4,Injured Reserve,ir,72.0,out,False,2026-03-07,,8480078.0
vancouver-canucks,winnipeg-jets,Evander Kane,Injured Reserve 5,ir5,Injured Reserve,ir,91.0,dtd,False,2026-03-07,,8475169.0
washington-capitals,boston-bruins,Sonny Milano,Injured Reserve 1,ir1,Injured Reserve,ir,15.0,dtd,False,2026-03-07,,8477947.0
washington-capitals,boston-bruins,Aliaksei Protas,Injured Reserve 2,ir2,Injured Reserve,ir,21.0,dtd,False,2026-03-07,,8481656.0
winnipeg-jets,vancouver-canucks,Colin Miller,Injured Reserve 2,ir2,Injured Reserve,ir,6.0,ir,False,2026-03-07,,8476525.0
winnipeg-jets,vancouver-canucks,Neal Pionk,Injured Reserve 3,ir3,Injured Reserve,ir,4.0,ir,False,2026-03-07,,8480145.0
winnipeg-jets,vancouver-canucks,Josh Morrissey,Injured Reserve 4,ir4,Injured Reserve,ir,44.0,ir,False,2026-03-07,,8477504.0
winnipeg-jets,vancouver-canucks,Nino Niederreiter,Injured Reserve 5,ir5,Injured Reserve,ir,62.0,out,False,2026-03-07,,8475799.0
winnipeg-jets,vancouver-canucks,Vladislav Namestnikov,Injured Reserve 6,ir6,Injured Reserve,ir,7.0,out,False,2026-03-07,,8476480.0
anaheim-ducks,st-louis-blues,Petr Mrazek,Injured Reserve 1,ir1,Injured Reserve,ir,34.0,ir,False,2026-03-08,,
anaheim-ducks,st-louis-blues,Mikael Granlund,Injured Reserve 2,ir2,Injured Reserve,ir,64.0,ir,False,2026-03-08,,8475798.0
anaheim-ducks,st-louis-blues,Troy Terry,Injured Reserve 4,ir4,Injured Reserve,ir,19.0,dtd,False,2026-03-08,,8478873.0
anaheim-ducks,st-louis-blues,John Carlson,Injured Reserve 5,ir5,Injured Reserve,ir,74.0,dtd,False,2026-03-08,,8474590.0
buffalo-sabres,tampa-bay-lightning,Conor Timmins,Injured Reserve 1,ir1,Injured Reserve,ir,21.0,ir,False,2026-03-08,,8479982.0
buffalo-sabres,tampa-bay-lightning,Jordan Greenway,Injured Reserve 2,ir2,Injured Reserve,ir,12.0,ir,False,2026-03-08,,8478413.0
buffalo-sabres,tampa-bay-lightning,Jiri Kulich,Injured Reserve 3,ir3,Injured Reserve,ir,20.0,ir,False,2026-03-08,,8483468.0
buffalo-sabres,tampa-bay-lightning,Justin Danforth,Injured Reserve 4,ir4,Injured Reserve,ir,15.0,ir,False,2026-03-08,,8479941.0
chicago-blackhawks,dallas-stars,Spencer Knight,Injured Reserve 1,ir1,Injured Reserve,ir,30.0,dtd,False,2026-03-08,,
colorado-avalanche,minnesota-wild,Logan O'Connor,Injured Reserve 1,ir1,Injured Reserve,ir,25.0,out,False,2026-03-08,,
colorado-avalanche,minnesota-wild,Artturi Lehkonen,Injured Reserve 2,ir2,Injured Reserve,ir,62.0,out,False,2026-03-08,,8477476.0
dallas-stars,chicago-blackhawks,Tyler Seguin,Injured Reserve 1,ir1,Injured Reserve,ir,91.0,ir,False,2026-03-08,,8475794.0
dallas-stars,chicago-blackhawks,Lian Bichsel,Injured Reserve 2,ir2,Injured Reserve,ir,6.0,ir,False,2026-03-08,,8483425.0
dallas-stars,chicago-blackhawks,Mikko Rantanen,Injured Reserve 3,ir3,Injured Reserve,ir,96.0,ir,False,2026-03-08,,8478420.0
dallas-stars,chicago-blackhawks,Radek Faksa,Injured Reserve 4,ir4,Injured Reserve,ir,12.0,ir,False,2026-03-08,,8476889.0
dallas-stars,chicago-blackhawks,Roope Hintz,Injured Reserve 5,ir5,Injured Reserve,ir,24.0,out,False,2026-03-08,,8478449.0
detroit-red-wings,new-jersey-devils,David Perron,Injured Reserve 1,ir1,Injured Reserve,ir,57.0,ir,False,2026-03-08,,8474102.0
detroit-red-wings,new-jersey-devils,Dylan Larkin,Injured Reserve 2,ir2,Injured Reserve,ir,71.0,dtd,False,2026-03-08,,8477946.0
edmonton-oilers,vegas-golden-knights,Mattias Janmark,Injured Reserve 1,ir1,Injured Reserve,ir,13.0,ir,False,2026-03-08,,8477406.0
edmonton-oilers,vegas-golden-knights,Curtis Lazar,Injured Reserve 2,ir2,Injured Reserve,ir,20.0,out,False,2026-03-08,,8477508.0
minnesota-wild,colorado-avalanche,Marcus Foligno,Injured Reserve 1,ir1,Injured Reserve,ir,17.0,ir,False,2026-03-08,,8475220.0
minnesota-wild,colorado-avalanche,Marcus Johansson,Injured Reserve 2,ir2,Injured Reserve,ir,90.0,dtd,False,2026-03-08,,8475149.0
new-jersey-devils,detroit-red-wings,Zack MacEwen,Injured Reserve 1,ir1,Injured Reserve,ir,,ir,False,2026-03-08,,8479772.0
new-jersey-devils,detroit-red-wings,Stefan Noesen,Injured Reserve 2,ir2,Injured Reserve,ir,11.0,ir,False,2026-03-08,,8476474.0
new-jersey-devils,detroit-red-wings,Brett Pesce,Injured Reserve 3,ir3,Injured Reserve,ir,22.0,dtd,False,2026-03-08,,8477488.0
pittsburgh-penguins,boston-bruins,Sidney Crosby,Injured Reserve 1,ir1,Injured Reserve,ir,87.0,ir,False,2026-03-08,,8471675.0
pittsburgh-penguins,boston-bruins,Filip Hallander,Injured Reserve 2,ir2,Injured Reserve,ir,11.0,ir,False,2026-03-08,,8480842.0
pittsburgh-penguins,boston-bruins,Joel Blomqvist,Injured Reserve 3,ir3,Injured Reserve,ir,30.0,ir,False,2026-03-08,,
pittsburgh-penguins,boston-bruins,Ryan Graves,Injured Reserve 4,ir4,Injured Reserve,ir,27.0,ir,False,2026-03-08,,8477435.0
pittsburgh-penguins,boston-bruins,Jack St. Ivany,Injured Reserve 5,ir5,Injured Reserve,ir,,ir,False,2026-03-08,,
pittsburgh-penguins,boston-bruins,Evgeni Malkin,Injured Reserve 6,ir6,Injured Reserve,ir,71.0,out,False,2026-03-08,,8471215.0
st-louis-blues,anaheim-ducks,Colton Parayko,Injured Reserve 1,ir1,Injured Reserve,ir,55.0,dtd,False,2026-03-08,,8476892.0
tampa-bay-lightning,buffalo-sabres,Maxwell Crozier,Injured Reserve 1,ir1,Injured Reserve,ir,24.0,ir,False,2026-03-08,,
tampa-bay-lightning,buffalo-sabres,Dominic James,Injured Reserve 2,ir2,Injured Reserve,ir,17.0,ir,False,2026-03-08,,8483752.0
tampa-bay-lightning,buffalo-sabres,Nick Paul,Injured Reserve 3,ir3,Injured Reserve,ir,20.0,out,False,2026-03-08,,8477426.0
tampa-bay-lightning,buffalo-sabres,Gage Goncalves,Injured Reserve 4,ir4,Injured Reserve,ir,93.0,out,False,2026-03-08,,8482201.0
vegas-golden-knights,edmonton-oilers,Carter Hart,Injured Reserve 1,ir1,Injured Reserve,ir,79.0,ir,False,2026-03-08,,
vegas-golden-knights,edmonton-oilers,William Karlsson,Injured Reserve 2,ir2,Injured Reserve,ir,71.0,ir,False,2026-03-08,,8476448.0
vegas-golden-knights,edmonton-oilers,Brett Howden,Injured Reserve 3,ir3,Injured Reserve,ir,21.0,ir,False,2026-03-08,,8479353.0
vegas-golden-knights,edmonton-oilers,Mark Stone,Injured Reserve 4,ir4,Injured Reserve,ir,61.0,dtd,False,2026-03-08,,8475913.0
vegas-golden-knights,edmonton-oilers,Alexander Holtz,Injured Reserve 5,ir5,Injured Reserve,ir,26.0,dtd,False,2026-03-08,,8482125.0
calgary-flames,washington-capitals,Jonathan Huberdeau,Injured Reserve 1,ir1,Injured Reserve,ir,10.0,ir,False,2026-03-09,,8476456.0
calgary-flames,washington-capitals,Samuel Honzek,Injured Reserve 2,ir2,Injured Reserve,ir,29.0,ir,False,2026-03-09,,8484180.0
calgary-flames,washington-capitals,Jake Bean,Injured Reserve 3,ir3,Injured Reserve,ir,24.0,ir,False,2026-03-09,,8479402.0
calgary-flames,washington-capitals,Joel Hanley,Injured Reserve 4,ir4,Injured Reserve,ir,44.0,dtd,False,2026-03-09,,8477810.0
chicago-blackhawks,utah-hockey-club,Spencer Knight,Injured Reserve 1,ir1,Injured Reserve,ir,30.0,dtd,False,2026-03-09,,
chicago-blackhawks,utah-hockey-club,Oliver Moore,Injured Reserve 2,ir2,Injured Reserve,ir,11.0,dtd,False,2026-03-09,,8484197.0
columbus-blue-jackets,los-angeles-kings,Brendan Smith,Injured Reserve 1,ir1,Injured Reserve,ir,2.0,ir,False,2026-03-09,,
columbus-blue-jackets,los-angeles-kings,Dante Fabbro,Injured Reserve 2,ir2,Injured Reserve,ir,15.0,dtd,False,2026-03-09,,8479371.0
los-angeles-kings,columbus-blue-jackets,Kevin Fiala,Injured Reserve 1,ir1,Injured Reserve,ir,22.0,ir,False,2026-03-09,,8477942.0
los-angeles-kings,columbus-blue-jackets,Andrei Kuzmenko,Injured Reserve 2,ir2,Injured Reserve,ir,96.0,out,False,2026-03-09,,8483808.0
los-angeles-kings,columbus-blue-jackets,Joel Armia,Injured Reserve 3,ir3,Injured Reserve,ir,40.0,dtd,False,2026-03-09,,8476469.0
new-york-rangers,philadelphia-flyers,J.T. Miller,Injured Reserve 1,ir1,Injured Reserve,ir,9.0,ir,False,2026-03-09,,8476468.0
new-york-rangers,philadelphia-flyers,Matt Rempe,Injured Reserve 2,ir2,Injured Reserve,ir,73.0,ir,False,2026-03-09,,8482460.0
philadelphia-flyers,new-york-rangers,Tyson Foerster,Injured Reserve 1,ir1,Injured Reserve,ir,71.0,ir,False,2026-03-09,,8482159.0
philadelphia-flyers,new-york-rangers,Rodrigo Abols,Injured Reserve 2,ir2,Injured Reserve,ir,18.0,ir,False,2026-03-09,,8479022.0
philadelphia-flyers,new-york-rangers,Travis Konecny,Injured Reserve 3,ir3,Injured Reserve,ir,11.0,dtd,False,2026-03-09,,8478439.0
philadelphia-flyers,new-york-rangers,Nick Seeler,Injured Reserve 4,ir4,Injured Reserve,ir,24.0,dtd,False,2026-03-09,,8476372.0
vancouver-canucks,ottawa-senators,Thatcher Demko,Injured Reserve 1,ir1,Injured Reserve,ir,35.0,ir,False,2026-03-09,,
vancouver-canucks,ottawa-senators,Derek Forbort,Injured Reserve 2,ir2,Injured Reserve,ir,27.0,ir,False,2026-03-09,,8475762.0
vancouver-canucks,ottawa-senators,Pierre-Olivier Joseph,Injured Reserve 3,ir3,Injured Reserve,ir,7.0,ir,False,2026-03-09,,
vancouver-canucks,ottawa-senators,Filip Chytil,Injured Reserve 4,ir4,Injured Reserve,ir,72.0,out,False,2026-03-09,,8480078.0
washington-capitals,calgary-flames,Sonny Milano,Injured Reserve 1,ir1,Injured Reserve,ir,15.0,dtd,False,2026-03-09,,8477947.0
washington-capitals,calgary-flames,Aliaksei Protas,Injured Reserve 2,ir2,Injured Reserve,ir,21.0,dtd,False,2026-03-09,,8481656.0
anaheim-ducks,winnipeg-jets,Petr Mrazek,Injured Reserve 1,ir1,Injured Reserve,ir,34.0,ir,False,2026-03-10,,
anaheim-ducks,winnipeg-jets,John Carlson,Injured Reserve 2,ir2,Injured Reserve,ir,74.0,dtd,False,2026-03-10,,8474590.0
anaheim-ducks,winnipeg-jets,Troy Terry,Injured Reserve 3,ir3,Injured Reserve,ir,19.0,dtd,False,2026-03-10,,8478873.0
buffalo-sabres,san-jose-sharks,Conor Timmins,Injured Reserve 1,ir1,Injured Reserve,ir,21.0,ir,False,2026-03-10,,8479982.0
buffalo-sabres,san-jose-sharks,Jordan Greenway,Injured Reserve 2,ir2,Injured Reserve,ir,12.0,ir,False,2026-03-10,,8478413.0
buffalo-sabres,san-jose-sharks,Jiri Kulich,Injured Reserve 3,ir3,Injured Reserve,ir,20.0,ir,False,2026-03-10,,8483468.0
buffalo-sabres,san-jose-sharks,Justin Danforth,Injured Reserve 4,ir4,Injured Reserve,ir,15.0,ir,False,2026-03-10,,8479941.0
calgary-flames,new-york-rangers,Jonathan Huberdeau,Injured Reserve 1,ir1,Injured Reserve,ir,10.0,ir,False,2026-03-10,,8476456.0
calgary-flames,new-york-rangers,Samuel Honzek,Injured Reserve 2,ir2,Injured Reserve,ir,29.0,ir,False,2026-03-10,,8484180.0
calgary-flames,new-york-rangers,Jake Bean,Injured Reserve 3,ir3,Injured Reserve,ir,24.0,ir,False,2026-03-10,,8479402.0
calgary-flames,new-york-rangers,Joel Hanley,Injured Reserve 4,ir4,Injured Reserve,ir,44.0,dtd,False,2026-03-10,,8477810.0
calgary-flames,new-york-rangers,Zach Whitecloud,Injured Reserve 5,ir5,Injured Reserve,ir,28.0,dtd,False,2026-03-10,,8480727.0
carolina-hurricanes,pittsburgh-penguins,Charles-Alexis Legault,Injured Reserve 1,ir1,Injured Reserve,ir,62.0,ir,False,2026-03-10,,
carolina-hurricanes,pittsburgh-penguins,Pyotr Kochetkov,Injured Reserve 2,ir2,Injured Reserve,ir,52.0,ir,False,2026-03-10,,
carolina-hurricanes,pittsburgh-penguins,Shayne Gostisbehere,Injured Reserve 3,ir3,Injured Reserve,ir,4.0,dtd,False,2026-03-10,,8476906.0
colorado-avalanche,edmonton-oilers,Logan O'Connor,Injured Reserve 1,ir1,Injured Reserve,ir,25.0,out,False,2026-03-10,,
colorado-avalanche,edmonton-oilers,Artturi Lehkonen,Injured Reserve 2,ir2,Injured Reserve,ir,62.0,out,False,2026-03-10,,8477476.0
colorado-avalanche,edmonton-oilers,Gabriel Landeskog,Injured Reserve 3,ir3,Injured Reserve,ir,92.0,out,False,2026-03-10,,8476455.0
columbus-blue-jackets,tampa-bay-lightning,Brendan Smith,Injured Reserve 1,ir1,Injured Reserve,ir,2.0,ir,False,2026-03-10,,
columbus-blue-jackets,tampa-bay-lightning,Erik Gudbranson,Injured Reserve 2,ir2,Injured Reserve,ir,44.0,dtd,False,2026-03-10,,8475790.0
dallas-stars,vegas-golden-knights,Tyler Seguin,Injured Reserve 1,ir1,Injured Reserve,ir,91.0,ir,False,2026-03-10,,8475794.0
dallas-stars,vegas-golden-knights,Lian Bichsel,Injured Reserve 2,ir2,Injured Reserve,ir,6.0,ir,False,2026-03-10,,8483425.0
dallas-stars,vegas-golden-knights,Mikko Rantanen,Injured Reserve 3,ir3,Injured Reserve,ir,96.0,ir,False,2026-03-10,,8478420.0
dallas-stars,vegas-golden-knights,Radek Faksa,Injured Reserve 4,ir4,Injured Reserve,ir,12.0,ir,False,2026-03-10,,8476889.0
dallas-stars,vegas-golden-knights,Roope Hintz,Injured Reserve 5,ir5,Injured Reserve,ir,24.0,out,False,2026-03-10,,8478449.0
detroit-red-wings,florida-panthers,David Perron,Injured Reserve 1,ir1,Injured Reserve,ir,57.0,ir,False,2026-03-10,,8474102.0
detroit-red-wings,florida-panthers,Dylan Larkin,Injured Reserve 2,ir2,Injured Reserve,ir,71.0,dtd,False,2026-03-10,,8477946.0
detroit-red-wings,florida-panthers,John Gibson,Injured Reserve 3,ir3,Injured Reserve,ir,36.0,dtd,False,2026-03-10,,
edmonton-oilers,colorado-avalanche,Mattias Janmark,Injured Reserve 1,ir1,Injured Reserve,ir,13.0,ir,False,2026-03-10,,8477406.0
edmonton-oilers,colorado-avalanche,Curtis Lazar,Injured Reserve 2,ir2,Injured Reserve,ir,20.0,out,False,2026-03-10,,8477508.0
florida-panthers,detroit-red-wings,Aleksander Barkov,Injured Reserve 1,ir1,Injured Reserve,ir,16.0,ir,False,2026-03-10,,
florida-panthers,detroit-red-wings,Cole Schwindt,Injured Reserve 2,ir2,Injured Reserve,ir,79.0,ir,False,2026-03-10,,8481655.0
florida-panthers,detroit-red-wings,Jonah Gadjovich,Injured Reserve 3,ir3,Injured Reserve,ir,12.0,ir,False,2026-03-10,,8479981.0
florida-panthers,detroit-red-wings,Seth Jones,Injured Reserve 4,ir4,Injured Reserve,ir,3.0,ir,False,2026-03-10,,8477495.0
florida-panthers,detroit-red-wings,Brad Marchand,Injured Reserve 5,ir5,Injured Reserve,ir,63.0,dtd,False,2026-03-10,,8473419.0
los-angeles-kings,boston-bruins,Kevin Fiala,Injured Reserve 1,ir1,Injured Reserve,ir,22.0,ir,False,2026-03-10,,8477942.0
los-angeles-kings,boston-bruins,Andrei Kuzmenko,Injured Reserve 2,ir2,Injured Reserve,ir,96.0,out,False,2026-03-10,,8483808.0
los-angeles-kings,boston-bruins,Joel Armia,Injured Reserve 3,ir3,Injured Reserve,ir,40.0,dtd,False,2026-03-10,,8476469.0
minnesota-wild,utah-hockey-club,Marcus Foligno,Injured Reserve 1,ir1,Injured Reserve,ir,17.0,ir,False,2026-03-10,,8475220.0
minnesota-wild,utah-hockey-club,Marcus Johansson,Injured Reserve 2,ir2,Injured Reserve,ir,90.0,dtd,False,2026-03-10,,8475149.0
montreal-canadiens,toronto-maple-leafs,Patrik Laine,Injured Reserve 1,ir1,Injured Reserve,ir,92.0,ir,False,2026-03-10,,8479339.0
montreal-canadiens,toronto-maple-leafs,David Reinbacher,Injured Reserve 2,ir2,Injured Reserve,ir,64.0,out,False,2026-03-10,,
montreal-canadiens,toronto-maple-leafs,Joe Veleno,Injured Reserve 3,ir3,Injured Reserve,ir,90.0,dtd,False,2026-03-10,,8480813.0
nashville-predators,seattle-kraken,Adam Wilsby,Injured Reserve 1,ir1,Injured Reserve,ir,83.0,dtd,False,2026-03-10,,8482482.0
nashville-predators,seattle-kraken,Ryan O'Reilly,Injured Reserve 2,ir2,Injured Reserve,ir,90.0,dtd,False,2026-03-10,,8475158.0
new-york-islanders,st-louis-blues,Semyon Varlamov,Injured Reserve 1,ir1,Injured Reserve,ir,40.0,ir,False,2026-03-10,,
new-york-islanders,st-louis-blues,Pierre Engvall,Injured Reserve 2,ir2,Injured Reserve,ir,18.0,ir,False,2026-03-10,,
new-york-islanders,st-louis-blues,Alexander Romanov,Injured Reserve 3,ir3,Injured Reserve,ir,28.0,ir,False,2026-03-10,,8481014.0
new-york-islanders,st-louis-blues,Kyle Palmieri,Injured Reserve 4,ir4,Injured Reserve,ir,21.0,ir,False,2026-03-10,,8475151.0
new-york-rangers,calgary-flames,J.T. Miller,Injured Reserve 1,ir1,Injured Reserve,ir,9.0,ir,False,2026-03-10,,8476468.0
new-york-rangers,calgary-flames,Matt Rempe,Injured Reserve 2,ir2,Injured Reserve,ir,73.0,ir,False,2026-03-10,,8482460.0
pittsburgh-penguins,carolina-hurricanes,Sidney Crosby,Injured Reserve 1,ir1,Injured Reserve,ir,87.0,ir,False,2026-03-10,,8471675.0
pittsburgh-penguins,carolina-hurricanes,Filip Hallander,Injured Reserve 2,ir2,Injured Reserve,ir,11.0,ir,False,2026-03-10,,8480842.0
pittsburgh-penguins,carolina-hurricanes,Joel Blomqvist,Injured Reserve 3,ir3,Injured Reserve,ir,30.0,ir,False,2026-03-10,,
pittsburgh-penguins,carolina-hurricanes,Ryan Graves,Injured Reserve 4,ir4,Injured Reserve,ir,27.0,ir,False,2026-03-10,,8477435.0
pittsburgh-penguins,carolina-hurricanes,Jack St. Ivany,Injured Reserve 5,ir5,Injured Reserve,ir,,ir,False,2026-03-10,,
pittsburgh-penguins,carolina-hurricanes,Evgeni Malkin,Injured Reserve 6,ir6,Injured Reserve,ir,71.0,out,False,2026-03-10,,8471215.0
pittsburgh-penguins,carolina-hurricanes,Justin Brazeau,Injured Reserve 7,ir7,Injured Reserve,ir,15.0,dtd,False,2026-03-10,,8479638.0
san-jose-sharks,buffalo-sabres,Ty Dellandrea,Injured Reserve 1,ir1,Injured Reserve,ir,10.0,ir,False,2026-03-10,,8480848.0
seattle-kraken,nashville-predators,Matt Murray,Injured Reserve 1,ir1,Injured Reserve,ir,30.0,ir,False,2026-03-10,,
seattle-kraken,nashville-predators,Frederick Gaudreau,Injured Reserve 2,ir2,Injured Reserve,ir,89.0,dtd,False,2026-03-10,,8477919.0
seattle-kraken,nashville-predators,Ryan Lindgren,Injured Reserve 3,ir3,Injured Reserve,ir,55.0,dtd,False,2026-03-10,,8479324.0
seattle-kraken,nashville-predators,Jaden Schwartz,Injured Reserve 4,ir4,Injured Reserve,ir,17.0,out,False,2026-03-10,,8475768.0
st-louis-blues,new-york-islanders,Colton Parayko,Injured Reserve 1,ir1,Injured Reserve,ir,55.0,dtd,False,2026-03-10,,8476892.0
tampa-bay-lightning,columbus-blue-jackets,Maxwell Crozier,Injured Reserve 1,ir1,Injured Reserve,ir,24.0,ir,False,2026-03-10,,
tampa-bay-lightning,columbus-blue-jackets,Dominic James,Injured Reserve 2,ir2,Injured Reserve,ir,17.0,ir,False,2026-03-10,,8483752.0
tampa-bay-lightning,columbus-blue-jackets,Nick Paul,Injured Reserve 3,ir3,Injured Reserve,ir,20.0,out,False,2026-03-10,,8477426.0
tampa-bay-lightning,columbus-blue-jackets,Gage Goncalves,Injured Reserve 4,ir4,Injured Reserve,ir,93.0,out,False,2026-03-10,,8482201.0
tampa-bay-lightning,columbus-blue-jackets,Erik Cernak,Injured Reserve 5,ir5,Injured Reserve,ir,81.0,dtd,False,2026-03-10,,8478416.0
toronto-maple-leafs,montreal-canadiens,Chris Tanev,Injured Reserve 1,ir1,Injured Reserve,ir,8.0,ir,False,2026-03-10,,8475690.0
toronto-maple-leafs,montreal-canadiens,Dakota Mermis,Injured Reserve 2,ir2,Injured Reserve,ir,36.0,ir,False,2026-03-10,,8477541.0
vegas-golden-knights,dallas-stars,Carter Hart,Injured Reserve 1,ir1,Injured Reserve,ir,79.0,ir,False,2026-03-10,,
vegas-golden-knights,dallas-stars,William Karlsson,Injured Reserve 2,ir2,Injured Reserve,ir,71.0,ir,False,2026-03-10,,8476448.0
vegas-golden-knights,dallas-stars,Alexander Holtz,Injured Reserve 3,ir3,Injured Reserve,ir,26.0,dtd,False,2026-03-10,,8482125.0
vegas-golden-knights,dallas-stars,Mark Stone,Injured Reserve 4,ir4,Injured Reserve,ir,61.0,dtd,False,2026-03-10,,8475913.0
winnipeg-jets,anaheim-ducks,Colin Miller,Injured Reserve 2,ir2,Injured Reserve,ir,6.0,ir,False,2026-03-10,,8476525.0
winnipeg-jets,anaheim-ducks,Neal Pionk,Injured Reserve 3,ir3,Injured Reserve,ir,4.0,ir,False,2026-03-10,,8480145.0
winnipeg-jets,anaheim-ducks,Vladislav Namestnikov,Injured Reserve 4,ir4,Injured Reserve,ir,7.0,out,False,2026-03-10,,8476480.0
winnipeg-jets,anaheim-ducks,Nino Niederreiter,Injured Reserve 5,ir5,Injured Reserve,ir,62.0,out,False,2026-03-10,,8475799.0
montreal-canadiens,ottawa-senators,Patrik Laine,Injured Reserve 1,ir1,Injured Reserve,ir,92.0,ir,False,2026-03-11,,8479339.0
montreal-canadiens,ottawa-senators,David Reinbacher,Injured Reserve 2,ir2,Injured Reserve,ir,64.0,out,False,2026-03-11,,
montreal-canadiens,ottawa-senators,Joe Veleno,Injured Reserve 3,ir3,Injured Reserve,ir,90.0,dtd,False,2026-03-11,,8480813.0
ottawa-senators,montreal-canadiens,Jake Sanderson,Injured Reserve 1,ir1,Injured Reserve,ir,85.0,out,False,2026-03-11,,8482105.0
philadelphia-flyers,washington-capitals,Tyson Foerster,Injured Reserve 1,ir1,Injured Reserve,ir,71.0,ir,False,2026-03-11,,8482159.0
philadelphia-flyers,washington-capitals,Rodrigo Abols,Injured Reserve 2,ir2,Injured Reserve,ir,18.0,ir,False,2026-03-11,,8479022.0
washington-capitals,philadelphia-flyers,Sonny Milano,Injured Reserve 1,ir1,Injured Reserve,ir,15.0,dtd,False,2026-03-11,,8477947.0
washington-capitals,philadelphia-flyers,Aliaksei Protas,Injured Reserve 2,ir2,Injured Reserve,ir,21.0,dtd,False,2026-03-11,,8481656.0
anaheim-ducks,toronto-maple-leafs,Petr Mrazek,Injured Reserve 1,ir1,Injured Reserve,ir,34.0,ir,False,2026-03-12,,
anaheim-ducks,toronto-maple-leafs,John Carlson,Injured Reserve 2,ir2,Injured Reserve,ir,74.0,dtd,False,2026-03-12,,8474590.0
anaheim-ducks,toronto-maple-leafs,Troy Terry,Injured Reserve 3,ir3,Injured Reserve,ir,19.0,dtd,False,2026-03-12,,8478873.0
buffalo-sabres,washington-capitals,Conor Timmins,Injured Reserve 1,ir1,Injured Reserve,ir,21.0,ir,False,2026-03-12,,8479982.0
buffalo-sabres,washington-capitals,Jordan Greenway,Injured Reserve 2,ir2,Injured Reserve,ir,12.0,ir,False,2026-03-12,,8478413.0
buffalo-sabres,washington-capitals,Jiri Kulich,Injured Reserve 3,ir3,Injured Reserve,ir,20.0,ir,False,2026-03-12,,8483468.0
buffalo-sabres,washington-capitals,Justin Danforth,Injured Reserve 4,ir4,Injured Reserve,ir,15.0,ir,False,2026-03-12,,8479941.0
calgary-flames,new-jersey-devils,Jonathan Huberdeau,Injured Reserve 1,ir1,Injured Reserve,ir,10.0,ir,False,2026-03-12,,8476456.0
calgary-flames,new-jersey-devils,Samuel Honzek,Injured Reserve 2,ir2,Injured Reserve,ir,29.0,ir,False,2026-03-12,,8484180.0
calgary-flames,new-jersey-devils,Jake Bean,Injured Reserve 3,ir3,Injured Reserve,ir,24.0,ir,False,2026-03-12,,8479402.0
calgary-flames,new-jersey-devils,Zach Whitecloud,Injured Reserve 4,ir4,Injured Reserve,ir,28.0,dtd,False,2026-03-12,,8480727.0
carolina-hurricanes,st-louis-blues,Charles-Alexis Legault,Injured Reserve 1,ir1,Injured Reserve,ir,62.0,ir,False,2026-03-12,,
carolina-hurricanes,st-louis-blues,Pyotr Kochetkov,Injured Reserve 2,ir2,Injured Reserve,ir,52.0,ir,False,2026-03-12,,
carolina-hurricanes,st-louis-blues,Shayne Gostisbehere,Injured Reserve 3,ir3,Injured Reserve,ir,4.0,dtd,False,2026-03-12,,8476906.0
chicago-blackhawks,utah-hockey-club,Oliver Moore,Injured Reserve 1,ir1,Injured Reserve,ir,11.0,dtd,False,2026-03-12,,8484197.0
colorado-avalanche,seattle-kraken,Logan O'Connor,Injured Reserve 1,ir1,Injured Reserve,ir,25.0,out,False,2026-03-12,,
colorado-avalanche,seattle-kraken,Artturi Lehkonen,Injured Reserve 2,ir2,Injured Reserve,ir,62.0,out,False,2026-03-12,,8477476.0
colorado-avalanche,seattle-kraken,Gabriel Landeskog,Injured Reserve 3,ir3,Injured Reserve,ir,92.0,out,False,2026-03-12,,8476455.0
colorado-avalanche,seattle-kraken,Ross Colton,Injured Reserve 4,ir4,Injured Reserve,ir,20.0,dtd,False,2026-03-12,,8479525.0
columbus-blue-jackets,florida-panthers,Brendan Smith,Injured Reserve 1,ir1,Injured Reserve,ir,2.0,ir,False,2026-03-12,,
columbus-blue-jackets,florida-panthers,Erik Gudbranson,Injured Reserve 2,ir2,Injured Reserve,ir,44.0,dtd,False,2026-03-12,,8475790.0
dallas-stars,edmonton-oilers,Tyler Seguin,Injured Reserve 1,ir1,Injured Reserve,ir,91.0,ir,False,2026-03-12,,8475794.0
dallas-stars,edmonton-oilers,Radek Faksa,Injured Reserve 2,ir2,Injured Reserve,ir,12.0,ir,False,2026-03-12,,8476889.0
dallas-stars,edmonton-oilers,Mikko Rantanen,Injured Reserve 3,ir3,Injured Reserve,ir,96.0,ir,False,2026-03-12,,8478420.0
dallas-stars,edmonton-oilers,Roope Hintz,Injured Reserve 4,ir4,Injured Reserve,ir,24.0,out,False,2026-03-12,,8478449.0
detroit-red-wings,tampa-bay-lightning,David Perron,Injured Reserve 1,ir1,Injured Reserve,ir,57.0,ir,False,2026-03-12,,8474102.0
detroit-red-wings,tampa-bay-lightning,Dylan Larkin,Injured Reserve 2,ir2,Injured Reserve,ir,71.0,out,False,2026-03-12,,8477946.0
detroit-red-wings,tampa-bay-lightning,Andrew Copp,Injured Reserve 3,ir3,Injured Reserve,ir,18.0,out,False,2026-03-12,,8477429.0
edmonton-oilers,dallas-stars,Mattias Janmark,Injured Reserve 1,ir1,Injured Reserve,ir,13.0,ir,False,2026-03-12,,8477406.0
edmonton-oilers,dallas-stars,Curtis Lazar,Injured Reserve 2,ir2,Injured Reserve,ir,20.0,out,False,2026-03-12,,8477508.0
edmonton-oilers,dallas-stars,Ty Emberson,Injured Reserve 3,ir3,Injured Reserve,ir,49.0,dtd,False,2026-03-12,,8480834.0
edmonton-oilers,dallas-stars,Colton Dach,Injured Reserve 4,ir4,Injured Reserve,ir,34.0,dtd,False,2026-03-12,,8482703.0
edmonton-oilers,dallas-stars,Connor Ingram,Injured Reserve 5,ir5,Injured Reserve,ir,39.0,dtd,False,2026-03-12,,
florida-panthers,columbus-blue-jackets,Aleksander Barkov,Injured Reserve 1,ir1,Injured Reserve,ir,16.0,ir,False,2026-03-12,,
florida-panthers,columbus-blue-jackets,Cole Schwindt,Injured Reserve 2,ir2,Injured Reserve,ir,79.0,ir,False,2026-03-12,,8481655.0
florida-panthers,columbus-blue-jackets,Jonah Gadjovich,Injured Reserve 3,ir3,Injured Reserve,ir,12.0,ir,False,2026-03-12,,8479981.0
florida-panthers,columbus-blue-jackets,Seth Jones,Injured Reserve 4,ir4,Injured Reserve,ir,3.0,ir,False,2026-03-12,,8477495.0
florida-panthers,columbus-blue-jackets,Brad Marchand,Injured Reserve 5,ir5,Injured Reserve,ir,63.0,dtd,False,2026-03-12,,8473419.0
florida-panthers,columbus-blue-jackets,Cole Reinhardt,Injured Reserve 6,ir6,Injured Reserve,ir,23.0,dtd,False,2026-03-12,,8481133.0
florida-panthers,columbus-blue-jackets,Sam Reinhart,Injured Reserve 7,ir7,Injured Reserve,ir,13.0,dtd,False,2026-03-12,,8477933.0
minnesota-wild,philadelphia-flyers,Marcus Foligno,Injured Reserve 1,ir1,Injured Reserve,ir,17.0,ir,False,2026-03-12,,8475220.0
nashville-predators,vancouver-canucks,Adam Wilsby,Injured Reserve 1,ir1,Injured Reserve,ir,83.0,dtd,False,2026-03-12,,8482482.0
new-jersey-devils,calgary-flames,Zack MacEwen,Injured Reserve 1,ir1,Injured Reserve,ir,,ir,False,2026-03-12,,8479772.0
new-jersey-devils,calgary-flames,Stefan Noesen,Injured Reserve 2,ir2,Injured Reserve,ir,11.0,ir,False,2026-03-12,,8476474.0
new-jersey-devils,calgary-flames,Brett Pesce,Injured Reserve 3,ir3,Injured Reserve,ir,22.0,dtd,False,2026-03-12,,8477488.0
new-york-rangers,winnipeg-jets,J.T. Miller,Injured Reserve 1,ir1,Injured Reserve,ir,9.0,ir,False,2026-03-12,,8476468.0
new-york-rangers,winnipeg-jets,Matt Rempe,Injured Reserve 2,ir2,Injured Reserve,ir,73.0,ir,False,2026-03-12,,8482460.0
philadelphia-flyers,minnesota-wild,Tyson Foerster,Injured Reserve 1,ir1,Injured Reserve,ir,71.0,ir,False,2026-03-12,,8482159.0
philadelphia-flyers,minnesota-wild,Rodrigo Abols,Injured Reserve 2,ir2,Injured Reserve,ir,18.0,ir,False,2026-03-12,,8479022.0
pittsburgh-penguins,vegas-golden-knights,Sidney Crosby,Injured Reserve 1,ir1,Injured Reserve,ir,87.0,ir,False,2026-03-12,,8471675.0
pittsburgh-penguins,vegas-golden-knights,Filip Hallander,Injured Reserve 2,ir2,Injured Reserve,ir,11.0,ir,False,2026-03-12,,8480842.0
pittsburgh-penguins,vegas-golden-knights,Joel Blomqvist,Injured Reserve 3,ir3,Injured Reserve,ir,30.0,ir,False,2026-03-12,,
pittsburgh-penguins,vegas-golden-knights,Ryan Graves,Injured Reserve 4,ir4,Injured Reserve,ir,27.0,ir,False,2026-03-12,,8477435.0
pittsburgh-penguins,vegas-golden-knights,Jack St. Ivany,Injured Reserve 5,ir5,Injured Reserve,ir,,ir,False,2026-03-12,,
pittsburgh-penguins,vegas-golden-knights,Evgeni Malkin,Injured Reserve 6,ir6,Injured Reserve,ir,71.0,out,False,2026-03-12,,8471215.0
pittsburgh-penguins,vegas-golden-knights,Justin Brazeau,Injured Reserve 7,ir7,Injured Reserve,ir,15.0,out,False,2026-03-12,,8479638.0
pittsburgh-penguins,vegas-golden-knights,Samuel Girard,Injured Reserve 8,ir8,Injured Reserve,ir,49.0,dtd,False,2026-03-12,,8479398.0
san-jose-sharks,boston-bruins,Ty Dellandrea,Injured Reserve 1,ir1,Injured Reserve,ir,10.0,ir,False,2026-03-12,,8480848.0
san-jose-sharks,boston-bruins,William Eklund,Injured Reserve 2,ir2,Injured Reserve,ir,72.0,dtd,False,2026-03-12,,8482667.0
seattle-kraken,colorado-avalanche,Frederick Gaudreau,Injured Reserve 1,ir1,Injured Reserve,ir,89.0,dtd,False,2026-03-12,,8477919.0
seattle-kraken,colorado-avalanche,Jaden Schwartz,Injured Reserve 2,ir2,Injured Reserve,ir,17.0,out,False,2026-03-12,,8475768.0
seattle-kraken,colorado-avalanche,Bobby McMann,Injured Reserve 3,ir3,Injured Reserve,ir,74.0,dtd,False,2026-03-12,,8482259.0
tampa-bay-lightning,detroit-red-wings,Maxwell Crozier,Injured Reserve 1,ir1,Injured Reserve,ir,24.0,ir,False,2026-03-12,,
tampa-bay-lightning,detroit-red-wings,Dominic James,Injured Reserve 2,ir2,Injured Reserve,ir,17.0,ir,False,2026-03-12,,8483752.0
tampa-bay-lightning,detroit-red-wings,Nick Paul,Injured Reserve 3,ir3,Injured Reserve,ir,20.0,ir,False,2026-03-12,,8477426.0
tampa-bay-lightning,detroit-red-wings,Darren Raddysh,Injured Reserve 4,ir4,Injured Reserve,ir,43.0,dtd,False,2026-03-12,,8478178.0
tampa-bay-lightning,detroit-red-wings,Erik Cernak,Injured Reserve 5,ir5,Injured Reserve,ir,81.0,dtd,False,2026-03-12,,8478416.0
toronto-maple-leafs,anaheim-ducks,Chris Tanev,Injured Reserve 1,ir1,Injured Reserve,ir,8.0,ir,False,2026-03-12,,8475690.0
toronto-maple-leafs,anaheim-ducks,Dakota Mermis,Injured Reserve 2,ir2,Injured Reserve,ir,36.0,ir,False,2026-03-12,,8477541.0
vancouver-canucks,nashville-predators,Thatcher Demko,Injured Reserve 1,ir1,Injured Reserve,ir,35.0,ir,False,2026-03-12,,
vancouver-canucks,nashville-predators,Derek Forbort,Injured Reserve 2,ir2,Injured Reserve,ir,27.0,ir,False,2026-03-12,,8475762.0
vancouver-canucks,nashville-predators,Pierre-Olivier Joseph,Injured Reserve 3,ir3,Injured Reserve,ir,7.0,ir,False,2026-03-12,,
vancouver-canucks,nashville-predators,Filip Chytil,Injured Reserve 4,ir4,Injured Reserve,ir,72.0,out,False,2026-03-12,,8480078.0
vancouver-canucks,nashville-predators,Evander Kane,Injured Reserve 5,ir5,Injured Reserve,ir,91.0,dtd,False,2026-03-12,,8475169.0
vegas-golden-knights,pittsburgh-penguins,Carter Hart,Injured Reserve 1,ir1,Injured Reserve,ir,79.0,ir,False,2026-03-12,,
vegas-golden-knights,pittsburgh-penguins,William Karlsson,Injured Reserve 2,ir2,Injured Reserve,ir,71.0,ir,False,2026-03-12,,8476448.0
vegas-golden-knights,pittsburgh-penguins,Alexander Holtz,Injured Reserve 3,ir3,Injured Reserve,ir,26.0,dtd,False,2026-03-12,,8482125.0
vegas-golden-knights,pittsburgh-penguins,Mark Stone,Injured Reserve 4,ir4,Injured Reserve,ir,61.0,dtd,False,2026-03-12,,8475913.0
washington-capitals,buffalo-sabres,Sonny Milano,Injured Reserve 1,ir1,Injured Reserve,ir,15.0,dtd,False,2026-03-12,,8477947.0
winnipeg-jets,new-york-rangers,Neal Pionk,Injured Reserve 1,ir1,Injured Reserve,ir,4.0,ir,False,2026-03-12,,8480145.0
winnipeg-jets,new-york-rangers,Colin Miller,Injured Reserve 2,ir2,Injured Reserve,ir,6.0,ir,False,2026-03-12,,8476525.0
winnipeg-jets,new-york-rangers,Nino Niederreiter,Injured Reserve 3,ir3,Injured Reserve,ir,62.0,out,False,2026-03-12,,8475799.0
winnipeg-jets,new-york-rangers,Vladislav Namestnikov,Injured Reserve 4,ir4,Injured Reserve,ir,7.0,out,False,2026-03-12,,8476480.0
edmonton-oilers,st-louis-blues,Mattias Janmark,Injured Reserve 1,ir1,Injured Reserve,ir,13.0,ir,False,2026-03-13,,8477406.0
edmonton-oilers,st-louis-blues,Curtis Lazar,Injured Reserve 2,ir2,Injured Reserve,ir,20.0,out,False,2026-03-13,,8477508.0
edmonton-oilers,st-louis-blues,Ty Emberson,Injured Reserve 3,ir3,Injured Reserve,ir,49.0,dtd,False,2026-03-13,,8480834.0
edmonton-oilers,st-louis-blues,Colton Dach,Injured Reserve 4,ir4,Injured Reserve,ir,34.0,dtd,False,2026-03-13,,8482703.0
los-angeles-kings,new-york-islanders,Kevin Fiala,Injured Reserve 1,ir1,Injured Reserve,ir,22.0,ir,False,2026-03-13,,8477942.0
los-angeles-kings,new-york-islanders,Andrei Kuzmenko,Injured Reserve 2,ir2,Injured Reserve,ir,96.0,out,False,2026-03-13,,8483808.0
los-angeles-kings,new-york-islanders,Joel Armia,Injured Reserve 3,ir3,Injured Reserve,ir,40.0,dtd,False,2026-03-13,,8476469.0
new-york-islanders,los-angeles-kings,Semyon Varlamov,Injured Reserve 1,ir1,Injured Reserve,ir,40.0,ir,False,2026-03-13,,
new-york-islanders,los-angeles-kings,Pierre Engvall,Injured Reserve 2,ir2,Injured Reserve,ir,18.0,ir,False,2026-03-13,,
new-york-islanders,los-angeles-kings,Alexander Romanov,Injured Reserve 3,ir3,Injured Reserve,ir,28.0,ir,False,2026-03-13,,8481014.0
new-york-islanders,los-angeles-kings,Kyle Palmieri,Injured Reserve 4,ir4,Injured Reserve,ir,21.0,ir,False,2026-03-13,,8475151.0
anaheim-ducks,ottawa-senators,Petr Mrazek,Injured Reserve 1,ir1,Injured Reserve,ir,34.0,ir,False,2026-03-14,,
anaheim-ducks,ottawa-senators,John Carlson,Injured Reserve 2,ir2,Injured Reserve,ir,74.0,dtd,False,2026-03-14,,8474590.0
anaheim-ducks,ottawa-senators,Troy Terry,Injured Reserve 3,ir3,Injured Reserve,ir,19.0,dtd,False,2026-03-14,,8478873.0
anaheim-ducks,ottawa-senators,Radko Gudas,Injured Reserve 4,ir4,Injured Reserve,ir,7.0,out,False,2026-03-14,,8475462.0
buffalo-sabres,toronto-maple-leafs,Conor Timmins,Injured Reserve 1,ir1,Injured Reserve,ir,21.0,ir,False,2026-03-14,,8479982.0
buffalo-sabres,toronto-maple-leafs,Jordan Greenway,Injured Reserve 2,ir2,Injured Reserve,ir,12.0,ir,False,2026-03-14,,8478413.0
buffalo-sabres,toronto-maple-leafs,Jiri Kulich,Injured Reserve 3,ir3,Injured Reserve,ir,20.0,ir,False,2026-03-14,,8483468.0
buffalo-sabres,toronto-maple-leafs,Justin Danforth,Injured Reserve 4,ir4,Injured Reserve,ir,15.0,ir,False,2026-03-14,,8479941.0
buffalo-sabres,toronto-maple-leafs,Alex Tuch,Injured Reserve 5,ir5,Injured Reserve,ir,89.0,dtd,False,2026-03-14,,8477949.0
buffalo-sabres,toronto-maple-leafs,Mattias Samuelsson,Injured Reserve 6,ir6,Injured Reserve,ir,23.0,dtd,False,2026-03-14,,8480807.0
buffalo-sabres,toronto-maple-leafs,Tanner Pearson,Injured Reserve 7,ir7,Injured Reserve,ir,70.0,dtd,False,2026-03-14,,8476871.0
calgary-flames,new-york-islanders,Jonathan Huberdeau,Injured Reserve 1,ir1,Injured Reserve,ir,10.0,ir,False,2026-03-14,,8476456.0
calgary-flames,new-york-islanders,Samuel Honzek,Injured Reserve 2,ir2,Injured Reserve,ir,29.0,ir,False,2026-03-14,,8484180.0
calgary-flames,new-york-islanders,Jake Bean,Injured Reserve 3,ir3,Injured Reserve,ir,24.0,ir,False,2026-03-14,,8479402.0
calgary-flames,new-york-islanders,Zach Whitecloud,Injured Reserve 4,ir4,Injured Reserve,ir,28.0,dtd,False,2026-03-14,,8480727.0
carolina-hurricanes,tampa-bay-lightning,Charles-Alexis Legault,Injured Reserve 1,ir1,Injured Reserve,ir,62.0,ir,False,2026-03-14,,
carolina-hurricanes,tampa-bay-lightning,Pyotr Kochetkov,Injured Reserve 2,ir2,Injured Reserve,ir,52.0,ir,False,2026-03-14,,
carolina-hurricanes,tampa-bay-lightning,Shayne Gostisbehere,Injured Reserve 3,ir3,Injured Reserve,ir,4.0,dtd,False,2026-03-14,,8476906.0
chicago-blackhawks,vegas-golden-knights,Oliver Moore,Injured Reserve 1,ir1,Injured Reserve,ir,11.0,dtd,False,2026-03-14,,8484197.0
colorado-avalanche,winnipeg-jets,Logan O'Connor,Injured Reserve 1,ir1,Injured Reserve,ir,25.0,out,False,2026-03-14,,
colorado-avalanche,winnipeg-jets,Artturi Lehkonen,Injured Reserve 2,ir2,Injured Reserve,ir,62.0,out,False,2026-03-14,,8477476.0
colorado-avalanche,winnipeg-jets,Gabriel Landeskog,Injured Reserve 3,ir3,Injured Reserve,ir,92.0,out,False,2026-03-14,,8476455.0
colorado-avalanche,winnipeg-jets,Ross Colton,Injured Reserve 4,ir4,Injured Reserve,ir,20.0,dtd,False,2026-03-14,,8479525.0
columbus-blue-jackets,philadelphia-flyers,Brendan Smith,Injured Reserve 1,ir1,Injured Reserve,ir,2.0,ir,False,2026-03-14,,
columbus-blue-jackets,philadelphia-flyers,Erik Gudbranson,Injured Reserve 2,ir2,Injured Reserve,ir,44.0,dtd,False,2026-03-14,,8475790.0
dallas-stars,detroit-red-wings,Tyler Seguin,Injured Reserve 1,ir1,Injured Reserve,ir,91.0,ir,False,2026-03-14,,8475794.0
dallas-stars,detroit-red-wings,Radek Faksa,Injured Reserve 2,ir2,Injured Reserve,ir,12.0,ir,False,2026-03-14,,8476889.0
dallas-stars,detroit-red-wings,Mikko Rantanen,Injured Reserve 3,ir3,Injured Reserve,ir,96.0,ir,False,2026-03-14,,8478420.0
dallas-stars,detroit-red-wings,Roope Hintz,Injured Reserve 4,ir4,Injured Reserve,ir,24.0,out,False,2026-03-14,,8478449.0
detroit-red-wings,dallas-stars,David Perron,Injured Reserve 1,ir1,Injured Reserve,ir,57.0,ir,False,2026-03-14,,8474102.0
detroit-red-wings,dallas-stars,Dylan Larkin,Injured Reserve 2,ir2,Injured Reserve,ir,71.0,out,False,2026-03-14,,8477946.0
detroit-red-wings,dallas-stars,Andrew Copp,Injured Reserve 3,ir3,Injured Reserve,ir,18.0,out,False,2026-03-14,,8477429.0
los-angeles-kings,new-jersey-devils,Kevin Fiala,Injured Reserve 1,ir1,Injured Reserve,ir,22.0,ir,False,2026-03-14,,8477942.0
los-angeles-kings,new-jersey-devils,Andrei Kuzmenko,Injured Reserve 2,ir2,Injured Reserve,ir,96.0,out,False,2026-03-14,,8483808.0
los-angeles-kings,new-jersey-devils,Joel Armia,Injured Reserve 3,ir3,Injured Reserve,ir,40.0,dtd,False,2026-03-14,,8476469.0
minnesota-wild,new-york-rangers,Marcus Foligno,Injured Reserve 1,ir1,Injured Reserve,ir,17.0,ir,False,2026-03-14,,8475220.0
minnesota-wild,new-york-rangers,Bobby Brink,Injured Reserve 2,ir2,Injured Reserve,ir,10.0,dtd,False,2026-03-14,,8481553.0
montreal-canadiens,san-jose-sharks,Patrik Laine,Injured Reserve 1,ir1,Injured Reserve,ir,92.0,ir,False,2026-03-14,,8479339.0
montreal-canadiens,san-jose-sharks,David Reinbacher,Injured Reserve 2,ir2,Injured Reserve,ir,64.0,out,False,2026-03-14,,
montreal-canadiens,san-jose-sharks,Joe Veleno,Injured Reserve 3,ir3,Injured Reserve,ir,90.0,dtd,False,2026-03-14,,8480813.0
montreal-canadiens,san-jose-sharks,Cole Caufield,Injured Reserve 4,ir4,Injured Reserve,ir,13.0,dtd,False,2026-03-14,,8481540.0
new-jersey-devils,los-angeles-kings,Zack MacEwen,Injured Reserve 1,ir1,Injured Reserve,ir,,ir,False,2026-03-14,,8479772.0
new-jersey-devils,los-angeles-kings,Stefan Noesen,Injured Reserve 2,ir2,Injured Reserve,ir,11.0,ir,False,2026-03-14,,8476474.0
new-jersey-devils,los-angeles-kings,Brett Pesce,Injured Reserve 3,ir3,Injured Reserve,ir,22.0,dtd,False,2026-03-14,,8477488.0
new-york-islanders,calgary-flames,Semyon Varlamov,Injured Reserve 1,ir1,Injured Reserve,ir,40.0,ir,False,2026-03-14,,
new-york-islanders,calgary-flames,Pierre Engvall,Injured Reserve 2,ir2,Injured Reserve,ir,18.0,ir,False,2026-03-14,,
new-york-islanders,calgary-flames,Alexander Romanov,Injured Reserve 3,ir3,Injured Reserve,ir,28.0,ir,False,2026-03-14,,8481014.0
new-york-islanders,calgary-flames,Kyle Palmieri,Injured Reserve 4,ir4,Injured Reserve,ir,21.0,ir,False,2026-03-14,,8475151.0
new-york-rangers,minnesota-wild,J.T. Miller,Injured Reserve 1,ir1,Injured Reserve,ir,9.0,ir,False,2026-03-14,,8476468.0
new-york-rangers,minnesota-wild,Matt Rempe,Injured Reserve 2,ir2,Injured Reserve,ir,73.0,ir,False,2026-03-14,,8482460.0
ottawa-senators,anaheim-ducks,Jake Sanderson,Injured Reserve 1,ir1,Injured Reserve,ir,85.0,out,False,2026-03-14,,8482105.0
ottawa-senators,anaheim-ducks,Nick Jensen,Injured Reserve 2,ir2,Injured Reserve,ir,3.0,dtd,False,2026-03-14,,8475324.0
philadelphia-flyers,columbus-blue-jackets,Tyson Foerster,Injured Reserve 1,ir1,Injured Reserve,ir,71.0,ir,False,2026-03-14,,8482159.0
philadelphia-flyers,columbus-blue-jackets,Rodrigo Abols,Injured Reserve 2,ir2,Injured Reserve,ir,18.0,ir,False,2026-03-14,,8479022.0
pittsburgh-penguins,utah-hockey-club,Sidney Crosby,Injured Reserve 1,ir1,Injured Reserve,ir,87.0,ir,False,2026-03-14,,8471675.0
pittsburgh-penguins,utah-hockey-club,Filip Hallander,Injured Reserve 2,ir2,Injured Reserve,ir,11.0,ir,False,2026-03-14,,8480842.0
pittsburgh-penguins,utah-hockey-club,Joel Blomqvist,Injured Reserve 3,ir3,Injured Reserve,ir,30.0,ir,False,2026-03-14,,
pittsburgh-penguins,utah-hockey-club,Ryan Graves,Injured Reserve 4,ir4,Injured Reserve,ir,27.0,ir,False,2026-03-14,,8477435.0
pittsburgh-penguins,utah-hockey-club,Jack St. Ivany,Injured Reserve 5,ir5,Injured Reserve,ir,,ir,False,2026-03-14,,
pittsburgh-penguins,utah-hockey-club,Evgeni Malkin,Injured Reserve 6,ir6,Injured Reserve,ir,71.0,out,False,2026-03-14,,8471215.0
pittsburgh-penguins,utah-hockey-club,Justin Brazeau,Injured Reserve 7,ir7,Injured Reserve,ir,15.0,out,False,2026-03-14,,8479638.0
pittsburgh-penguins,utah-hockey-club,Samuel Girard,Injured Reserve 8,ir8,Injured Reserve,ir,49.0,dtd,False,2026-03-14,,8479398.0
san-jose-sharks,montreal-canadiens,Ty Dellandrea,Injured Reserve 1,ir1,Injured Reserve,ir,10.0,ir,False,2026-03-14,,8480848.0
san-jose-sharks,montreal-canadiens,Yaroslav Askarov,Injured Reserve 2,ir2,Injured Reserve,ir,30.0,dtd,False,2026-03-14,,
seattle-kraken,vancouver-canucks,Frederick Gaudreau,Injured Reserve 1,ir1,Injured Reserve,ir,89.0,dtd,False,2026-03-14,,8477919.0
seattle-kraken,vancouver-canucks,Jaden Schwartz,Injured Reserve 2,ir2,Injured Reserve,ir,17.0,out,False,2026-03-14,,8475768.0
seattle-kraken,vancouver-canucks,Bobby McMann,Injured Reserve 3,ir3,Injured Reserve,ir,74.0,dtd,False,2026-03-14,,8482259.0
tampa-bay-lightning,carolina-hurricanes,Maxwell Crozier,Injured Reserve 1,ir1,Injured Reserve,ir,24.0,ir,False,2026-03-14,,
tampa-bay-lightning,carolina-hurricanes,Dominic James,Injured Reserve 2,ir2,Injured Reserve,ir,17.0,ir,False,2026-03-14,,8483752.0
tampa-bay-lightning,carolina-hurricanes,Nick Paul,Injured Reserve 3,ir3,Injured Reserve,ir,20.0,ir,False,2026-03-14,,8477426.0
tampa-bay-lightning,carolina-hurricanes,Erik Cernak,Injured Reserve 4,ir4,Injured Reserve,ir,81.0,dtd,False,2026-03-14,,8478416.0
toronto-maple-leafs,buffalo-sabres,Chris Tanev,Injured Reserve 1,ir1,Injured Reserve,ir,8.0,ir,False,2026-03-14,,8475690.0
toronto-maple-leafs,buffalo-sabres,Dakota Mermis,Injured Reserve 2,ir2,Injured Reserve,ir,36.0,ir,False,2026-03-14,,8477541.0
toronto-maple-leafs,buffalo-sabres,Auston Matthews,Injured Reserve 3,ir3,Injured Reserve,ir,34.0,out,False,2026-03-14,,8479318.0
vancouver-canucks,seattle-kraken,Thatcher Demko,Injured Reserve 1,ir1,Injured Reserve,ir,35.0,ir,False,2026-03-14,,
vancouver-canucks,seattle-kraken,Derek Forbort,Injured Reserve 2,ir2,Injured Reserve,ir,27.0,ir,False,2026-03-14,,8475762.0
vancouver-canucks,seattle-kraken,Pierre-Olivier Joseph,Injured Reserve 3,ir3,Injured Reserve,ir,7.0,ir,False,2026-03-14,,
vancouver-canucks,seattle-kraken,Filip Chytil,Injured Reserve 4,ir4,Injured Reserve,ir,72.0,out,False,2026-03-14,,8480078.0
vancouver-canucks,seattle-kraken,Evander Kane,Injured Reserve 5,ir5,Injured Reserve,ir,91.0,dtd,False,2026-03-14,,8475169.0
vegas-golden-knights,chicago-blackhawks,Carter Hart,Injured Reserve 1,ir1,Injured Reserve,ir,79.0,ir,False,2026-03-14,,
vegas-golden-knights,chicago-blackhawks,William Karlsson,Injured Reserve 2,ir2,Injured Reserve,ir,71.0,ir,False,2026-03-14,,8476448.0
vegas-golden-knights,chicago-blackhawks,Alexander Holtz,Injured Reserve 3,ir3,Injured Reserve,ir,26.0,dtd,False,2026-03-14,,8482125.0
washington-capitals,boston-bruins,Sonny Milano,Injured Reserve 1,ir1,Injured Reserve,ir,15.0,dtd,False,2026-03-14,,8477947.0
winnipeg-jets,colorado-avalanche,Neal Pionk,Injured Reserve 1,ir1,Injured Reserve,ir,4.0,ir,False,2026-03-14,,8480145.0
winnipeg-jets,colorado-avalanche,Colin Miller,Injured Reserve 2,ir2,Injured Reserve,ir,6.0,ir,False,2026-03-14,,8476525.0
winnipeg-jets,colorado-avalanche,Nino Niederreiter,Injured Reserve 3,ir3,Injured Reserve,ir,62.0,out,False,2026-03-14,,8475799.0
winnipeg-jets,colorado-avalanche,Vladislav Namestnikov,Injured Reserve 4,ir4,Injured Reserve,ir,7.0,out,False,2026-03-14,,8476480.0
anaheim-ducks,montreal-canadiens,Petr Mrazek,Injured Reserve 1,ir1,Injured Reserve,ir,34.0,ir,False,2026-03-15,,
anaheim-ducks,montreal-canadiens,John Carlson,Injured Reserve 2,ir2,Injured Reserve,ir,74.0,dtd,False,2026-03-15,,8474590.0
anaheim-ducks,montreal-canadiens,Troy Terry,Injured Reserve 3,ir3,Injured Reserve,ir,19.0,dtd,False,2026-03-15,,8478873.0
anaheim-ducks,montreal-canadiens,Radko Gudas,Injured Reserve 4,ir4,Injured Reserve,ir,7.0,out,False,2026-03-15,,8475462.0
edmonton-oilers,nashville-predators,Mattias Janmark,Injured Reserve 1,ir1,Injured Reserve,ir,13.0,ir,False,2026-03-15,,8477406.0
edmonton-oilers,nashville-predators,Colton Dach,Injured Reserve 2,ir2,Injured Reserve,ir,34.0,ir,False,2026-03-15,,8482703.0
edmonton-oilers,nashville-predators,Curtis Lazar,Injured Reserve 3,ir3,Injured Reserve,ir,20.0,out,False,2026-03-15,,8477508.0
edmonton-oilers,nashville-predators,Ty Emberson,Injured Reserve 4,ir4,Injured Reserve,ir,49.0,dtd,False,2026-03-15,,8480834.0
florida-panthers,seattle-kraken,Aleksander Barkov,Injured Reserve 1,ir1,Injured Reserve,ir,16.0,ir,False,2026-03-15,,
florida-panthers,seattle-kraken,Cole Schwindt,Injured Reserve 2,ir2,Injured Reserve,ir,79.0,ir,False,2026-03-15,,8481655.0
florida-panthers,seattle-kraken,Jonah Gadjovich,Injured Reserve 3,ir3,Injured Reserve,ir,12.0,ir,False,2026-03-15,,8479981.0
florida-panthers,seattle-kraken,Seth Jones,Injured Reserve 4,ir4,Injured Reserve,ir,3.0,ir,False,2026-03-15,,8477495.0
florida-panthers,seattle-kraken,Brad Marchand,Injured Reserve 5,ir5,Injured Reserve,ir,63.0,dtd,False,2026-03-15,,8473419.0
florida-panthers,seattle-kraken,Sam Bennett,Injured Reserve 6,ir6,Injured Reserve,ir,9.0,dtd,False,2026-03-15,,8477935.0
florida-panthers,seattle-kraken,Sam Reinhart,Injured Reserve 7,ir7,Injured Reserve,ir,13.0,dtd,False,2026-03-15,,8477933.0
minnesota-wild,toronto-maple-leafs,Marcus Foligno,Injured Reserve 1,ir1,Injured Reserve,ir,17.0,ir,False,2026-03-15,,8475220.0
minnesota-wild,toronto-maple-leafs,Bobby Brink,Injured Reserve 2,ir2,Injured Reserve,ir,10.0,dtd,False,2026-03-15,,8481553.0
montreal-canadiens,anaheim-ducks,Patrik Laine,Injured Reserve 1,ir1,Injured Reserve,ir,92.0,ir,False,2026-03-15,,8479339.0
montreal-canadiens,anaheim-ducks,David Reinbacher,Injured Reserve 2,ir2,Injured Reserve,ir,64.0,out,False,2026-03-15,,
montreal-canadiens,anaheim-ducks,Joe Veleno,Injured Reserve 3,ir3,Injured Reserve,ir,90.0,dtd,False,2026-03-15,,8480813.0
nashville-predators,edmonton-oilers,Adam Wilsby,Injured Reserve 1,ir1,Injured Reserve,ir,83.0,dtd,False,2026-03-15,,8482482.0
ottawa-senators,san-jose-sharks,Jake Sanderson,Injured Reserve 1,ir1,Injured Reserve,ir,85.0,out,False,2026-03-15,,8482105.0
ottawa-senators,san-jose-sharks,Nick Jensen,Injured Reserve 2,ir2,Injured Reserve,ir,3.0,dtd,False,2026-03-15,,8475324.0
san-jose-sharks,ottawa-senators,Ty Dellandrea,Injured Reserve 1,ir1,Injured Reserve,ir,10.0,ir,False,2026-03-15,,8480848.0
san-jose-sharks,ottawa-senators,Yaroslav Askarov,Injured Reserve 2,ir2,Injured Reserve,ir,30.0,dtd,False,2026-03-15,,
san-jose-sharks,ottawa-senators,Igor Chernyshov,Injured Reserve 3,ir3,Injured Reserve,ir,92.0,dtd,False,2026-03-15,,
seattle-kraken,florida-panthers,Jaden Schwartz,Injured Reserve 1,ir1,Injured Reserve,ir,17.0,out,False,2026-03-15,,8475768.0
toronto-maple-leafs,minnesota-wild,Chris Tanev,Injured Reserve 1,ir1,Injured Reserve,ir,8.0,ir,False,2026-03-15,,8475690.0
toronto-maple-leafs,minnesota-wild,Dakota Mermis,Injured Reserve 2,ir2,Injured Reserve,ir,36.0,ir,False,2026-03-15,,8477541.0
toronto-maple-leafs,minnesota-wild,Auston Matthews,Injured Reserve 3,ir3,Injured Reserve,ir,34.0,out,False,2026-03-15,,8479318.0
winnipeg-jets,st-louis-blues,Neal Pionk,Injured Reserve 1,ir1,Injured Reserve,ir,4.0,ir,False,2026-03-15,,8480145.0
winnipeg-jets,st-louis-blues,Colin Miller,Injured Reserve 2,ir2,Injured Reserve,ir,6.0,ir,False,2026-03-15,,8476525.0
winnipeg-jets,st-louis-blues,Nino Niederreiter,Injured Reserve 3,ir3,Injured Reserve,ir,62.0,out,False,2026-03-15,,8475799.0
winnipeg-jets,st-louis-blues,Vladislav Namestnikov,Injured Reserve 4,ir4,Injured Reserve,ir,7.0,out,False,2026-03-15,,8476480.0
